[clean-host] extension: /c/dev/SillyTavern-MainBranch/public/scripts/extensions/third-party/story-orchestrator
[clean-host] log: /c/dev/SillyTavern-MainBranch/public/scripts/extensions/third-party/story-orchestrator/docs/release/clean-host/20260922T091723Z.log
== clone ==
[clean-host] SillyTavern 06bde939fb1e9c4c8d8641d810f0a916b5bce127 (release)
[clean-host] SillyTavern 06bde939fb1e9c4c8d8641d810f0a916b5bce127 (release)
[clean-host] == copy extension ==
[clean-host] == npm ci ==
npm warn deprecated whatwg-encoding@3.1.1: Use @exodus/bytes instead for a more spec-conformant and faster implementation
npm warn deprecated jest-process-manager@0.4.0: ⚠️ The 'jest-process-manager' package is deprecated. Please migrate to Playwright's built-in test runner (@playwright/test) which now includes full Jest-style features and parallel testing. See https://playwright.dev/docs/intro for details.
npm warn deprecated @humanwhocodes/config-array@0.13.0: Use @eslint/config-array instead
npm warn deprecated @humanwhocodes/object-schema@2.0.3: Use @eslint/object-schema instead
npm warn deprecated @babel/plugin-proposal-private-property-in-object@7.21.11: This proposal has been merged to the ECMAScript standard and thus this plugin is no longer maintained. Please use @babel/plugin-transform-private-property-in-object instead.
npm warn deprecated expect-playwright@0.8.0: ⚠️ The 'expect-playwright' package is deprecated. The Playwright core assertions (via @playwright/test) now cover the same functionality. Please migrate to built-in expect. See https://playwright.dev/docs/test-assertions for migration.
npm warn deprecated whatwg-encoding@2.0.0: Use @exodus/bytes instead for a more spec-conformant and faster implementation
npm warn deprecated jest-playwright-preset@4.0.0: ⚠️ The 'jest-playwright-preset' package is deprecated. Please migrate to Playwright's built-in test runner (@playwright/test) which now includes full Jest-style features and parallel testing. See https://playwright.dev/docs/intro for details.
npm warn deprecated uuid@8.3.2: uuid@10 and below is no longer supported.  For ESM codebases, update to uuid@latest.  For CommonJS codebases, use uuid@11 (but be aware this version will likely be deprecated in 2028).
npm warn deprecated uuid@8.3.2: uuid@10 and below is no longer supported.  For ESM codebases, update to uuid@latest.  For CommonJS codebases, use uuid@11 (but be aware this version will likely be deprecated in 2028).
npm warn deprecated uuid@8.3.2: uuid@10 and below is no longer supported.  For ESM codebases, update to uuid@latest.  For CommonJS codebases, use uuid@11 (but be aware this version will likely be deprecated in 2028).
npm warn deprecated glob@10.5.0: Old versions of glob are not supported, and contain widely publicized security vulnerabilities, which have been fixed in the current version. Please update. Support for old versions may be purchased (at exorbitant rates) by contacting i@izs.me
npm warn deprecated glob@10.5.0: Old versions of glob are not supported, and contain widely publicized security vulnerabilities, which have been fixed in the current version. Please update. Support for old versions may be purchased (at exorbitant rates) by contacting i@izs.me
npm warn deprecated glob@10.5.0: Old versions of glob are not supported, and contain widely publicized security vulnerabilities, which have been fixed in the current version. Please update. Support for old versions may be purchased (at exorbitant rates) by contacting i@izs.me
npm warn deprecated eslint@8.57.1: This version is no longer supported. Please see https://eslint.org/version-support for other options.

added 1400 packages in 29s
npm notice
npm notice New major version of npm available! 10.9.4 -> 12.0.2
npm notice Changelog: https://github.com/npm/cli/releases/tag/v12.0.2
npm notice To update run: npm install -g npm@12.0.2
npm notice
[clean-host] npm ci OK
[clean-host] == typecheck ==

> story-orchestrator@2.3.0 typecheck
> tsc --noEmit

[clean-host] typecheck OK
[clean-host] == lint ==

> story-orchestrator@2.3.0 lint
> eslint src/index.tsx src/engine src/extraction src/runtime src/pacing src/generation src/services src/utils src/constants src/memory src/studio src/copilot src/talk src/wizard src/stagecraft src/judge src/components --ext .ts,.tsx --ignore-pattern "src/**/*.test.ts"

[clean-host] lint OK
[clean-host] == test ==

> story-orchestrator@2.3.0 test
> jest --runInBand

PASS src/runtime/runtimeManager.test.ts (8.238 s)
  ● Console

    console.warn
      [Story Orchestrator] blob-chat-mismatch: chat_metadata holds state stamped for chat chat-a while chat-b is open; treating this chat as having no story selected

    [0m [90m 48 |[39m   }
     [90m 49 |[39m   [36mif[39m (current) {
    [31m[1m>[22m[39m[90m 50 |[39m     console[33m.[39mwarn([32m`[Story Orchestrator] blob-chat-mismatch: chat_metadata holds state stamped for chat ${String(current.chatId)} while ${String(openChatId())} is open; treating this chat as having no story selected`[39m)[33m;[39m
     [90m    |[39m             [31m[1m^[22m[39m
     [90m 51 |[39m   }
     [90m 52 |[39m   [36mconst[39m blob [33m=[39m createBlob()[33m;[39m
     [90m 53 |[39m   metadata[[33mMETADATA_KEY[39m] [33m=[39m blob[33m;[39m[0m

      at getMetadataBlob (src/runtime/persistence.ts:50:13)
      at loadPersistedRuntime (src/runtime/persistence.ts:68:10)
      at selectStory (src/runtime/storySelection.ts:61:41)
      at RuntimeManager.selectStory (src/runtime/runtimeManager.ts:241:103)
      at Object.<anonymous> (src/runtime/runtimeManager.test.ts:1147:19)

    console.warn
      [Story Orchestrator] blob-chat-mismatch: chat_metadata holds state stamped for chat chat-a while chat-b is open; treating this chat as having no story selected

    [0m [90m 48 |[39m   }
     [90m 49 |[39m   [36mif[39m (current) {
    [31m[1m>[22m[39m[90m 50 |[39m     console[33m.[39mwarn([32m`[Story Orchestrator] blob-chat-mismatch: chat_metadata holds state stamped for chat ${String(current.chatId)} while ${String(openChatId())} is open; treating this chat as having no story selected`[39m)[33m;[39m
     [90m    |[39m             [31m[1m^[22m[39m
     [90m 51 |[39m   }
     [90m 52 |[39m   [36mconst[39m blob [33m=[39m createBlob()[33m;[39m
     [90m 53 |[39m   metadata[[33mMETADATA_KEY[39m] [33m=[39m blob[33m;[39m[0m

      at getMetadataBlob (src/runtime/persistence.ts:50:13)
      at getSelectedStoryId (src/runtime/persistence.ts:58:10)
      at loadSelectedStory (src/runtime/storySelection.ts:32:32)
      at RuntimeManager.loadSelectedFromChat (src/runtime/runtimeManager.ts:238:61)
      at Object.<anonymous> (src/runtime/runtimeManager.test.ts:1157:19)

PASS src/runtime/coordinators/stagecraftCoordinator.test.ts
PASS src/runtime/stagecraftCoordinator.test.ts
PASS src/judge/judge.test.ts
PASS src/engine/engine.test.ts
PASS src/extraction/extraction.test.ts
PASS src/engine/storyDiff.test.ts
PASS src/runtime/coordinators/memoryOwnership.review.test.ts
PASS src/runtime/coordinators/stagecraftCoordinator.review.test.ts
PASS src/runtime/talkControl.test.ts
PASS src/runtime/coordinators/extractionOwnership.review.test.ts
PASS src/memory/provenance.test.ts
PASS src/runtime/storyUpdate.test.ts
PASS src/runtime/memoryQueue.test.ts
PASS src/runtime/effectsApplier.test.ts
PASS src/wizard/provisioning.test.ts
PASS src/runtime/storyIdentity.test.ts
PASS src/judge/extraction.test.ts
PASS src/stagecraft/stagecraft.test.ts
PASS src/copilot/parse.test.ts
PASS src/studio/diagnostics.test.ts
PASS src/services/stHost/worldInfo.test.ts
PASS src/memory/rollbackReplay.property.test.ts
PASS src/runtime/judgeExtraction.test.ts
PASS src/runtime/memoryMirror.test.ts
PASS src/runtime/effectsOwnership.review.test.ts
PASS src/runtime/judgeMemory.test.ts
  ● Console

    console.warn
      [Story memory] vector consolidation unavailable, using keyword overlap Error: no vectors in jest
          at C:\Users\RolaPorElNapo\AppData\Local\Temp\tmp.IYYsDX5cJ9\SillyTavern\public\scripts\extensions\third-party\story-orchestrator\src\runtime\judgeMemory.test.ts:36:45
          at C:\Users\RolaPorElNapo\AppData\Local\Temp\tmp.IYYsDX5cJ9\SillyTavern\public\scripts\extensions\third-party\story-orchestrator\node_modules\jest-mock\build\index.js:305:39
          at C:\Users\RolaPorElNapo\AppData\Local\Temp\tmp.IYYsDX5cJ9\SillyTavern\public\scripts\extensions\third-party\story-orchestrator\node_modules\jest-mock\build\index.js:312:13
          at mockConstructor (C:\Users\RolaPorElNapo\AppData\Local\Temp\tmp.IYYsDX5cJ9\SillyTavern\public\scripts\extensions\third-party\story-orchestrator\node_modules\jest-mock\build\index.js:102:19)
          at buildMatchSets (C:\Users\RolaPorElNapo\AppData\Local\Temp\tmp.IYYsDX5cJ9\SillyTavern\public\scripts\extensions\third-party\story-orchestrator\src\runtime\consolidationMatches.ts:15:23)
          at MemoryCoordinator.runConsolidation (C:\Users\RolaPorElNapo\AppData\Local\Temp\tmp.IYYsDX5cJ9\SillyTavern\public\scripts\extensions\third-party\story-orchestrator\src\runtime\coordinators\memoryCoordinator.ts:532:25)

    [0m [90m 36 |[39m     [36mreturn[39m { dup[33m,[39m sameTopic }[33m;[39m
     [90m 37 |[39m   } [36mcatch[39m (error) {
    [31m[1m>[22m[39m[90m 38 |[39m     console[33m.[39mwarn([32m"[Story memory] vector consolidation unavailable, using keyword overlap"[39m[33m,[39m error)[33m;[39m
     [90m    |[39m             [31m[1m^[22m[39m
     [90m 39 |[39m     [36mreturn[39m buildJaccardMatchSets(group[33m,[39m thresholds)[33m;[39m
     [90m 40 |[39m   } [36mfinally[39m {
     [90m 41 |[39m     [36mtry[39m {[0m

      at buildMatchSets (src/runtime/consolidationMatches.ts:38:13)
      at MemoryCoordinator.runConsolidation (src/runtime/coordinators/memoryCoordinator.ts:532:25)
      at Object.<anonymous> (src/runtime/judgeMemory.test.ts:174:5)

    console.warn
      [Story memory] vector consolidation unavailable, using keyword overlap Error: no vectors in jest
          at C:\Users\RolaPorElNapo\AppData\Local\Temp\tmp.IYYsDX5cJ9\SillyTavern\public\scripts\extensions\third-party\story-orchestrator\src\runtime\judgeMemory.test.ts:36:45
          at C:\Users\RolaPorElNapo\AppData\Local\Temp\tmp.IYYsDX5cJ9\SillyTavern\public\scripts\extensions\third-party\story-orchestrator\node_modules\jest-mock\build\index.js:305:39
          at C:\Users\RolaPorElNapo\AppData\Local\Temp\tmp.IYYsDX5cJ9\SillyTavern\public\scripts\extensions\third-party\story-orchestrator\node_modules\jest-mock\build\index.js:312:13
          at mockConstructor (C:\Users\RolaPorElNapo\AppData\Local\Temp\tmp.IYYsDX5cJ9\SillyTavern\public\scripts\extensions\third-party\story-orchestrator\node_modules\jest-mock\build\index.js:102:19)
          at buildMatchSets (C:\Users\RolaPorElNapo\AppData\Local\Temp\tmp.IYYsDX5cJ9\SillyTavern\public\scripts\extensions\third-party\story-orchestrator\src\runtime\consolidationMatches.ts:15:23)
          at MemoryCoordinator.runConsolidation (C:\Users\RolaPorElNapo\AppData\Local\Temp\tmp.IYYsDX5cJ9\SillyTavern\public\scripts\extensions\third-party\story-orchestrator\src\runtime\coordinators\memoryCoordinator.ts:532:25)

    [0m [90m 36 |[39m     [36mreturn[39m { dup[33m,[39m sameTopic }[33m;[39m
     [90m 37 |[39m   } [36mcatch[39m (error) {
    [31m[1m>[22m[39m[90m 38 |[39m     console[33m.[39mwarn([32m"[Story memory] vector consolidation unavailable, using keyword overlap"[39m[33m,[39m error)[33m;[39m
     [90m    |[39m             [31m[1m^[22m[39m
     [90m 39 |[39m     [36mreturn[39m buildJaccardMatchSets(group[33m,[39m thresholds)[33m;[39m
     [90m 40 |[39m   } [36mfinally[39m {
     [90m 41 |[39m     [36mtry[39m {[0m

      at buildMatchSets (src/runtime/consolidationMatches.ts:38:13)
      at MemoryCoordinator.runConsolidation (src/runtime/coordinators/memoryCoordinator.ts:532:25)
      at Object.<anonymous> (src/runtime/judgeMemory.test.ts:181:21)

    console.warn
      [Story memory] vector consolidation unavailable, using keyword overlap Error: no vectors in jest
          at C:\Users\RolaPorElNapo\AppData\Local\Temp\tmp.IYYsDX5cJ9\SillyTavern\public\scripts\extensions\third-party\story-orchestrator\src\runtime\judgeMemory.test.ts:36:45
          at C:\Users\RolaPorElNapo\AppData\Local\Temp\tmp.IYYsDX5cJ9\SillyTavern\public\scripts\extensions\third-party\story-orchestrator\node_modules\jest-mock\build\index.js:305:39
          at C:\Users\RolaPorElNapo\AppData\Local\Temp\tmp.IYYsDX5cJ9\SillyTavern\public\scripts\extensions\third-party\story-orchestrator\node_modules\jest-mock\build\index.js:312:13
          at mockConstructor (C:\Users\RolaPorElNapo\AppData\Local\Temp\tmp.IYYsDX5cJ9\SillyTavern\public\scripts\extensions\third-party\story-orchestrator\node_modules\jest-mock\build\index.js:102:19)
          at buildMatchSets (C:\Users\RolaPorElNapo\AppData\Local\Temp\tmp.IYYsDX5cJ9\SillyTavern\public\scripts\extensions\third-party\story-orchestrator\src\runtime\consolidationMatches.ts:15:23)
          at MemoryCoordinator.runConsolidation (C:\Users\RolaPorElNapo\AppData\Local\Temp\tmp.IYYsDX5cJ9\SillyTavern\public\scripts\extensions\third-party\story-orchestrator\src\runtime\coordinators\memoryCoordinator.ts:533:32)
          at Object.<anonymous> (C:\Users\RolaPorElNapo\AppData\Local\Temp\tmp.IYYsDX5cJ9\SillyTavern\public\scripts\extensions\third-party\story-orchestrator\src\runtime\judgeMemory.test.ts:181:21)

    [0m [90m 36 |[39m     [36mreturn[39m { dup[33m,[39m sameTopic }[33m;[39m
     [90m 37 |[39m   } [36mcatch[39m (error) {
    [31m[1m>[22m[39m[90m 38 |[39m     console[33m.[39mwarn([32m"[Story memory] vector consolidation unavailable, using keyword overlap"[39m[33m,[39m error)[33m;[39m
     [90m    |[39m             [31m[1m^[22m[39m
     [90m 39 |[39m     [36mreturn[39m buildJaccardMatchSets(group[33m,[39m thresholds)[33m;[39m
     [90m 40 |[39m   } [36mfinally[39m {
     [90m 41 |[39m     [36mtry[39m {[0m

      at buildMatchSets (src/runtime/consolidationMatches.ts:38:13)
      at MemoryCoordinator.runConsolidation (src/runtime/coordinators/memoryCoordinator.ts:533:32)
      at Object.<anonymous> (src/runtime/judgeMemory.test.ts:181:21)

PASS src/generation/generation.test.ts
PASS src/memory/reversal.review.test.ts
PASS src/talk/talk.test.ts
PASS src/copilot/proposal.test.ts
PASS src/runtime/c1Surfaces.review.test.ts
PASS src/runtime/journal.test.ts
PASS src/runtime/lifecycleDispose.review.test.ts
PASS src/memory/consolidate.test.ts
PASS src/runtime/turnBridge.test.ts
PASS src/runtime/selfTest.test.ts
PASS src/generation/fork.property.test.ts
PASS src/memory/arcs.test.ts
PASS src/memory/epistemic.test.ts
PASS src/runtime/talkOwnership.review.test.ts
PASS src/runtime/sceneCoordinator.test.ts
PASS src/runtime/coordinators/sceneFreshness.review.test.ts
PASS src/memory/derived.test.ts
PASS src/engine/engine.review.test.ts
PASS src/generation/convergence.test.ts
PASS src/pacing/pacing.test.ts
PASS src/runtime/ownership.guard.test.ts
PASS src/generation/fork.review.test.ts
PASS src/judge/lore.test.ts
PASS src/runtime/turnBridge.review.test.ts
PASS src/extraction/schedulerClear.review.test.ts
PASS src/runtime/persistOwnership.review.test.ts
PASS src/judge/scene.test.ts
PASS src/studio/mutations.test.ts
PASS src/extraction/authority.review.test.ts
PASS src/runtime/judgeOwnership.review.test.ts
PASS src/judge/curators.test.ts
PASS src/runtime/architecture.test.ts
PASS src/runtime/effectLedger.test.ts
PASS src/services/stHost/capabilities.test.ts
PASS src/extraction/scheduler.test.ts
PASS src/memory/ledger.test.ts
PASS src/runtime/expansionLookahead.test.ts
PASS src/generation/judgedExpansion.test.ts
PASS src/runtime/judge.test.ts
PASS src/runtime/runToken.test.ts
PASS src/runtime/loreSelect.test.ts
PASS src/services/stHost/typedResults.test.ts
PASS src/runtime/boundaryWork.test.ts
  ● Console

    console.warn
      [Story Orchestrator] boundary work 'expansion-commit' failed TypeError: Cannot read properties of undefined (reading 'commitValidated')
          at Object.run (C:\Users\RolaPorElNapo\AppData\Local\Temp\tmp.IYYsDX5cJ9\SillyTavern\public\scripts\extensions\third-party\story-orchestrator\src\runtime\boundaryWork.ts:80:26)
          at runBoundaryWork (C:\Users\RolaPorElNapo\AppData\Local\Temp\tmp.IYYsDX5cJ9\SillyTavern\public\scripts\extensions\third-party\story-orchestrator\src\runtime\boundaryWork.ts:152:12)
          at Object.<anonymous> (C:\Users\RolaPorElNapo\AppData\Local\Temp\tmp.IYYsDX5cJ9\SillyTavern\public\scripts\extensions\third-party\story-orchestrator\src\runtime\boundaryWork.test.ts:55:20)
          at Promise.finally.completed (C:\Users\RolaPorElNapo\AppData\Local\Temp\tmp.IYYsDX5cJ9\SillyTavern\public\scripts\extensions\third-party\story-orchestrator\node_modules\jest-circus\build\jestAdapterInit.js:1557:28)
          at new Promise (<anonymous>)
          at callAsyncCircusFn (C:\Users\RolaPorElNapo\AppData\Local\Temp\tmp.IYYsDX5cJ9\SillyTavern\public\scripts\extensions\third-party\story-orchestrator\node_modules\jest-circus\build\jestAdapterInit.js:1497:10)
          at _callCircusTest (C:\Users\RolaPorElNapo\AppData\Local\Temp\tmp.IYYsDX5cJ9\SillyTavern\public\scripts\extensions\third-party\story-orchestrator\node_modules\jest-circus\build\jestAdapterInit.js:1007:40)
          at _runTest (C:\Users\RolaPorElNapo\AppData\Local\Temp\tmp.IYYsDX5cJ9\SillyTavern\public\scripts\extensions\third-party\story-orchestrator\node_modules\jest-circus\build\jestAdapterInit.js:947:3)
          at C:\Users\RolaPorElNapo\AppData\Local\Temp\tmp.IYYsDX5cJ9\SillyTavern\public\scripts\extensions\third-party\story-orchestrator\node_modules\jest-circus\build\jestAdapterInit.js:849:7
          at _runTestsForDescribeBlock (C:\Users\RolaPorElNapo\AppData\Local\Temp\tmp.IYYsDX5cJ9\SillyTavern\public\scripts\extensions\third-party\story-orchestrator\node_modules\jest-circus\build\jestAdapterInit.js:862:11)
          at _runTestsForDescribeBlock (C:\Users\RolaPorElNapo\AppData\Local\Temp\tmp.IYYsDX5cJ9\SillyTavern\public\scripts\extensions\third-party\story-orchestrator\node_modules\jest-circus\build\jestAdapterInit.js:857:11)
          at run (C:\Users\RolaPorElNapo\AppData\Local\Temp\tmp.IYYsDX5cJ9\SillyTavern\public\scripts\extensions\third-party\story-orchestrator\node_modules\jest-circus\build\jestAdapterInit.js:761:3)
          at runAndTransformResultsToJestFormat (C:\Users\RolaPorElNapo\AppData\Local\Temp\tmp.IYYsDX5cJ9\SillyTavern\public\scripts\extensions\third-party\story-orchestrator\node_modules\jest-circus\build\jestAdapterInit.js:1918:21)
          at jestAdapter (C:\Users\RolaPorElNapo\AppData\Local\Temp\tmp.IYYsDX5cJ9\SillyTavern\public\scripts\extensions\third-party\story-orchestrator\node_modules\jest-circus\build\runner.js:101:19)
          at runTestInternal (C:\Users\RolaPorElNapo\AppData\Local\Temp\tmp.IYYsDX5cJ9\SillyTavern\public\scripts\extensions\third-party\story-orchestrator\node_modules\jest-runner\build\index.js:275:16)
          at runTest (C:\Users\RolaPorElNapo\AppData\Local\Temp\tmp.IYYsDX5cJ9\SillyTavern\public\scripts\extensions\third-party\story-orchestrator\node_modules\jest-runner\build\index.js:343:7)

    [0m [90m 152 |[39m       item[33m.[39mrun(context)[33m;[39m
     [90m 153 |[39m     } [36mcatch[39m (error) {
    [31m[1m>[22m[39m[90m 154 |[39m       console[33m.[39mwarn([32m`[Story Orchestrator] boundary work '${item.id}' failed`[39m[33m,[39m error)[33m;[39m
     [90m     |[39m               [31m[1m^[22m[39m
     [90m 155 |[39m     }
     [90m 156 |[39m   }
     [90m 157 |[39m }[0m

      at runBoundaryWork (src/runtime/boundaryWork.ts:154:15)
      at Object.<anonymous> (src/runtime/boundaryWork.test.ts:55:20)

    console.warn
      [Story Orchestrator] boundary work 'continuity-warden' failed TypeError: manager.runWardenPass is not a function
          at Object.run (C:\Users\RolaPorElNapo\AppData\Local\Temp\tmp.IYYsDX5cJ9\SillyTavern\public\scripts\extensions\third-party\story-orchestrator\src\runtime\boundaryWork.ts:115:20)
          at runBoundaryWork (C:\Users\RolaPorElNapo\AppData\Local\Temp\tmp.IYYsDX5cJ9\SillyTavern\public\scripts\extensions\third-party\story-orchestrator\src\runtime\boundaryWork.ts:152:12)
          at Object.<anonymous> (C:\Users\RolaPorElNapo\AppData\Local\Temp\tmp.IYYsDX5cJ9\SillyTavern\public\scripts\extensions\third-party\story-orchestrator\src\runtime\boundaryWork.test.ts:55:20)
          at Promise.finally.completed (C:\Users\RolaPorElNapo\AppData\Local\Temp\tmp.IYYsDX5cJ9\SillyTavern\public\scripts\extensions\third-party\story-orchestrator\node_modules\jest-circus\build\jestAdapterInit.js:1557:28)
          at new Promise (<anonymous>)
          at callAsyncCircusFn (C:\Users\RolaPorElNapo\AppData\Local\Temp\tmp.IYYsDX5cJ9\SillyTavern\public\scripts\extensions\third-party\story-orchestrator\node_modules\jest-circus\build\jestAdapterInit.js:1497:10)
          at _callCircusTest (C:\Users\RolaPorElNapo\AppData\Local\Temp\tmp.IYYsDX5cJ9\SillyTavern\public\scripts\extensions\third-party\story-orchestrator\node_modules\jest-circus\build\jestAdapterInit.js:1007:40)
          at _runTest (C:\Users\RolaPorElNapo\AppData\Local\Temp\tmp.IYYsDX5cJ9\SillyTavern\public\scripts\extensions\third-party\story-orchestrator\node_modules\jest-circus\build\jestAdapterInit.js:947:3)
          at C:\Users\RolaPorElNapo\AppData\Local\Temp\tmp.IYYsDX5cJ9\SillyTavern\public\scripts\extensions\third-party\story-orchestrator\node_modules\jest-circus\build\jestAdapterInit.js:849:7
          at _runTestsForDescribeBlock (C:\Users\RolaPorElNapo\AppData\Local\Temp\tmp.IYYsDX5cJ9\SillyTavern\public\scripts\extensions\third-party\story-orchestrator\node_modules\jest-circus\build\jestAdapterInit.js:862:11)
          at _runTestsForDescribeBlock (C:\Users\RolaPorElNapo\AppData\Local\Temp\tmp.IYYsDX5cJ9\SillyTavern\public\scripts\extensions\third-party\story-orchestrator\node_modules\jest-circus\build\jestAdapterInit.js:857:11)
          at run (C:\Users\RolaPorElNapo\AppData\Local\Temp\tmp.IYYsDX5cJ9\SillyTavern\public\scripts\extensions\third-party\story-orchestrator\node_modules\jest-circus\build\jestAdapterInit.js:761:3)
          at runAndTransformResultsToJestFormat (C:\Users\RolaPorElNapo\AppData\Local\Temp\tmp.IYYsDX5cJ9\SillyTavern\public\scripts\extensions\third-party\story-orchestrator\node_modules\jest-circus\build\jestAdapterInit.js:1918:21)
          at jestAdapter (C:\Users\RolaPorElNapo\AppData\Local\Temp\tmp.IYYsDX5cJ9\SillyTavern\public\scripts\extensions\third-party\story-orchestrator\node_modules\jest-circus\build\runner.js:101:19)
          at runTestInternal (C:\Users\RolaPorElNapo\AppData\Local\Temp\tmp.IYYsDX5cJ9\SillyTavern\public\scripts\extensions\third-party\story-orchestrator\node_modules\jest-runner\build\index.js:275:16)
          at runTest (C:\Users\RolaPorElNapo\AppData\Local\Temp\tmp.IYYsDX5cJ9\SillyTavern\public\scripts\extensions\third-party\story-orchestrator\node_modules\jest-runner\build\index.js:343:7)

    [0m [90m 152 |[39m       item[33m.[39mrun(context)[33m;[39m
     [90m 153 |[39m     } [36mcatch[39m (error) {
    [31m[1m>[22m[39m[90m 154 |[39m       console[33m.[39mwarn([32m`[Story Orchestrator] boundary work '${item.id}' failed`[39m[33m,[39m error)[33m;[39m
     [90m     |[39m               [31m[1m^[22m[39m
     [90m 155 |[39m     }
     [90m 156 |[39m   }
     [90m 157 |[39m }[0m

      at runBoundaryWork (src/runtime/boundaryWork.ts:154:15)
      at Object.<anonymous> (src/runtime/boundaryWork.test.ts:55:20)

    console.warn
      [Story Orchestrator] boundary work 'expansion-commit' failed TypeError: Cannot read properties of undefined (reading 'commitValidated')
          at Object.run (C:\Users\RolaPorElNapo\AppData\Local\Temp\tmp.IYYsDX5cJ9\SillyTavern\public\scripts\extensions\third-party\story-orchestrator\src\runtime\boundaryWork.ts:80:26)
          at runBoundaryWork (C:\Users\RolaPorElNapo\AppData\Local\Temp\tmp.IYYsDX5cJ9\SillyTavern\public\scripts\extensions\third-party\story-orchestrator\src\runtime\boundaryWork.ts:152:12)
          at Object.<anonymous> (C:\Users\RolaPorElNapo\AppData\Local\Temp\tmp.IYYsDX5cJ9\SillyTavern\public\scripts\extensions\third-party\story-orchestrator\src\runtime\boundaryWork.test.ts:74:20)
          at Promise.finally.completed (C:\Users\RolaPorElNapo\AppData\Local\Temp\tmp.IYYsDX5cJ9\SillyTavern\public\scripts\extensions\third-party\story-orchestrator\node_modules\jest-circus\build\jestAdapterInit.js:1557:28)
          at new Promise (<anonymous>)
          at callAsyncCircusFn (C:\Users\RolaPorElNapo\AppData\Local\Temp\tmp.IYYsDX5cJ9\SillyTavern\public\scripts\extensions\third-party\story-orchestrator\node_modules\jest-circus\build\jestAdapterInit.js:1497:10)
          at _callCircusTest (C:\Users\RolaPorElNapo\AppData\Local\Temp\tmp.IYYsDX5cJ9\SillyTavern\public\scripts\extensions\third-party\story-orchestrator\node_modules\jest-circus\build\jestAdapterInit.js:1007:40)
          at _runTest (C:\Users\RolaPorElNapo\AppData\Local\Temp\tmp.IYYsDX5cJ9\SillyTavern\public\scripts\extensions\third-party\story-orchestrator\node_modules\jest-circus\build\jestAdapterInit.js:947:3)
          at C:\Users\RolaPorElNapo\AppData\Local\Temp\tmp.IYYsDX5cJ9\SillyTavern\public\scripts\extensions\third-party\story-orchestrator\node_modules\jest-circus\build\jestAdapterInit.js:849:7
          at _runTestsForDescribeBlock (C:\Users\RolaPorElNapo\AppData\Local\Temp\tmp.IYYsDX5cJ9\SillyTavern\public\scripts\extensions\third-party\story-orchestrator\node_modules\jest-circus\build\jestAdapterInit.js:862:11)
          at _runTestsForDescribeBlock (C:\Users\RolaPorElNapo\AppData\Local\Temp\tmp.IYYsDX5cJ9\SillyTavern\public\scripts\extensions\third-party\story-orchestrator\node_modules\jest-circus\build\jestAdapterInit.js:857:11)
          at run (C:\Users\RolaPorElNapo\AppData\Local\Temp\tmp.IYYsDX5cJ9\SillyTavern\public\scripts\extensions\third-party\story-orchestrator\node_modules\jest-circus\build\jestAdapterInit.js:761:3)
          at runAndTransformResultsToJestFormat (C:\Users\RolaPorElNapo\AppData\Local\Temp\tmp.IYYsDX5cJ9\SillyTavern\public\scripts\extensions\third-party\story-orchestrator\node_modules\jest-circus\build\jestAdapterInit.js:1918:21)
          at jestAdapter (C:\Users\RolaPorElNapo\AppData\Local\Temp\tmp.IYYsDX5cJ9\SillyTavern\public\scripts\extensions\third-party\story-orchestrator\node_modules\jest-circus\build\runner.js:101:19)
          at runTestInternal (C:\Users\RolaPorElNapo\AppData\Local\Temp\tmp.IYYsDX5cJ9\SillyTavern\public\scripts\extensions\third-party\story-orchestrator\node_modules\jest-runner\build\index.js:275:16)
          at runTest (C:\Users\RolaPorElNapo\AppData\Local\Temp\tmp.IYYsDX5cJ9\SillyTavern\public\scripts\extensions\third-party\story-orchestrator\node_modules\jest-runner\build\index.js:343:7)

    [0m [90m 152 |[39m       item[33m.[39mrun(context)[33m;[39m
     [90m 153 |[39m     } [36mcatch[39m (error) {
    [31m[1m>[22m[39m[90m 154 |[39m       console[33m.[39mwarn([32m`[Story Orchestrator] boundary work '${item.id}' failed`[39m[33m,[39m error)[33m;[39m
     [90m     |[39m               [31m[1m^[22m[39m
     [90m 155 |[39m     }
     [90m 156 |[39m   }
     [90m 157 |[39m }[0m

      at runBoundaryWork (src/runtime/boundaryWork.ts:154:15)
      at Object.<anonymous> (src/runtime/boundaryWork.test.ts:74:20)

    console.warn
      [Story Orchestrator] boundary work 'continuity-warden' failed TypeError: manager.runWardenPass is not a function
          at Object.run (C:\Users\RolaPorElNapo\AppData\Local\Temp\tmp.IYYsDX5cJ9\SillyTavern\public\scripts\extensions\third-party\story-orchestrator\src\runtime\boundaryWork.ts:115:20)
          at runBoundaryWork (C:\Users\RolaPorElNapo\AppData\Local\Temp\tmp.IYYsDX5cJ9\SillyTavern\public\scripts\extensions\third-party\story-orchestrator\src\runtime\boundaryWork.ts:152:12)
          at Object.<anonymous> (C:\Users\RolaPorElNapo\AppData\Local\Temp\tmp.IYYsDX5cJ9\SillyTavern\public\scripts\extensions\third-party\story-orchestrator\src\runtime\boundaryWork.test.ts:74:20)
          at Promise.finally.completed (C:\Users\RolaPorElNapo\AppData\Local\Temp\tmp.IYYsDX5cJ9\SillyTavern\public\scripts\extensions\third-party\story-orchestrator\node_modules\jest-circus\build\jestAdapterInit.js:1557:28)
          at new Promise (<anonymous>)
          at callAsyncCircusFn (C:\Users\RolaPorElNapo\AppData\Local\Temp\tmp.IYYsDX5cJ9\SillyTavern\public\scripts\extensions\third-party\story-orchestrator\node_modules\jest-circus\build\jestAdapterInit.js:1497:10)
          at _callCircusTest (C:\Users\RolaPorElNapo\AppData\Local\Temp\tmp.IYYsDX5cJ9\SillyTavern\public\scripts\extensions\third-party\story-orchestrator\node_modules\jest-circus\build\jestAdapterInit.js:1007:40)
          at _runTest (C:\Users\RolaPorElNapo\AppData\Local\Temp\tmp.IYYsDX5cJ9\SillyTavern\public\scripts\extensions\third-party\story-orchestrator\node_modules\jest-circus\build\jestAdapterInit.js:947:3)
          at C:\Users\RolaPorElNapo\AppData\Local\Temp\tmp.IYYsDX5cJ9\SillyTavern\public\scripts\extensions\third-party\story-orchestrator\node_modules\jest-circus\build\jestAdapterInit.js:849:7
          at _runTestsForDescribeBlock (C:\Users\RolaPorElNapo\AppData\Local\Temp\tmp.IYYsDX5cJ9\SillyTavern\public\scripts\extensions\third-party\story-orchestrator\node_modules\jest-circus\build\jestAdapterInit.js:862:11)
          at _runTestsForDescribeBlock (C:\Users\RolaPorElNapo\AppData\Local\Temp\tmp.IYYsDX5cJ9\SillyTavern\public\scripts\extensions\third-party\story-orchestrator\node_modules\jest-circus\build\jestAdapterInit.js:857:11)
          at run (C:\Users\RolaPorElNapo\AppData\Local\Temp\tmp.IYYsDX5cJ9\SillyTavern\public\scripts\extensions\third-party\story-orchestrator\node_modules\jest-circus\build\jestAdapterInit.js:761:3)
          at runAndTransformResultsToJestFormat (C:\Users\RolaPorElNapo\AppData\Local\Temp\tmp.IYYsDX5cJ9\SillyTavern\public\scripts\extensions\third-party\story-orchestrator\node_modules\jest-circus\build\jestAdapterInit.js:1918:21)
          at jestAdapter (C:\Users\RolaPorElNapo\AppData\Local\Temp\tmp.IYYsDX5cJ9\SillyTavern\public\scripts\extensions\third-party\story-orchestrator\node_modules\jest-circus\build\runner.js:101:19)
          at runTestInternal (C:\Users\RolaPorElNapo\AppData\Local\Temp\tmp.IYYsDX5cJ9\SillyTavern\public\scripts\extensions\third-party\story-orchestrator\node_modules\jest-runner\build\index.js:275:16)
          at runTest (C:\Users\RolaPorElNapo\AppData\Local\Temp\tmp.IYYsDX5cJ9\SillyTavern\public\scripts\extensions\third-party\story-orchestrator\node_modules\jest-runner\build\index.js:343:7)

    [0m [90m 152 |[39m       item[33m.[39mrun(context)[33m;[39m
     [90m 153 |[39m     } [36mcatch[39m (error) {
    [31m[1m>[22m[39m[90m 154 |[39m       console[33m.[39mwarn([32m`[Story Orchestrator] boundary work '${item.id}' failed`[39m[33m,[39m error)[33m;[39m
     [90m     |[39m               [31m[1m^[22m[39m
     [90m 155 |[39m     }
     [90m 156 |[39m   }
     [90m 157 |[39m }[0m

      at runBoundaryWork (src/runtime/boundaryWork.ts:154:15)
      at Object.<anonymous> (src/runtime/boundaryWork.test.ts:74:20)

    console.warn
      [Story Orchestrator] boundary work 'expansion-commit' failed TypeError: Cannot read properties of undefined (reading 'commitValidated')
          at Object.run (C:\Users\RolaPorElNapo\AppData\Local\Temp\tmp.IYYsDX5cJ9\SillyTavern\public\scripts\extensions\third-party\story-orchestrator\src\runtime\boundaryWork.ts:80:26)
          at runBoundaryWork (C:\Users\RolaPorElNapo\AppData\Local\Temp\tmp.IYYsDX5cJ9\SillyTavern\public\scripts\extensions\third-party\story-orchestrator\src\runtime\boundaryWork.ts:152:12)
          at Object.<anonymous> (C:\Users\RolaPorElNapo\AppData\Local\Temp\tmp.IYYsDX5cJ9\SillyTavern\public\scripts\extensions\third-party\story-orchestrator\src\runtime\boundaryWork.test.ts:77:20)
          at Promise.finally.completed (C:\Users\RolaPorElNapo\AppData\Local\Temp\tmp.IYYsDX5cJ9\SillyTavern\public\scripts\extensions\third-party\story-orchestrator\node_modules\jest-circus\build\jestAdapterInit.js:1557:28)
          at new Promise (<anonymous>)
          at callAsyncCircusFn (C:\Users\RolaPorElNapo\AppData\Local\Temp\tmp.IYYsDX5cJ9\SillyTavern\public\scripts\extensions\third-party\story-orchestrator\node_modules\jest-circus\build\jestAdapterInit.js:1497:10)
          at _callCircusTest (C:\Users\RolaPorElNapo\AppData\Local\Temp\tmp.IYYsDX5cJ9\SillyTavern\public\scripts\extensions\third-party\story-orchestrator\node_modules\jest-circus\build\jestAdapterInit.js:1007:40)
          at _runTest (C:\Users\RolaPorElNapo\AppData\Local\Temp\tmp.IYYsDX5cJ9\SillyTavern\public\scripts\extensions\third-party\story-orchestrator\node_modules\jest-circus\build\jestAdapterInit.js:947:3)
          at C:\Users\RolaPorElNapo\AppData\Local\Temp\tmp.IYYsDX5cJ9\SillyTavern\public\scripts\extensions\third-party\story-orchestrator\node_modules\jest-circus\build\jestAdapterInit.js:849:7
          at _runTestsForDescribeBlock (C:\Users\RolaPorElNapo\AppData\Local\Temp\tmp.IYYsDX5cJ9\SillyTavern\public\scripts\extensions\third-party\story-orchestrator\node_modules\jest-circus\build\jestAdapterInit.js:862:11)
          at _runTestsForDescribeBlock (C:\Users\RolaPorElNapo\AppData\Local\Temp\tmp.IYYsDX5cJ9\SillyTavern\public\scripts\extensions\third-party\story-orchestrator\node_modules\jest-circus\build\jestAdapterInit.js:857:11)
          at run (C:\Users\RolaPorElNapo\AppData\Local\Temp\tmp.IYYsDX5cJ9\SillyTavern\public\scripts\extensions\third-party\story-orchestrator\node_modules\jest-circus\build\jestAdapterInit.js:761:3)
          at runAndTransformResultsToJestFormat (C:\Users\RolaPorElNapo\AppData\Local\Temp\tmp.IYYsDX5cJ9\SillyTavern\public\scripts\extensions\third-party\story-orchestrator\node_modules\jest-circus\build\jestAdapterInit.js:1918:21)
          at jestAdapter (C:\Users\RolaPorElNapo\AppData\Local\Temp\tmp.IYYsDX5cJ9\SillyTavern\public\scripts\extensions\third-party\story-orchestrator\node_modules\jest-circus\build\runner.js:101:19)
          at runTestInternal (C:\Users\RolaPorElNapo\AppData\Local\Temp\tmp.IYYsDX5cJ9\SillyTavern\public\scripts\extensions\third-party\story-orchestrator\node_modules\jest-runner\build\index.js:275:16)
          at runTest (C:\Users\RolaPorElNapo\AppData\Local\Temp\tmp.IYYsDX5cJ9\SillyTavern\public\scripts\extensions\third-party\story-orchestrator\node_modules\jest-runner\build\index.js:343:7)

    [0m [90m 152 |[39m       item[33m.[39mrun(context)[33m;[39m
     [90m 153 |[39m     } [36mcatch[39m (error) {
    [31m[1m>[22m[39m[90m 154 |[39m       console[33m.[39mwarn([32m`[Story Orchestrator] boundary work '${item.id}' failed`[39m[33m,[39m error)[33m;[39m
     [90m     |[39m               [31m[1m^[22m[39m
     [90m 155 |[39m     }
     [90m 156 |[39m   }
     [90m 157 |[39m }[0m

      at runBoundaryWork (src/runtime/boundaryWork.ts:154:15)
      at Object.<anonymous> (src/runtime/boundaryWork.test.ts:77:20)

    console.warn
      [Story Orchestrator] boundary work 'continuity-warden' failed TypeError: manager.runWardenPass is not a function
          at Object.run (C:\Users\RolaPorElNapo\AppData\Local\Temp\tmp.IYYsDX5cJ9\SillyTavern\public\scripts\extensions\third-party\story-orchestrator\src\runtime\boundaryWork.ts:115:20)
          at runBoundaryWork (C:\Users\RolaPorElNapo\AppData\Local\Temp\tmp.IYYsDX5cJ9\SillyTavern\public\scripts\extensions\third-party\story-orchestrator\src\runtime\boundaryWork.ts:152:12)
          at Object.<anonymous> (C:\Users\RolaPorElNapo\AppData\Local\Temp\tmp.IYYsDX5cJ9\SillyTavern\public\scripts\extensions\third-party\story-orchestrator\src\runtime\boundaryWork.test.ts:77:20)
          at Promise.finally.completed (C:\Users\RolaPorElNapo\AppData\Local\Temp\tmp.IYYsDX5cJ9\SillyTavern\public\scripts\extensions\third-party\story-orchestrator\node_modules\jest-circus\build\jestAdapterInit.js:1557:28)
          at new Promise (<anonymous>)
          at callAsyncCircusFn (C:\Users\RolaPorElNapo\AppData\Local\Temp\tmp.IYYsDX5cJ9\SillyTavern\public\scripts\extensions\third-party\story-orchestrator\node_modules\jest-circus\build\jestAdapterInit.js:1497:10)
          at _callCircusTest (C:\Users\RolaPorElNapo\AppData\Local\Temp\tmp.IYYsDX5cJ9\SillyTavern\public\scripts\extensions\third-party\story-orchestrator\node_modules\jest-circus\build\jestAdapterInit.js:1007:40)
          at _runTest (C:\Users\RolaPorElNapo\AppData\Local\Temp\tmp.IYYsDX5cJ9\SillyTavern\public\scripts\extensions\third-party\story-orchestrator\node_modules\jest-circus\build\jestAdapterInit.js:947:3)
          at C:\Users\RolaPorElNapo\AppData\Local\Temp\tmp.IYYsDX5cJ9\SillyTavern\public\scripts\extensions\third-party\story-orchestrator\node_modules\jest-circus\build\jestAdapterInit.js:849:7
          at _runTestsForDescribeBlock (C:\Users\RolaPorElNapo\AppData\Local\Temp\tmp.IYYsDX5cJ9\SillyTavern\public\scripts\extensions\third-party\story-orchestrator\node_modules\jest-circus\build\jestAdapterInit.js:862:11)
          at _runTestsForDescribeBlock (C:\Users\RolaPorElNapo\AppData\Local\Temp\tmp.IYYsDX5cJ9\SillyTavern\public\scripts\extensions\third-party\story-orchestrator\node_modules\jest-circus\build\jestAdapterInit.js:857:11)
          at run (C:\Users\RolaPorElNapo\AppData\Local\Temp\tmp.IYYsDX5cJ9\SillyTavern\public\scripts\extensions\third-party\story-orchestrator\node_modules\jest-circus\build\jestAdapterInit.js:761:3)
          at runAndTransformResultsToJestFormat (C:\Users\RolaPorElNapo\AppData\Local\Temp\tmp.IYYsDX5cJ9\SillyTavern\public\scripts\extensions\third-party\story-orchestrator\node_modules\jest-circus\build\jestAdapterInit.js:1918:21)
          at jestAdapter (C:\Users\RolaPorElNapo\AppData\Local\Temp\tmp.IYYsDX5cJ9\SillyTavern\public\scripts\extensions\third-party\story-orchestrator\node_modules\jest-circus\build\runner.js:101:19)
          at runTestInternal (C:\Users\RolaPorElNapo\AppData\Local\Temp\tmp.IYYsDX5cJ9\SillyTavern\public\scripts\extensions\third-party\story-orchestrator\node_modules\jest-runner\build\index.js:275:16)
          at runTest (C:\Users\RolaPorElNapo\AppData\Local\Temp\tmp.IYYsDX5cJ9\SillyTavern\public\scripts\extensions\third-party\story-orchestrator\node_modules\jest-runner\build\index.js:343:7)

    [0m [90m 152 |[39m       item[33m.[39mrun(context)[33m;[39m
     [90m 153 |[39m     } [36mcatch[39m (error) {
    [31m[1m>[22m[39m[90m 154 |[39m       console[33m.[39mwarn([32m`[Story Orchestrator] boundary work '${item.id}' failed`[39m[33m,[39m error)[33m;[39m
     [90m     |[39m               [31m[1m^[22m[39m
     [90m 155 |[39m     }
     [90m 156 |[39m   }
     [90m 157 |[39m }[0m

      at runBoundaryWork (src/runtime/boundaryWork.ts:154:15)
      at Object.<anonymous> (src/runtime/boundaryWork.test.ts:77:20)

    console.warn
      [Story Orchestrator] boundary work 'expansion-commit' failed TypeError: Cannot read properties of undefined (reading 'commitValidated')
          at Object.run (C:\Users\RolaPorElNapo\AppData\Local\Temp\tmp.IYYsDX5cJ9\SillyTavern\public\scripts\extensions\third-party\story-orchestrator\src\runtime\boundaryWork.ts:80:26)
          at runBoundaryWork (C:\Users\RolaPorElNapo\AppData\Local\Temp\tmp.IYYsDX5cJ9\SillyTavern\public\scripts\extensions\third-party\story-orchestrator\src\runtime\boundaryWork.ts:152:12)
          at Object.<anonymous> (C:\Users\RolaPorElNapo\AppData\Local\Temp\tmp.IYYsDX5cJ9\SillyTavern\public\scripts\extensions\third-party\story-orchestrator\src\runtime\boundaryWork.test.ts:80:20)
          at Promise.finally.completed (C:\Users\RolaPorElNapo\AppData\Local\Temp\tmp.IYYsDX5cJ9\SillyTavern\public\scripts\extensions\third-party\story-orchestrator\node_modules\jest-circus\build\jestAdapterInit.js:1557:28)
          at new Promise (<anonymous>)
          at callAsyncCircusFn (C:\Users\RolaPorElNapo\AppData\Local\Temp\tmp.IYYsDX5cJ9\SillyTavern\public\scripts\extensions\third-party\story-orchestrator\node_modules\jest-circus\build\jestAdapterInit.js:1497:10)
          at _callCircusTest (C:\Users\RolaPorElNapo\AppData\Local\Temp\tmp.IYYsDX5cJ9\SillyTavern\public\scripts\extensions\third-party\story-orchestrator\node_modules\jest-circus\build\jestAdapterInit.js:1007:40)
          at _runTest (C:\Users\RolaPorElNapo\AppData\Local\Temp\tmp.IYYsDX5cJ9\SillyTavern\public\scripts\extensions\third-party\story-orchestrator\node_modules\jest-circus\build\jestAdapterInit.js:947:3)
          at C:\Users\RolaPorElNapo\AppData\Local\Temp\tmp.IYYsDX5cJ9\SillyTavern\public\scripts\extensions\third-party\story-orchestrator\node_modules\jest-circus\build\jestAdapterInit.js:849:7
          at _runTestsForDescribeBlock (C:\Users\RolaPorElNapo\AppData\Local\Temp\tmp.IYYsDX5cJ9\SillyTavern\public\scripts\extensions\third-party\story-orchestrator\node_modules\jest-circus\build\jestAdapterInit.js:862:11)
          at _runTestsForDescribeBlock (C:\Users\RolaPorElNapo\AppData\Local\Temp\tmp.IYYsDX5cJ9\SillyTavern\public\scripts\extensions\third-party\story-orchestrator\node_modules\jest-circus\build\jestAdapterInit.js:857:11)
          at run (C:\Users\RolaPorElNapo\AppData\Local\Temp\tmp.IYYsDX5cJ9\SillyTavern\public\scripts\extensions\third-party\story-orchestrator\node_modules\jest-circus\build\jestAdapterInit.js:761:3)
          at runAndTransformResultsToJestFormat (C:\Users\RolaPorElNapo\AppData\Local\Temp\tmp.IYYsDX5cJ9\SillyTavern\public\scripts\extensions\third-party\story-orchestrator\node_modules\jest-circus\build\jestAdapterInit.js:1918:21)
          at jestAdapter (C:\Users\RolaPorElNapo\AppData\Local\Temp\tmp.IYYsDX5cJ9\SillyTavern\public\scripts\extensions\third-party\story-orchestrator\node_modules\jest-circus\build\runner.js:101:19)
          at runTestInternal (C:\Users\RolaPorElNapo\AppData\Local\Temp\tmp.IYYsDX5cJ9\SillyTavern\public\scripts\extensions\third-party\story-orchestrator\node_modules\jest-runner\build\index.js:275:16)
          at runTest (C:\Users\RolaPorElNapo\AppData\Local\Temp\tmp.IYYsDX5cJ9\SillyTavern\public\scripts\extensions\third-party\story-orchestrator\node_modules\jest-runner\build\index.js:343:7)

    [0m [90m 152 |[39m       item[33m.[39mrun(context)[33m;[39m
     [90m 153 |[39m     } [36mcatch[39m (error) {
    [31m[1m>[22m[39m[90m 154 |[39m       console[33m.[39mwarn([32m`[Story Orchestrator] boundary work '${item.id}' failed`[39m[33m,[39m error)[33m;[39m
     [90m     |[39m               [31m[1m^[22m[39m
     [90m 155 |[39m     }
     [90m 156 |[39m   }
     [90m 157 |[39m }[0m

      at runBoundaryWork (src/runtime/boundaryWork.ts:154:15)
      at Object.<anonymous> (src/runtime/boundaryWork.test.ts:80:20)

    console.warn
      [Story Orchestrator] boundary work 'continuity-warden' failed TypeError: manager.runWardenPass is not a function
          at Object.run (C:\Users\RolaPorElNapo\AppData\Local\Temp\tmp.IYYsDX5cJ9\SillyTavern\public\scripts\extensions\third-party\story-orchestrator\src\runtime\boundaryWork.ts:115:20)
          at runBoundaryWork (C:\Users\RolaPorElNapo\AppData\Local\Temp\tmp.IYYsDX5cJ9\SillyTavern\public\scripts\extensions\third-party\story-orchestrator\src\runtime\boundaryWork.ts:152:12)
          at Object.<anonymous> (C:\Users\RolaPorElNapo\AppData\Local\Temp\tmp.IYYsDX5cJ9\SillyTavern\public\scripts\extensions\third-party\story-orchestrator\src\runtime\boundaryWork.test.ts:80:20)
          at Promise.finally.completed (C:\Users\RolaPorElNapo\AppData\Local\Temp\tmp.IYYsDX5cJ9\SillyTavern\public\scripts\extensions\third-party\story-orchestrator\node_modules\jest-circus\build\jestAdapterInit.js:1557:28)
          at new Promise (<anonymous>)
          at callAsyncCircusFn (C:\Users\RolaPorElNapo\AppData\Local\Temp\tmp.IYYsDX5cJ9\SillyTavern\public\scripts\extensions\third-party\story-orchestrator\node_modules\jest-circus\build\jestAdapterInit.js:1497:10)
          at _callCircusTest (C:\Users\RolaPorElNapo\AppData\Local\Temp\tmp.IYYsDX5cJ9\SillyTavern\public\scripts\extensions\third-party\story-orchestrator\node_modules\jest-circus\build\jestAdapterInit.js:1007:40)
          at _runTest (C:\Users\RolaPorElNapo\AppData\Local\Temp\tmp.IYYsDX5cJ9\SillyTavern\public\scripts\extensions\third-party\story-orchestrator\node_modules\jest-circus\build\jestAdapterInit.js:947:3)
          at C:\Users\RolaPorElNapo\AppData\Local\Temp\tmp.IYYsDX5cJ9\SillyTavern\public\scripts\extensions\third-party\story-orchestrator\node_modules\jest-circus\build\jestAdapterInit.js:849:7
          at _runTestsForDescribeBlock (C:\Users\RolaPorElNapo\AppData\Local\Temp\tmp.IYYsDX5cJ9\SillyTavern\public\scripts\extensions\third-party\story-orchestrator\node_modules\jest-circus\build\jestAdapterInit.js:862:11)
          at _runTestsForDescribeBlock (C:\Users\RolaPorElNapo\AppData\Local\Temp\tmp.IYYsDX5cJ9\SillyTavern\public\scripts\extensions\third-party\story-orchestrator\node_modules\jest-circus\build\jestAdapterInit.js:857:11)
          at run (C:\Users\RolaPorElNapo\AppData\Local\Temp\tmp.IYYsDX5cJ9\SillyTavern\public\scripts\extensions\third-party\story-orchestrator\node_modules\jest-circus\build\jestAdapterInit.js:761:3)
          at runAndTransformResultsToJestFormat (C:\Users\RolaPorElNapo\AppData\Local\Temp\tmp.IYYsDX5cJ9\SillyTavern\public\scripts\extensions\third-party\story-orchestrator\node_modules\jest-circus\build\jestAdapterInit.js:1918:21)
          at jestAdapter (C:\Users\RolaPorElNapo\AppData\Local\Temp\tmp.IYYsDX5cJ9\SillyTavern\public\scripts\extensions\third-party\story-orchestrator\node_modules\jest-circus\build\runner.js:101:19)
          at runTestInternal (C:\Users\RolaPorElNapo\AppData\Local\Temp\tmp.IYYsDX5cJ9\SillyTavern\public\scripts\extensions\third-party\story-orchestrator\node_modules\jest-runner\build\index.js:275:16)
          at runTest (C:\Users\RolaPorElNapo\AppData\Local\Temp\tmp.IYYsDX5cJ9\SillyTavern\public\scripts\extensions\third-party\story-orchestrator\node_modules\jest-runner\build\index.js:343:7)

    [0m [90m 152 |[39m       item[33m.[39mrun(context)[33m;[39m
     [90m 153 |[39m     } [36mcatch[39m (error) {
    [31m[1m>[22m[39m[90m 154 |[39m       console[33m.[39mwarn([32m`[Story Orchestrator] boundary work '${item.id}' failed`[39m[33m,[39m error)[33m;[39m
     [90m     |[39m               [31m[1m^[22m[39m
     [90m 155 |[39m     }
     [90m 156 |[39m   }
     [90m 157 |[39m }[0m

      at runBoundaryWork (src/runtime/boundaryWork.ts:154:15)
      at Object.<anonymous> (src/runtime/boundaryWork.test.ts:80:20)

    console.warn
      [Story Orchestrator] boundary work 'expansion-commit' failed TypeError: Cannot read properties of undefined (reading 'commitValidated')
          at Object.run (C:\Users\RolaPorElNapo\AppData\Local\Temp\tmp.IYYsDX5cJ9\SillyTavern\public\scripts\extensions\third-party\story-orchestrator\src\runtime\boundaryWork.ts:80:26)
          at runBoundaryWork (C:\Users\RolaPorElNapo\AppData\Local\Temp\tmp.IYYsDX5cJ9\SillyTavern\public\scripts\extensions\third-party\story-orchestrator\src\runtime\boundaryWork.ts:152:12)
          at Object.<anonymous> (C:\Users\RolaPorElNapo\AppData\Local\Temp\tmp.IYYsDX5cJ9\SillyTavern\public\scripts\extensions\third-party\story-orchestrator\src\runtime\boundaryWork.test.ts:92:20)
          at Promise.finally.completed (C:\Users\RolaPorElNapo\AppData\Local\Temp\tmp.IYYsDX5cJ9\SillyTavern\public\scripts\extensions\third-party\story-orchestrator\node_modules\jest-circus\build\jestAdapterInit.js:1557:28)
          at new Promise (<anonymous>)
          at callAsyncCircusFn (C:\Users\RolaPorElNapo\AppData\Local\Temp\tmp.IYYsDX5cJ9\SillyTavern\public\scripts\extensions\third-party\story-orchestrator\node_modules\jest-circus\build\jestAdapterInit.js:1497:10)
          at _callCircusTest (C:\Users\RolaPorElNapo\AppData\Local\Temp\tmp.IYYsDX5cJ9\SillyTavern\public\scripts\extensions\third-party\story-orchestrator\node_modules\jest-circus\build\jestAdapterInit.js:1007:40)
          at _runTest (C:\Users\RolaPorElNapo\AppData\Local\Temp\tmp.IYYsDX5cJ9\SillyTavern\public\scripts\extensions\third-party\story-orchestrator\node_modules\jest-circus\build\jestAdapterInit.js:947:3)
          at C:\Users\RolaPorElNapo\AppData\Local\Temp\tmp.IYYsDX5cJ9\SillyTavern\public\scripts\extensions\third-party\story-orchestrator\node_modules\jest-circus\build\jestAdapterInit.js:849:7
          at _runTestsForDescribeBlock (C:\Users\RolaPorElNapo\AppData\Local\Temp\tmp.IYYsDX5cJ9\SillyTavern\public\scripts\extensions\third-party\story-orchestrator\node_modules\jest-circus\build\jestAdapterInit.js:862:11)
          at _runTestsForDescribeBlock (C:\Users\RolaPorElNapo\AppData\Local\Temp\tmp.IYYsDX5cJ9\SillyTavern\public\scripts\extensions\third-party\story-orchestrator\node_modules\jest-circus\build\jestAdapterInit.js:857:11)
          at run (C:\Users\RolaPorElNapo\AppData\Local\Temp\tmp.IYYsDX5cJ9\SillyTavern\public\scripts\extensions\third-party\story-orchestrator\node_modules\jest-circus\build\jestAdapterInit.js:761:3)
          at runAndTransformResultsToJestFormat (C:\Users\RolaPorElNapo\AppData\Local\Temp\tmp.IYYsDX5cJ9\SillyTavern\public\scripts\extensions\third-party\story-orchestrator\node_modules\jest-circus\build\jestAdapterInit.js:1918:21)
          at jestAdapter (C:\Users\RolaPorElNapo\AppData\Local\Temp\tmp.IYYsDX5cJ9\SillyTavern\public\scripts\extensions\third-party\story-orchestrator\node_modules\jest-circus\build\runner.js:101:19)
          at runTestInternal (C:\Users\RolaPorElNapo\AppData\Local\Temp\tmp.IYYsDX5cJ9\SillyTavern\public\scripts\extensions\third-party\story-orchestrator\node_modules\jest-runner\build\index.js:275:16)
          at runTest (C:\Users\RolaPorElNapo\AppData\Local\Temp\tmp.IYYsDX5cJ9\SillyTavern\public\scripts\extensions\third-party\story-orchestrator\node_modules\jest-runner\build\index.js:343:7)

    [0m [90m 152 |[39m       item[33m.[39mrun(context)[33m;[39m
     [90m 153 |[39m     } [36mcatch[39m (error) {
    [31m[1m>[22m[39m[90m 154 |[39m       console[33m.[39mwarn([32m`[Story Orchestrator] boundary work '${item.id}' failed`[39m[33m,[39m error)[33m;[39m
     [90m     |[39m               [31m[1m^[22m[39m
     [90m 155 |[39m     }
     [90m 156 |[39m   }
     [90m 157 |[39m }[0m

      at runBoundaryWork (src/runtime/boundaryWork.ts:154:15)
      at Object.<anonymous> (src/runtime/boundaryWork.test.ts:92:20)

    console.warn
      [Story Orchestrator] boundary work 'continuity-warden' failed TypeError: manager.runWardenPass is not a function
          at Object.run (C:\Users\RolaPorElNapo\AppData\Local\Temp\tmp.IYYsDX5cJ9\SillyTavern\public\scripts\extensions\third-party\story-orchestrator\src\runtime\boundaryWork.ts:115:20)
          at runBoundaryWork (C:\Users\RolaPorElNapo\AppData\Local\Temp\tmp.IYYsDX5cJ9\SillyTavern\public\scripts\extensions\third-party\story-orchestrator\src\runtime\boundaryWork.ts:152:12)
          at Object.<anonymous> (C:\Users\RolaPorElNapo\AppData\Local\Temp\tmp.IYYsDX5cJ9\SillyTavern\public\scripts\extensions\third-party\story-orchestrator\src\runtime\boundaryWork.test.ts:92:20)
          at Promise.finally.completed (C:\Users\RolaPorElNapo\AppData\Local\Temp\tmp.IYYsDX5cJ9\SillyTavern\public\scripts\extensions\third-party\story-orchestrator\node_modules\jest-circus\build\jestAdapterInit.js:1557:28)
          at new Promise (<anonymous>)
          at callAsyncCircusFn (C:\Users\RolaPorElNapo\AppData\Local\Temp\tmp.IYYsDX5cJ9\SillyTavern\public\scripts\extensions\third-party\story-orchestrator\node_modules\jest-circus\build\jestAdapterInit.js:1497:10)
          at _callCircusTest (C:\Users\RolaPorElNapo\AppData\Local\Temp\tmp.IYYsDX5cJ9\SillyTavern\public\scripts\extensions\third-party\story-orchestrator\node_modules\jest-circus\build\jestAdapterInit.js:1007:40)
          at _runTest (C:\Users\RolaPorElNapo\AppData\Local\Temp\tmp.IYYsDX5cJ9\SillyTavern\public\scripts\extensions\third-party\story-orchestrator\node_modules\jest-circus\build\jestAdapterInit.js:947:3)
          at C:\Users\RolaPorElNapo\AppData\Local\Temp\tmp.IYYsDX5cJ9\SillyTavern\public\scripts\extensions\third-party\story-orchestrator\node_modules\jest-circus\build\jestAdapterInit.js:849:7
          at _runTestsForDescribeBlock (C:\Users\RolaPorElNapo\AppData\Local\Temp\tmp.IYYsDX5cJ9\SillyTavern\public\scripts\extensions\third-party\story-orchestrator\node_modules\jest-circus\build\jestAdapterInit.js:862:11)
          at _runTestsForDescribeBlock (C:\Users\RolaPorElNapo\AppData\Local\Temp\tmp.IYYsDX5cJ9\SillyTavern\public\scripts\extensions\third-party\story-orchestrator\node_modules\jest-circus\build\jestAdapterInit.js:857:11)
          at run (C:\Users\RolaPorElNapo\AppData\Local\Temp\tmp.IYYsDX5cJ9\SillyTavern\public\scripts\extensions\third-party\story-orchestrator\node_modules\jest-circus\build\jestAdapterInit.js:761:3)
          at runAndTransformResultsToJestFormat (C:\Users\RolaPorElNapo\AppData\Local\Temp\tmp.IYYsDX5cJ9\SillyTavern\public\scripts\extensions\third-party\story-orchestrator\node_modules\jest-circus\build\jestAdapterInit.js:1918:21)
          at jestAdapter (C:\Users\RolaPorElNapo\AppData\Local\Temp\tmp.IYYsDX5cJ9\SillyTavern\public\scripts\extensions\third-party\story-orchestrator\node_modules\jest-circus\build\runner.js:101:19)
          at runTestInternal (C:\Users\RolaPorElNapo\AppData\Local\Temp\tmp.IYYsDX5cJ9\SillyTavern\public\scripts\extensions\third-party\story-orchestrator\node_modules\jest-runner\build\index.js:275:16)
          at runTest (C:\Users\RolaPorElNapo\AppData\Local\Temp\tmp.IYYsDX5cJ9\SillyTavern\public\scripts\extensions\third-party\story-orchestrator\node_modules\jest-runner\build\index.js:343:7)

    [0m [90m 152 |[39m       item[33m.[39mrun(context)[33m;[39m
     [90m 153 |[39m     } [36mcatch[39m (error) {
    [31m[1m>[22m[39m[90m 154 |[39m       console[33m.[39mwarn([32m`[Story Orchestrator] boundary work '${item.id}' failed`[39m[33m,[39m error)[33m;[39m
     [90m     |[39m               [31m[1m^[22m[39m
     [90m 155 |[39m     }
     [90m 156 |[39m   }
     [90m 157 |[39m }[0m

      at runBoundaryWork (src/runtime/boundaryWork.ts:154:15)
      at Object.<anonymous> (src/runtime/boundaryWork.test.ts:92:20)

    console.warn
      [Story Orchestrator] boundary work 'expansion-commit' failed TypeError: Cannot read properties of undefined (reading 'commitValidated')
          at Object.run (C:\Users\RolaPorElNapo\AppData\Local\Temp\tmp.IYYsDX5cJ9\SillyTavern\public\scripts\extensions\third-party\story-orchestrator\src\runtime\boundaryWork.ts:80:26)
          at runBoundaryWork (C:\Users\RolaPorElNapo\AppData\Local\Temp\tmp.IYYsDX5cJ9\SillyTavern\public\scripts\extensions\third-party\story-orchestrator\src\runtime\boundaryWork.ts:152:12)
          at Object.<anonymous> (C:\Users\RolaPorElNapo\AppData\Local\Temp\tmp.IYYsDX5cJ9\SillyTavern\public\scripts\extensions\third-party\story-orchestrator\src\runtime\boundaryWork.test.ts:96:20)
          at Promise.finally.completed (C:\Users\RolaPorElNapo\AppData\Local\Temp\tmp.IYYsDX5cJ9\SillyTavern\public\scripts\extensions\third-party\story-orchestrator\node_modules\jest-circus\build\jestAdapterInit.js:1557:28)
          at new Promise (<anonymous>)
          at callAsyncCircusFn (C:\Users\RolaPorElNapo\AppData\Local\Temp\tmp.IYYsDX5cJ9\SillyTavern\public\scripts\extensions\third-party\story-orchestrator\node_modules\jest-circus\build\jestAdapterInit.js:1497:10)
          at _callCircusTest (C:\Users\RolaPorElNapo\AppData\Local\Temp\tmp.IYYsDX5cJ9\SillyTavern\public\scripts\extensions\third-party\story-orchestrator\node_modules\jest-circus\build\jestAdapterInit.js:1007:40)
          at _runTest (C:\Users\RolaPorElNapo\AppData\Local\Temp\tmp.IYYsDX5cJ9\SillyTavern\public\scripts\extensions\third-party\story-orchestrator\node_modules\jest-circus\build\jestAdapterInit.js:947:3)
          at C:\Users\RolaPorElNapo\AppData\Local\Temp\tmp.IYYsDX5cJ9\SillyTavern\public\scripts\extensions\third-party\story-orchestrator\node_modules\jest-circus\build\jestAdapterInit.js:849:7
          at _runTestsForDescribeBlock (C:\Users\RolaPorElNapo\AppData\Local\Temp\tmp.IYYsDX5cJ9\SillyTavern\public\scripts\extensions\third-party\story-orchestrator\node_modules\jest-circus\build\jestAdapterInit.js:862:11)
          at _runTestsForDescribeBlock (C:\Users\RolaPorElNapo\AppData\Local\Temp\tmp.IYYsDX5cJ9\SillyTavern\public\scripts\extensions\third-party\story-orchestrator\node_modules\jest-circus\build\jestAdapterInit.js:857:11)
          at run (C:\Users\RolaPorElNapo\AppData\Local\Temp\tmp.IYYsDX5cJ9\SillyTavern\public\scripts\extensions\third-party\story-orchestrator\node_modules\jest-circus\build\jestAdapterInit.js:761:3)
          at runAndTransformResultsToJestFormat (C:\Users\RolaPorElNapo\AppData\Local\Temp\tmp.IYYsDX5cJ9\SillyTavern\public\scripts\extensions\third-party\story-orchestrator\node_modules\jest-circus\build\jestAdapterInit.js:1918:21)
          at jestAdapter (C:\Users\RolaPorElNapo\AppData\Local\Temp\tmp.IYYsDX5cJ9\SillyTavern\public\scripts\extensions\third-party\story-orchestrator\node_modules\jest-circus\build\runner.js:101:19)
          at runTestInternal (C:\Users\RolaPorElNapo\AppData\Local\Temp\tmp.IYYsDX5cJ9\SillyTavern\public\scripts\extensions\third-party\story-orchestrator\node_modules\jest-runner\build\index.js:275:16)
          at runTest (C:\Users\RolaPorElNapo\AppData\Local\Temp\tmp.IYYsDX5cJ9\SillyTavern\public\scripts\extensions\third-party\story-orchestrator\node_modules\jest-runner\build\index.js:343:7)

    [0m [90m 152 |[39m       item[33m.[39mrun(context)[33m;[39m
     [90m 153 |[39m     } [36mcatch[39m (error) {
    [31m[1m>[22m[39m[90m 154 |[39m       console[33m.[39mwarn([32m`[Story Orchestrator] boundary work '${item.id}' failed`[39m[33m,[39m error)[33m;[39m
     [90m     |[39m               [31m[1m^[22m[39m
     [90m 155 |[39m     }
     [90m 156 |[39m   }
     [90m 157 |[39m }[0m

      at runBoundaryWork (src/runtime/boundaryWork.ts:154:15)
      at Object.<anonymous> (src/runtime/boundaryWork.test.ts:96:20)

    console.warn
      [Story Orchestrator] boundary work 'continuity-warden' failed TypeError: manager.runWardenPass is not a function
          at Object.run (C:\Users\RolaPorElNapo\AppData\Local\Temp\tmp.IYYsDX5cJ9\SillyTavern\public\scripts\extensions\third-party\story-orchestrator\src\runtime\boundaryWork.ts:115:20)
          at runBoundaryWork (C:\Users\RolaPorElNapo\AppData\Local\Temp\tmp.IYYsDX5cJ9\SillyTavern\public\scripts\extensions\third-party\story-orchestrator\src\runtime\boundaryWork.ts:152:12)
          at Object.<anonymous> (C:\Users\RolaPorElNapo\AppData\Local\Temp\tmp.IYYsDX5cJ9\SillyTavern\public\scripts\extensions\third-party\story-orchestrator\src\runtime\boundaryWork.test.ts:96:20)
          at Promise.finally.completed (C:\Users\RolaPorElNapo\AppData\Local\Temp\tmp.IYYsDX5cJ9\SillyTavern\public\scripts\extensions\third-party\story-orchestrator\node_modules\jest-circus\build\jestAdapterInit.js:1557:28)
          at new Promise (<anonymous>)
          at callAsyncCircusFn (C:\Users\RolaPorElNapo\AppData\Local\Temp\tmp.IYYsDX5cJ9\SillyTavern\public\scripts\extensions\third-party\story-orchestrator\node_modules\jest-circus\build\jestAdapterInit.js:1497:10)
          at _callCircusTest (C:\Users\RolaPorElNapo\AppData\Local\Temp\tmp.IYYsDX5cJ9\SillyTavern\public\scripts\extensions\third-party\story-orchestrator\node_modules\jest-circus\build\jestAdapterInit.js:1007:40)
          at _runTest (C:\Users\RolaPorElNapo\AppData\Local\Temp\tmp.IYYsDX5cJ9\SillyTavern\public\scripts\extensions\third-party\story-orchestrator\node_modules\jest-circus\build\jestAdapterInit.js:947:3)
          at C:\Users\RolaPorElNapo\AppData\Local\Temp\tmp.IYYsDX5cJ9\SillyTavern\public\scripts\extensions\third-party\story-orchestrator\node_modules\jest-circus\build\jestAdapterInit.js:849:7
          at _runTestsForDescribeBlock (C:\Users\RolaPorElNapo\AppData\Local\Temp\tmp.IYYsDX5cJ9\SillyTavern\public\scripts\extensions\third-party\story-orchestrator\node_modules\jest-circus\build\jestAdapterInit.js:862:11)
          at _runTestsForDescribeBlock (C:\Users\RolaPorElNapo\AppData\Local\Temp\tmp.IYYsDX5cJ9\SillyTavern\public\scripts\extensions\third-party\story-orchestrator\node_modules\jest-circus\build\jestAdapterInit.js:857:11)
          at run (C:\Users\RolaPorElNapo\AppData\Local\Temp\tmp.IYYsDX5cJ9\SillyTavern\public\scripts\extensions\third-party\story-orchestrator\node_modules\jest-circus\build\jestAdapterInit.js:761:3)
          at runAndTransformResultsToJestFormat (C:\Users\RolaPorElNapo\AppData\Local\Temp\tmp.IYYsDX5cJ9\SillyTavern\public\scripts\extensions\third-party\story-orchestrator\node_modules\jest-circus\build\jestAdapterInit.js:1918:21)
          at jestAdapter (C:\Users\RolaPorElNapo\AppData\Local\Temp\tmp.IYYsDX5cJ9\SillyTavern\public\scripts\extensions\third-party\story-orchestrator\node_modules\jest-circus\build\runner.js:101:19)
          at runTestInternal (C:\Users\RolaPorElNapo\AppData\Local\Temp\tmp.IYYsDX5cJ9\SillyTavern\public\scripts\extensions\third-party\story-orchestrator\node_modules\jest-runner\build\index.js:275:16)
          at runTest (C:\Users\RolaPorElNapo\AppData\Local\Temp\tmp.IYYsDX5cJ9\SillyTavern\public\scripts\extensions\third-party\story-orchestrator\node_modules\jest-runner\build\index.js:343:7)

    [0m [90m 152 |[39m       item[33m.[39mrun(context)[33m;[39m
     [90m 153 |[39m     } [36mcatch[39m (error) {
    [31m[1m>[22m[39m[90m 154 |[39m       console[33m.[39mwarn([32m`[Story Orchestrator] boundary work '${item.id}' failed`[39m[33m,[39m error)[33m;[39m
     [90m     |[39m               [31m[1m^[22m[39m
     [90m 155 |[39m     }
     [90m 156 |[39m   }
     [90m 157 |[39m }[0m

      at runBoundaryWork (src/runtime/boundaryWork.ts:154:15)
      at Object.<anonymous> (src/runtime/boundaryWork.test.ts:96:20)

    console.warn
      [Story Orchestrator] boundary work 'expansion-commit' failed TypeError: Cannot read properties of undefined (reading 'commitValidated')
          at Object.run (C:\Users\RolaPorElNapo\AppData\Local\Temp\tmp.IYYsDX5cJ9\SillyTavern\public\scripts\extensions\third-party\story-orchestrator\src\runtime\boundaryWork.ts:80:26)
          at runBoundaryWork (C:\Users\RolaPorElNapo\AppData\Local\Temp\tmp.IYYsDX5cJ9\SillyTavern\public\scripts\extensions\third-party\story-orchestrator\src\runtime\boundaryWork.ts:152:12)
          at Object.<anonymous> (C:\Users\RolaPorElNapo\AppData\Local\Temp\tmp.IYYsDX5cJ9\SillyTavern\public\scripts\extensions\third-party\story-orchestrator\src\runtime\boundaryWork.test.ts:103:20)
          at Promise.finally.completed (C:\Users\RolaPorElNapo\AppData\Local\Temp\tmp.IYYsDX5cJ9\SillyTavern\public\scripts\extensions\third-party\story-orchestrator\node_modules\jest-circus\build\jestAdapterInit.js:1557:28)
          at new Promise (<anonymous>)
          at callAsyncCircusFn (C:\Users\RolaPorElNapo\AppData\Local\Temp\tmp.IYYsDX5cJ9\SillyTavern\public\scripts\extensions\third-party\story-orchestrator\node_modules\jest-circus\build\jestAdapterInit.js:1497:10)
          at _callCircusTest (C:\Users\RolaPorElNapo\AppData\Local\Temp\tmp.IYYsDX5cJ9\SillyTavern\public\scripts\extensions\third-party\story-orchestrator\node_modules\jest-circus\build\jestAdapterInit.js:1007:40)
          at _runTest (C:\Users\RolaPorElNapo\AppData\Local\Temp\tmp.IYYsDX5cJ9\SillyTavern\public\scripts\extensions\third-party\story-orchestrator\node_modules\jest-circus\build\jestAdapterInit.js:947:3)
          at C:\Users\RolaPorElNapo\AppData\Local\Temp\tmp.IYYsDX5cJ9\SillyTavern\public\scripts\extensions\third-party\story-orchestrator\node_modules\jest-circus\build\jestAdapterInit.js:849:7
          at _runTestsForDescribeBlock (C:\Users\RolaPorElNapo\AppData\Local\Temp\tmp.IYYsDX5cJ9\SillyTavern\public\scripts\extensions\third-party\story-orchestrator\node_modules\jest-circus\build\jestAdapterInit.js:862:11)
          at _runTestsForDescribeBlock (C:\Users\RolaPorElNapo\AppData\Local\Temp\tmp.IYYsDX5cJ9\SillyTavern\public\scripts\extensions\third-party\story-orchestrator\node_modules\jest-circus\build\jestAdapterInit.js:857:11)
          at run (C:\Users\RolaPorElNapo\AppData\Local\Temp\tmp.IYYsDX5cJ9\SillyTavern\public\scripts\extensions\third-party\story-orchestrator\node_modules\jest-circus\build\jestAdapterInit.js:761:3)
          at runAndTransformResultsToJestFormat (C:\Users\RolaPorElNapo\AppData\Local\Temp\tmp.IYYsDX5cJ9\SillyTavern\public\scripts\extensions\third-party\story-orchestrator\node_modules\jest-circus\build\jestAdapterInit.js:1918:21)
          at jestAdapter (C:\Users\RolaPorElNapo\AppData\Local\Temp\tmp.IYYsDX5cJ9\SillyTavern\public\scripts\extensions\third-party\story-orchestrator\node_modules\jest-circus\build\runner.js:101:19)
          at runTestInternal (C:\Users\RolaPorElNapo\AppData\Local\Temp\tmp.IYYsDX5cJ9\SillyTavern\public\scripts\extensions\third-party\story-orchestrator\node_modules\jest-runner\build\index.js:275:16)
          at runTest (C:\Users\RolaPorElNapo\AppData\Local\Temp\tmp.IYYsDX5cJ9\SillyTavern\public\scripts\extensions\third-party\story-orchestrator\node_modules\jest-runner\build\index.js:343:7)

    [0m [90m 152 |[39m       item[33m.[39mrun(context)[33m;[39m
     [90m 153 |[39m     } [36mcatch[39m (error) {
    [31m[1m>[22m[39m[90m 154 |[39m       console[33m.[39mwarn([32m`[Story Orchestrator] boundary work '${item.id}' failed`[39m[33m,[39m error)[33m;[39m
     [90m     |[39m               [31m[1m^[22m[39m
     [90m 155 |[39m     }
     [90m 156 |[39m   }
     [90m 157 |[39m }[0m

      at runBoundaryWork (src/runtime/boundaryWork.ts:154:15)
      at Object.<anonymous> (src/runtime/boundaryWork.test.ts:103:20)

    console.warn
      [Story Orchestrator] boundary work 'continuity-warden' failed TypeError: manager.runWardenPass is not a function
          at Object.run (C:\Users\RolaPorElNapo\AppData\Local\Temp\tmp.IYYsDX5cJ9\SillyTavern\public\scripts\extensions\third-party\story-orchestrator\src\runtime\boundaryWork.ts:115:20)
          at runBoundaryWork (C:\Users\RolaPorElNapo\AppData\Local\Temp\tmp.IYYsDX5cJ9\SillyTavern\public\scripts\extensions\third-party\story-orchestrator\src\runtime\boundaryWork.ts:152:12)
          at Object.<anonymous> (C:\Users\RolaPorElNapo\AppData\Local\Temp\tmp.IYYsDX5cJ9\SillyTavern\public\scripts\extensions\third-party\story-orchestrator\src\runtime\boundaryWork.test.ts:103:20)
          at Promise.finally.completed (C:\Users\RolaPorElNapo\AppData\Local\Temp\tmp.IYYsDX5cJ9\SillyTavern\public\scripts\extensions\third-party\story-orchestrator\node_modules\jest-circus\build\jestAdapterInit.js:1557:28)
          at new Promise (<anonymous>)
          at callAsyncCircusFn (C:\Users\RolaPorElNapo\AppData\Local\Temp\tmp.IYYsDX5cJ9\SillyTavern\public\scripts\extensions\third-party\story-orchestrator\node_modules\jest-circus\build\jestAdapterInit.js:1497:10)
          at _callCircusTest (C:\Users\RolaPorElNapo\AppData\Local\Temp\tmp.IYYsDX5cJ9\SillyTavern\public\scripts\extensions\third-party\story-orchestrator\node_modules\jest-circus\build\jestAdapterInit.js:1007:40)
          at _runTest (C:\Users\RolaPorElNapo\AppData\Local\Temp\tmp.IYYsDX5cJ9\SillyTavern\public\scripts\extensions\third-party\story-orchestrator\node_modules\jest-circus\build\jestAdapterInit.js:947:3)
          at C:\Users\RolaPorElNapo\AppData\Local\Temp\tmp.IYYsDX5cJ9\SillyTavern\public\scripts\extensions\third-party\story-orchestrator\node_modules\jest-circus\build\jestAdapterInit.js:849:7
          at _runTestsForDescribeBlock (C:\Users\RolaPorElNapo\AppData\Local\Temp\tmp.IYYsDX5cJ9\SillyTavern\public\scripts\extensions\third-party\story-orchestrator\node_modules\jest-circus\build\jestAdapterInit.js:862:11)
          at _runTestsForDescribeBlock (C:\Users\RolaPorElNapo\AppData\Local\Temp\tmp.IYYsDX5cJ9\SillyTavern\public\scripts\extensions\third-party\story-orchestrator\node_modules\jest-circus\build\jestAdapterInit.js:857:11)
          at run (C:\Users\RolaPorElNapo\AppData\Local\Temp\tmp.IYYsDX5cJ9\SillyTavern\public\scripts\extensions\third-party\story-orchestrator\node_modules\jest-circus\build\jestAdapterInit.js:761:3)
          at runAndTransformResultsToJestFormat (C:\Users\RolaPorElNapo\AppData\Local\Temp\tmp.IYYsDX5cJ9\SillyTavern\public\scripts\extensions\third-party\story-orchestrator\node_modules\jest-circus\build\jestAdapterInit.js:1918:21)
          at jestAdapter (C:\Users\RolaPorElNapo\AppData\Local\Temp\tmp.IYYsDX5cJ9\SillyTavern\public\scripts\extensions\third-party\story-orchestrator\node_modules\jest-circus\build\runner.js:101:19)
          at runTestInternal (C:\Users\RolaPorElNapo\AppData\Local\Temp\tmp.IYYsDX5cJ9\SillyTavern\public\scripts\extensions\third-party\story-orchestrator\node_modules\jest-runner\build\index.js:275:16)
          at runTest (C:\Users\RolaPorElNapo\AppData\Local\Temp\tmp.IYYsDX5cJ9\SillyTavern\public\scripts\extensions\third-party\story-orchestrator\node_modules\jest-runner\build\index.js:343:7)

    [0m [90m 152 |[39m       item[33m.[39mrun(context)[33m;[39m
     [90m 153 |[39m     } [36mcatch[39m (error) {
    [31m[1m>[22m[39m[90m 154 |[39m       console[33m.[39mwarn([32m`[Story Orchestrator] boundary work '${item.id}' failed`[39m[33m,[39m error)[33m;[39m
     [90m     |[39m               [31m[1m^[22m[39m
     [90m 155 |[39m     }
     [90m 156 |[39m   }
     [90m 157 |[39m }[0m

      at runBoundaryWork (src/runtime/boundaryWork.ts:154:15)
      at Object.<anonymous> (src/runtime/boundaryWork.test.ts:103:20)

    console.warn
      [Story Orchestrator] boundary work 'expansion-commit' failed TypeError: Cannot read properties of undefined (reading 'commitValidated')
          at Object.run (C:\Users\RolaPorElNapo\AppData\Local\Temp\tmp.IYYsDX5cJ9\SillyTavern\public\scripts\extensions\third-party\story-orchestrator\src\runtime\boundaryWork.ts:80:26)
          at runBoundaryWork (C:\Users\RolaPorElNapo\AppData\Local\Temp\tmp.IYYsDX5cJ9\SillyTavern\public\scripts\extensions\third-party\story-orchestrator\src\runtime\boundaryWork.ts:152:12)
          at Object.<anonymous> (C:\Users\RolaPorElNapo\AppData\Local\Temp\tmp.IYYsDX5cJ9\SillyTavern\public\scripts\extensions\third-party\story-orchestrator\src\runtime\boundaryWork.test.ts:108:20)
          at Promise.finally.completed (C:\Users\RolaPorElNapo\AppData\Local\Temp\tmp.IYYsDX5cJ9\SillyTavern\public\scripts\extensions\third-party\story-orchestrator\node_modules\jest-circus\build\jestAdapterInit.js:1557:28)
          at new Promise (<anonymous>)
          at callAsyncCircusFn (C:\Users\RolaPorElNapo\AppData\Local\Temp\tmp.IYYsDX5cJ9\SillyTavern\public\scripts\extensions\third-party\story-orchestrator\node_modules\jest-circus\build\jestAdapterInit.js:1497:10)
          at _callCircusTest (C:\Users\RolaPorElNapo\AppData\Local\Temp\tmp.IYYsDX5cJ9\SillyTavern\public\scripts\extensions\third-party\story-orchestrator\node_modules\jest-circus\build\jestAdapterInit.js:1007:40)
          at _runTest (C:\Users\RolaPorElNapo\AppData\Local\Temp\tmp.IYYsDX5cJ9\SillyTavern\public\scripts\extensions\third-party\story-orchestrator\node_modules\jest-circus\build\jestAdapterInit.js:947:3)
          at C:\Users\RolaPorElNapo\AppData\Local\Temp\tmp.IYYsDX5cJ9\SillyTavern\public\scripts\extensions\third-party\story-orchestrator\node_modules\jest-circus\build\jestAdapterInit.js:849:7
          at _runTestsForDescribeBlock (C:\Users\RolaPorElNapo\AppData\Local\Temp\tmp.IYYsDX5cJ9\SillyTavern\public\scripts\extensions\third-party\story-orchestrator\node_modules\jest-circus\build\jestAdapterInit.js:862:11)
          at _runTestsForDescribeBlock (C:\Users\RolaPorElNapo\AppData\Local\Temp\tmp.IYYsDX5cJ9\SillyTavern\public\scripts\extensions\third-party\story-orchestrator\node_modules\jest-circus\build\jestAdapterInit.js:857:11)
          at run (C:\Users\RolaPorElNapo\AppData\Local\Temp\tmp.IYYsDX5cJ9\SillyTavern\public\scripts\extensions\third-party\story-orchestrator\node_modules\jest-circus\build\jestAdapterInit.js:761:3)
          at runAndTransformResultsToJestFormat (C:\Users\RolaPorElNapo\AppData\Local\Temp\tmp.IYYsDX5cJ9\SillyTavern\public\scripts\extensions\third-party\story-orchestrator\node_modules\jest-circus\build\jestAdapterInit.js:1918:21)
          at jestAdapter (C:\Users\RolaPorElNapo\AppData\Local\Temp\tmp.IYYsDX5cJ9\SillyTavern\public\scripts\extensions\third-party\story-orchestrator\node_modules\jest-circus\build\runner.js:101:19)
          at runTestInternal (C:\Users\RolaPorElNapo\AppData\Local\Temp\tmp.IYYsDX5cJ9\SillyTavern\public\scripts\extensions\third-party\story-orchestrator\node_modules\jest-runner\build\index.js:275:16)
          at runTest (C:\Users\RolaPorElNapo\AppData\Local\Temp\tmp.IYYsDX5cJ9\SillyTavern\public\scripts\extensions\third-party\story-orchestrator\node_modules\jest-runner\build\index.js:343:7)

    [0m [90m 152 |[39m       item[33m.[39mrun(context)[33m;[39m
     [90m 153 |[39m     } [36mcatch[39m (error) {
    [31m[1m>[22m[39m[90m 154 |[39m       console[33m.[39mwarn([32m`[Story Orchestrator] boundary work '${item.id}' failed`[39m[33m,[39m error)[33m;[39m
     [90m     |[39m               [31m[1m^[22m[39m
     [90m 155 |[39m     }
     [90m 156 |[39m   }
     [90m 157 |[39m }[0m

      at runBoundaryWork (src/runtime/boundaryWork.ts:154:15)
      at Object.<anonymous> (src/runtime/boundaryWork.test.ts:108:20)

    console.warn
      [Story Orchestrator] boundary work 'continuity-warden' failed TypeError: manager.runWardenPass is not a function
          at Object.run (C:\Users\RolaPorElNapo\AppData\Local\Temp\tmp.IYYsDX5cJ9\SillyTavern\public\scripts\extensions\third-party\story-orchestrator\src\runtime\boundaryWork.ts:115:20)
          at runBoundaryWork (C:\Users\RolaPorElNapo\AppData\Local\Temp\tmp.IYYsDX5cJ9\SillyTavern\public\scripts\extensions\third-party\story-orchestrator\src\runtime\boundaryWork.ts:152:12)
          at Object.<anonymous> (C:\Users\RolaPorElNapo\AppData\Local\Temp\tmp.IYYsDX5cJ9\SillyTavern\public\scripts\extensions\third-party\story-orchestrator\src\runtime\boundaryWork.test.ts:108:20)
          at Promise.finally.completed (C:\Users\RolaPorElNapo\AppData\Local\Temp\tmp.IYYsDX5cJ9\SillyTavern\public\scripts\extensions\third-party\story-orchestrator\node_modules\jest-circus\build\jestAdapterInit.js:1557:28)
          at new Promise (<anonymous>)
          at callAsyncCircusFn (C:\Users\RolaPorElNapo\AppData\Local\Temp\tmp.IYYsDX5cJ9\SillyTavern\public\scripts\extensions\third-party\story-orchestrator\node_modules\jest-circus\build\jestAdapterInit.js:1497:10)
          at _callCircusTest (C:\Users\RolaPorElNapo\AppData\Local\Temp\tmp.IYYsDX5cJ9\SillyTavern\public\scripts\extensions\third-party\story-orchestrator\node_modules\jest-circus\build\jestAdapterInit.js:1007:40)
          at _runTest (C:\Users\RolaPorElNapo\AppData\Local\Temp\tmp.IYYsDX5cJ9\SillyTavern\public\scripts\extensions\third-party\story-orchestrator\node_modules\jest-circus\build\jestAdapterInit.js:947:3)
          at C:\Users\RolaPorElNapo\AppData\Local\Temp\tmp.IYYsDX5cJ9\SillyTavern\public\scripts\extensions\third-party\story-orchestrator\node_modules\jest-circus\build\jestAdapterInit.js:849:7
          at _runTestsForDescribeBlock (C:\Users\RolaPorElNapo\AppData\Local\Temp\tmp.IYYsDX5cJ9\SillyTavern\public\scripts\extensions\third-party\story-orchestrator\node_modules\jest-circus\build\jestAdapterInit.js:862:11)
          at _runTestsForDescribeBlock (C:\Users\RolaPorElNapo\AppData\Local\Temp\tmp.IYYsDX5cJ9\SillyTavern\public\scripts\extensions\third-party\story-orchestrator\node_modules\jest-circus\build\jestAdapterInit.js:857:11)
          at run (C:\Users\RolaPorElNapo\AppData\Local\Temp\tmp.IYYsDX5cJ9\SillyTavern\public\scripts\extensions\third-party\story-orchestrator\node_modules\jest-circus\build\jestAdapterInit.js:761:3)
          at runAndTransformResultsToJestFormat (C:\Users\RolaPorElNapo\AppData\Local\Temp\tmp.IYYsDX5cJ9\SillyTavern\public\scripts\extensions\third-party\story-orchestrator\node_modules\jest-circus\build\jestAdapterInit.js:1918:21)
          at jestAdapter (C:\Users\RolaPorElNapo\AppData\Local\Temp\tmp.IYYsDX5cJ9\SillyTavern\public\scripts\extensions\third-party\story-orchestrator\node_modules\jest-circus\build\runner.js:101:19)
          at runTestInternal (C:\Users\RolaPorElNapo\AppData\Local\Temp\tmp.IYYsDX5cJ9\SillyTavern\public\scripts\extensions\third-party\story-orchestrator\node_modules\jest-runner\build\index.js:275:16)
          at runTest (C:\Users\RolaPorElNapo\AppData\Local\Temp\tmp.IYYsDX5cJ9\SillyTavern\public\scripts\extensions\third-party\story-orchestrator\node_modules\jest-runner\build\index.js:343:7)

    [0m [90m 152 |[39m       item[33m.[39mrun(context)[33m;[39m
     [90m 153 |[39m     } [36mcatch[39m (error) {
    [31m[1m>[22m[39m[90m 154 |[39m       console[33m.[39mwarn([32m`[Story Orchestrator] boundary work '${item.id}' failed`[39m[33m,[39m error)[33m;[39m
     [90m     |[39m               [31m[1m^[22m[39m
     [90m 155 |[39m     }
     [90m 156 |[39m   }
     [90m 157 |[39m }[0m

      at runBoundaryWork (src/runtime/boundaryWork.ts:154:15)
      at Object.<anonymous> (src/runtime/boundaryWork.test.ts:108:20)

PASS src/memory/stores.test.ts
PASS src/runtime/awayRecap.test.ts
PASS src/judge/expansion.test.ts
PASS src/copilot/authoring.test.ts
PASS src/memory/inject.test.ts
PASS src/extraction/parse.test.ts
PASS src/runtime/blobChatStamp.review.test.ts
  ● Console

    console.warn
      [Story Orchestrator] blob-chat-mismatch: chat_metadata holds state stamped for chat chat-a while chat-b is open; treating this chat as having no story selected

    [0m [90m 48 |[39m   }
     [90m 49 |[39m   [36mif[39m (current) {
    [31m[1m>[22m[39m[90m 50 |[39m     console[33m.[39mwarn([32m`[Story Orchestrator] blob-chat-mismatch: chat_metadata holds state stamped for chat ${String(current.chatId)} while ${String(openChatId())} is open; treating this chat as having no story selected`[39m)[33m;[39m
     [90m    |[39m             [31m[1m^[22m[39m
     [90m 51 |[39m   }
     [90m 52 |[39m   [36mconst[39m blob [33m=[39m createBlob()[33m;[39m
     [90m 53 |[39m   metadata[[33mMETADATA_KEY[39m] [33m=[39m blob[33m;[39m[0m

      at getMetadataBlob (src/runtime/persistence.ts:50:13)
      at src/runtime/blobChatStamp.review.test.ts:48:31
      at Object.<anonymous> (test/findings/ledger.ts:102:49)

PASS src/runtime/findingsLedger.test.ts
  ● Console

    console.info
      {
        "findingsLedger": {
          "open": 4,
          "closed": 26,
          "byDesign": 1,
          "byOwningPlan": {
            "10": [
              "F4"
            ],
            "07": [
              "C4"
            ],
            "06": [
              "F2"
            ],
            "01": [
              "F3"
            ]
          },
          "reproductionsStillToWrite": []
        }
      }

      at Object.<anonymous> (src/runtime/findingsLedger.test.ts:82:13)

PASS src/extraction/judgedRead.test.ts
PASS src/runtime/turnBridgeOwnership.review.test.ts
PASS src/runtime/continuity.test.ts
PASS src/runtime/slashCommands.test.ts
PASS src/engine/exampleStory.test.ts
PASS src/engine/stagecraftFormat.test.ts
PASS src/memory/longFixture.test.ts
PASS src/runtime/worldInfoGates.test.ts
PASS src/runtime/npcRepliesOwnership.review.test.ts
PASS src/runtime/pipeline.test.ts
PASS src/runtime/mirrorOwnership.review.test.ts
PASS src/copilot/validate.test.ts
PASS src/runtime/rollback.test.ts
PASS src/runtime/coordinators/copilotOwnership.review.test.ts
PASS src/runtime/extrasLegacy.test.ts
PASS src/runtime/persistenceMigration.test.ts
  ● Console

    console.warn
      [Story Orchestrator] chat state for unknown story hash v2-oldhash kept as 'legacy-v2-oldhash' (no library record to pin from)

    [0m [90m 44 |[39m       extras[33m:[39m entry[33m.[39mextras [36mas[39m [33mPersistedStoryRuntime[39m[[32m"extras"[39m][33m,[39m
     [90m 45 |[39m     }[33m;[39m
    [31m[1m>[22m[39m[90m 46 |[39m     [36mif[39m ([33m![39mrecord) console[33m.[39mwarn([32m`[Story Orchestrator] chat state for unknown story hash ${hash} kept as '${id}' (no library record to pin from)`[39m)[33m;[39m
     [90m    |[39m                          [31m[1m^[22m[39m
     [90m 47 |[39m   }
     [90m 48 |[39m
     [90m 49 |[39m   [36mconst[39m selectedHash [33m=[39m legacy[33m.[39mselectedStoryHash [33m?[39m[33m?[39m [36mnull[39m[33m;[39m[0m

      at migrateMetadataBlob (src/runtime/persistenceMigration.ts:46:26)
      at Object.<anonymous> (src/runtime/persistenceMigration.test.ts:59:37)

PASS src/runtime/sceneStale.review.test.ts
PASS src/memory/parse.test.ts
PASS src/runtime/narrative.test.ts
PASS src/services/stHost/authorNotes.test.ts
PASS src/engine/agency.test.ts
PASS src/runtime/agencyRecovery.test.ts
PASS src/extraction/reconcile.test.ts
PASS src/runtime/macros.test.ts
PASS src/runtime/runGuard.test.ts
PASS src/runtime/selfTest.review.test.ts
PASS src/judge/cancelled.review.test.ts
PASS src/engine/convergence.property.test.ts
PASS src/studio/draft.test.ts
PASS src/memory/budget.test.ts
PASS src/runtime/curatorFilter.test.ts
PASS src/runtime/saveHealth.test.ts
PASS src/wizard/ownership.review.test.ts
PASS src/memory/canon.test.ts
PASS src/runtime/settingsView.review.test.ts
PASS src/utils/string.test.ts
PASS src/runtime/persistenceRetention.test.ts
PASS src/generation/merge.review.test.ts
PASS src/runtime/epochAbort.review.test.ts
PASS src/memory/score.test.ts
PASS src/extraction/evidence.test.ts
PASS src/generation/latchGuard.test.ts
PASS src/runtime/wizardSessions.test.ts
PASS src/extraction/scopeExplain.test.ts
PASS src/runtime/settingsLoad.test.ts
PASS src/services/stHost/slashCommands.test.ts
PASS src/judge/numbers.test.ts
PASS src/studio/gateOptions.test.ts
PASS src/memory/sceneDetect.test.ts
PASS src/studio/qualityUsage.test.ts
PASS src/runtime/storyUpdate.review.test.ts
PASS src/extraction/cues.test.ts
PASS src/extraction/client.test.ts
PASS src/memory/supersede.test.ts
PASS src/extraction/hintSidecars.test.ts
PASS src/engine/independentStory.test.ts
PASS src/engine/rosterRole.test.ts
PASS src/studio/io.test.ts
PASS src/services/stHost/extensionPrompts.test.ts
PASS src/studio/graphAdapter.test.ts
PASS src/services/stHost/judge.review.test.ts
PASS src/engine/journeyStories.test.ts
PASS src/constants/injectionRegistry.test.ts

findings ledger: 4 open, 27 settled

Test Suites: 141 passed, 141 total
Tests:       2407 passed, 2407 total
Snapshots:   0 total
Time:        56.626 s
Ran all test suites.
[clean-host] test OK
[clean-host] == build ==

> story-orchestrator@2.3.0 build
> webpack --mode production && node scripts/release/manifest.mjs

Browserslist: browsers data (caniuse-lite) is 12 months old. Please run:
  npx update-browserslist-db@latest
  Why you should do it regularly: https://github.com/browserslist/update-db#readme
asset [1m[33mindex.js[39m[22m [1m[33m1.45 MiB[39m[22m [1m[32m[emitted][39m[22m [1m[32m[minimized][39m[22m [1m[33m[big][39m[22m (name: main)
asset [1m[32m111.index.js[39m[22m 83.2 KiB [1m[32m[emitted][39m[22m [1m[32m[minimized][39m[22m (id hint: vendors)
orphan modules 1.42 MiB [1m[33m[orphan][39m[22m 66 modules
runtime modules 10.4 KiB 14 modules
modules by path [1m./node_modules/[39m[22m 853 KiB
  modules by path [1m./node_modules/lodash/*.js[39m[22m 187 KiB 240 modules
  modules by path [1m./node_modules/dagre/[39m[22m 77.1 KiB 30 modules
  modules by path [1m./node_modules/graphlib/[39m[22m 28 KiB 20 modules
  modules by path [1m./node_modules/style-loader/dist/runtime/*.js[39m[22m 5.84 KiB 6 modules
  modules by path [1m./node_modules/react/[39m[22m 18 KiB 4 modules
  modules by path [1m./node_modules/react-dom/[39m[22m 512 KiB 4 modules
  modules by path [1m./node_modules/scheduler/[39m[22m 10.1 KiB 2 modules
  modules by path [1m./node_modules/css-loader/dist/runtime/*.js[39m[22m 2.31 KiB 2 modules
  [1m./node_modules/cytoscape-dagre/cytoscape-dagre.js[39m[22m 12.4 KiB [1m[33m[built][39m[22m [1m[33m[code generated][39m[22m
modules by path [1m./src/[39m[22m 2.63 MiB 181 modules
[1m./package.json[39m[22m 3.57 KiB [1m[33m[built][39m[22m [1m[33m[code generated][39m[22m

[1m[33mWARNING[39m[22m in [1masset size limit: The following asset(s) exceed the recommended size limit (244 KiB).
This can impact web performance.
Assets: 
  index.js (1.45 MiB)[39m[22m

[1m[33mWARNING[39m[22m in [1mentrypoint size limit: The following entrypoint(s) combined asset size exceeds the recommended limit (244 KiB). This can impact web performance.
Entrypoints:
  main (1.45 MiB)
      index.js
[39m[22m

webpack 5.90.3 compiled with [1m[33m2 warnings[39m[22m in 28406 ms
build manifest → dist\manifest.json (bundle 480d4d3c7991, source a86eb56d2c8f, ST 1.19.0)
[clean-host] build OK
[clean-host] == test:release ==

> story-orchestrator@2.3.0 test:release
> node --test "scripts/release/*.test.mjs"

TAP version 13
# Subtest: the build manifest describes the bytes actually built
ok 1 - the build manifest describes the bytes actually built
  ---
  duration_ms: 146.9601
  type: 'test'
  ...
# Subtest: the source hash is over the tree and is stable
ok 2 - the source hash is over the tree and is stable
  ---
  duration_ms: 258.3137
  type: 'test'
  ...
# Subtest: the capability list is the one the code declares
ok 3 - the capability list is the one the code declares
  ---
  duration_ms: 128.8527
  type: 'test'
  ...
# Subtest: the host section names the SillyTavern it was built against
ok 4 - the host section names the SillyTavern it was built against
  ---
  duration_ms: 127.4823
  type: 'test'
  ...
1..4
# tests 4
# suites 0
# pass 4
# fail 0
# cancelled 0
# skipped 0
# todo 0
# duration_ms 760.6038
[clean-host] test:release OK
[clean-host] == test-storybook:ci ==

> story-orchestrator@2.3.0 test-storybook:ci
> npm run storybook:build && concurrently -k -s first -n SB,TEST "npm run serve-sb" "wait-on -t 60000 http://127.0.0.1:6006 && npm run test-storybook"


> story-orchestrator@2.3.0 storybook:build
> node node_modules/storybook/bin/index.cjs build --output-dir .sb-static --disable-telemetry

[1m@storybook/core v8.6.14
[22m
info => Cleaning outputDir: [36m.sb-static[39m
info => Loading presets
info => Building manager..
info => Manager built ([38;2;181;126;229m664 ms[39m)
info => Building preview..
info Addon-docs: using MDX3
info => Using implicit CSS loaders
info => Using default Webpack5 setup
Browserslist: browsers data (caniuse-lite) is 12 months old. Please run:
  npx update-browserslist-db@latest
  Why you should do it regularly: https://github.com/browserslist/update-db#readme
<s> [webpack.Progress] 0% 

<s> [webpack.Progress] 1% setup before run
<s> [webpack.Progress] 1% setup before run NodeEnvironmentPlugin
<s> [webpack.Progress] 1% setup before run
<s> [webpack.Progress] 2% setup run
<s> [webpack.Progress] 2% setup run
<s> [webpack.Progress] 4% setup normal module factory
<s> [webpack.Progress] 4% setup normal module factory CaseSensitivePathsPlugin
<s> [webpack.Progress] 4% setup normal module factory
<s> [webpack.Progress] 5% setup context module factory
<s> [webpack.Progress] 5% setup context module factory
<s> [webpack.Progress] 6% setup before compile
<s> [webpack.Progress] 6% setup before compile ProgressPlugin
<s> [webpack.Progress] 6% setup before compile
<s> [webpack.Progress] 7% setup compile
<s> [webpack.Progress] 7% setup compile ExternalsPlugin
<s> [webpack.Progress] 7% setup compile ExternalsPlugin
<s> [webpack.Progress] 7% setup compile
<s> [webpack.Progress] 8% setup compilation
<s> [webpack.Progress] 8% setup compilation HtmlWebpackPlugin
<s> [webpack.Progress] 8% setup compilation unplugin-csf
<s> [webpack.Progress] 8% setup compilation ArrayPushCallbackChunkFormatPlugin
<s> [webpack.Progress] 8% setup compilation JsonpChunkLoadingPlugin
<s> [webpack.Progress] 8% setup compilation StartupChunkDependenciesPlugin
<s> [webpack.Progress] 8% setup compilation ImportScriptsChunkLoadingPlugin
<s> [webpack.Progress] 8% setup compilation FetchCompileWasmPlugin
<s> [webpack.Progress] 8% setup compilation FetchCompileAsyncWasmPlugin
<s> [webpack.Progress] 8% setup compilation WorkerPlugin
<s> [webpack.Progress] 8% setup compilation SplitChunksPlugin
<s> [webpack.Progress] 8% setup compilation RuntimeChunkPlugin
<s> [webpack.Progress] 8% setup compilation ResolverCachePlugin
<s> [webpack.Progress] 8% setup compilation
<s> [webpack.Progress] 9% setup compilation
<s> [webpack.Progress] 9% setup compilation DefinePlugin
<s> [webpack.Progress] 9% setup compilation ProvidePlugin
<s> [webpack.Progress] 9% setup compilation ProgressPlugin
<s> [webpack.Progress] 9% setup compilation ChunkPrefetchPreloadPlugin
<s> [webpack.Progress] 9% setup compilation SourceMapDevToolPlugin
<s> [webpack.Progress] 9% setup compilation JavascriptModulesPlugin
<s> [webpack.Progress] 9% setup compilation JsonModulesPlugin
<s> [webpack.Progress] 9% setup compilation AssetModulesPlugin
<s> [webpack.Progress] 9% setup compilation EntryPlugin
<s> [webpack.Progress] 9% setup compilation RuntimePlugin
<s> [webpack.Progress] 9% setup compilation InferAsyncModulesPlugin
<s> [webpack.Progress] 9% setup compilation DataUriPlugin
<s> [webpack.Progress] 9% setup compilation FileUriPlugin
<s> [webpack.Progress] 9% setup compilation CompatibilityPlugin
<s> [webpack.Progress] 9% setup compilation HarmonyModulesPlugin
<s> [webpack.Progress] 9% setup compilation AMDPlugin
<s> [webpack.Progress] 9% setup compilation RequireJsStuffPlugin
<s> [webpack.Progress] 9% setup compilation CommonJsPlugin
<s> [webpack.Progress] 9% setup compilation LoaderPlugin
<s> [webpack.Progress] 9% setup compilation LoaderPlugin
<s> [webpack.Progress] 9% setup compilation NodeStuffPlugin
<s> [webpack.Progress] 9% setup compilation APIPlugin
<s> [webpack.Progress] 9% setup compilation ExportsInfoApiPlugin
<s> [webpack.Progress] 9% setup compilation WebpackIsIncludedPlugin
<s> [webpack.Progress] 9% setup compilation ConstPlugin
<s> [webpack.Progress] 9% setup compilation UseStrictPlugin
<s> [webpack.Progress] 9% setup compilation RequireIncludePlugin
<s> [webpack.Progress] 9% setup compilation RequireEnsurePlugin
<s> [webpack.Progress] 9% setup compilation RequireContextPlugin
<s> [webpack.Progress] 9% setup compilation ImportPlugin
<s> [webpack.Progress] 9% setup compilation ImportMetaContextPlugin
<s> [webpack.Progress] 9% setup compilation SystemPlugin
<s> [webpack.Progress] 9% setup compilation ImportMetaPlugin
<s> [webpack.Progress] 9% setup compilation URLPlugin
<s> [webpack.Progress] 9% setup compilation DefaultStatsFactoryPlugin
<s> [webpack.Progress] 9% setup compilation DefaultStatsPresetPlugin
<s> [webpack.Progress] 9% setup compilation DefaultStatsPrinterPlugin
<s> [webpack.Progress] 9% setup compilation JavascriptMetaInfoPlugin
<s> [webpack.Progress] 9% setup compilation EnsureChunkConditionsPlugin
<s> [webpack.Progress] 9% setup compilation RemoveEmptyChunksPlugin
<s> [webpack.Progress] 9% setup compilation MergeDuplicateChunksPlugin
<s> [webpack.Progress] 9% setup compilation FlagIncludedChunksPlugin
<s> [webpack.Progress] 9% setup compilation SideEffectsFlagPlugin
<s> [webpack.Progress] 9% setup compilation FlagDependencyExportsPlugin
<s> [webpack.Progress] 9% setup compilation FlagDependencyUsagePlugin
<s> [webpack.Progress] 9% setup compilation InnerGraphPlugin
<s> [webpack.Progress] 9% setup compilation MangleExportsPlugin
<s> [webpack.Progress] 9% setup compilation ModuleConcatenationPlugin
<s> [webpack.Progress] 9% setup compilation NoEmitOnErrorsPlugin
<s> [webpack.Progress] 9% setup compilation RealContentHashPlugin
<s> [webpack.Progress] 9% setup compilation WasmFinalizeExportsPlugin
<s> [webpack.Progress] 9% setup compilation NamedModuleIdsPlugin
<s> [webpack.Progress] 9% setup compilation DeterministicChunkIdsPlugin
<s> [webpack.Progress] 9% setup compilation DefinePlugin
<s> [webpack.Progress] 9% setup compilation TerserPlugin
<s> [webpack.Progress] 9% setup compilation TemplatedPathPlugin
<s> [webpack.Progress] 9% setup compilation RecordIdsPlugin
<s> [webpack.Progress] 9% setup compilation WarnCaseSensitiveModulesPlugin
<s> [webpack.Progress] 9% setup compilation IgnoreWarningsPlugin
<s> [webpack.Progress] 9% setup compilation
<s> [webpack.Progress] 10% building
<s> [webpack.Progress] 10% building 0/1 entries 0/0 dependencies 0/0 modules
<s> [webpack.Progress] 10% building import loader ./node_modules/babel-loader/lib/index.js
<s> [webpack.Progress] 10% building import loader ./node_modules/@storybook/preset-react-webpack/dist/loaders/react-docgen-loader.js
<s> [webpack.Progress] 10% building 0/1 entries 1/1 dependencies 0/1 modules
info Using tsconfig paths for react-docgen
info => Copying static files: [36m..\..\..\..\webfonts[39m at [36m.sb-static\st-public\webfonts[39m
<s> [webpack.Progress] 10% building 0/1 entries 1/2 dependencies 0/1 modules
<s> [webpack.Progress] 10% building import loader ./node_modules/style-loader/dist/cjs.js
<s> [webpack.Progress] 10% building import loader ./node_modules/css-loader/dist/cjs.js
<s> [webpack.Progress] 10% building import loader ./node_modules/postcss-loader/dist/cjs.js
<s> [webpack.Progress] 10% building 0/1 entries 30/48 dependencies 5/25 modules
<s> [webpack.Progress] 10% building 0/1 entries 84/96 dependencies 15/54 modules
<s> [webpack.Progress] 12% building 0/1 entries 135/140 dependencies 37/75 modules
<s> [webpack.Progress] 14% building import loader ./node_modules/@storybook/csf-plugin/dist/webpack-loader.js
<s> [webpack.Progress] 14% building import loader ./node_modules/@storybook/builder-webpack5/dist/loaders/export-order-loader.js
<s> [webpack.Progress] 14% building 0/1 entries 245/247 dependencies 81/128 modules
<s> [webpack.Progress] 14% building 0/1 entries 265/300 dependencies 86/132 modules
<s> [webpack.Progress] 14% building 0/1 entries 300/301 dependencies 86/150 modules
<s> [webpack.Progress] 16% building 0/1 entries 380/400 dependencies 124/189 modules
<s> [webpack.Progress] 19% building 0/1 entries 493/500 dependencies 176/225 modules
<s> [webpack.Progress] 21% building 0/1 entries 750/800 dependencies 206/337 modules
<s> [webpack.Progress] 22% building 0/1 entries 900/930 dependencies 235/372 modules
<s> [webpack.Progress] 25% building 0/1 entries 1200/1231 dependencies 275/467 modules
<s> [webpack.Progress] 30% building 0/1 entries 1451/1471 dependencies 372/500 modules
<s> [webpack.Progress] 65% building 1/1 entries 1673/1673 dependencies 577/577 modules
<s> [webpack.Progress] 65% building
<s> [webpack.Progress] 69% building finish
<s> [webpack.Progress] 69% building finish
<s> [webpack.Progress] 70% sealing finish module graph
<s> [webpack.Progress] 70% sealing finish module graph ResolverCachePlugin
<s> [webpack.Progress] 70% sealing finish module graph InferAsyncModulesPlugin
<s> [webpack.Progress] 70% sealing finish module graph FlagDependencyExportsPlugin
<s> [webpack.Progress] 70% sealing finish module graph InnerGraphPlugin
<s> [webpack.Progress] 70% sealing finish module graph WasmFinalizeExportsPlugin
<s> [webpack.Progress] 70% sealing finish module graph
<s> [webpack.Progress] 70% sealing plugins
<s> [webpack.Progress] 70% sealing plugins WarnCaseSensitiveModulesPlugin
<s> [webpack.Progress] 70% sealing plugins
<s> [webpack.Progress] 71% sealing dependencies optimization
<s> [webpack.Progress] 71% sealing dependencies optimization SideEffectsFlagPlugin
<s> [webpack.Progress] 71% sealing dependencies optimization FlagDependencyUsagePlugin
<s> [webpack.Progress] 71% sealing dependencies optimization
<s> [webpack.Progress] 71% sealing after dependencies optimization
<s> [webpack.Progress] 71% sealing after dependencies optimization
<s> [webpack.Progress] 72% sealing chunk graph
<s> [webpack.Progress] 72% sealing chunk graph
<s> [webpack.Progress] 73% sealing after chunk graph
<s> [webpack.Progress] 73% sealing after chunk graph
<s> [webpack.Progress] 73% sealing optimizing
<s> [webpack.Progress] 73% sealing optimizing
<s> [webpack.Progress] 74% sealing module optimization
<s> [webpack.Progress] 74% sealing module optimization
<s> [webpack.Progress] 75% sealing after module optimization
<s> [webpack.Progress] 75% sealing after module optimization
<s> [webpack.Progress] 75% sealing chunk optimization
<s> [webpack.Progress] 75% sealing chunk optimization EnsureChunkConditionsPlugin
<s> [webpack.Progress] 75% sealing chunk optimization RemoveEmptyChunksPlugin
<s> [webpack.Progress] 75% sealing chunk optimization MergeDuplicateChunksPlugin
<s> [webpack.Progress] 75% sealing chunk optimization SplitChunksPlugin
<s> [webpack.Progress] 75% sealing chunk optimization RemoveEmptyChunksPlugin
<s> [webpack.Progress] 75% sealing chunk optimization
<s> [webpack.Progress] 76% sealing after chunk optimization
<s> [webpack.Progress] 76% sealing after chunk optimization
<s> [webpack.Progress] 77% sealing module and chunk tree optimization
<s> [webpack.Progress] 77% sealing module and chunk tree optimization PersistentChildCompilerSingletonPlugin
<s> [webpack.Progress] 77% sealing module and chunk tree optimization
<s> [webpack.Progress] 77% sealing after module and chunk tree optimization
<s> [webpack.Progress] 77% sealing after module and chunk tree optimization
<s> [webpack.Progress] 78% sealing chunk modules optimization
<s> [webpack.Progress] 78% sealing chunk modules optimization ModuleConcatenationPlugin
<s> [webpack.Progress] 78% sealing chunk modules optimization
<s> [webpack.Progress] 78% sealing after chunk modules optimization
<s> [webpack.Progress] 78% sealing after chunk modules optimization
<s> [webpack.Progress] 79% sealing module reviving
<s> [webpack.Progress] 79% sealing module reviving RecordIdsPlugin
<s> [webpack.Progress] 79% sealing module reviving
<s> [webpack.Progress] 80% sealing before module ids
<s> [webpack.Progress] 80% sealing before module ids
<s> [webpack.Progress] 80% sealing module ids
<s> [webpack.Progress] 80% sealing module ids NamedModuleIdsPlugin
<s> [webpack.Progress] 80% sealing module ids
<s> [webpack.Progress] 81% sealing module id optimization
<s> [webpack.Progress] 81% sealing module id optimization
<s> [webpack.Progress] 82% sealing module id optimization
<s> [webpack.Progress] 82% sealing module id optimization
<s> [webpack.Progress] 82% sealing chunk reviving
<s> [webpack.Progress] 82% sealing chunk reviving RecordIdsPlugin
<s> [webpack.Progress] 82% sealing chunk reviving
<s> [webpack.Progress] 83% sealing before chunk ids
<s> [webpack.Progress] 83% sealing before chunk ids
<s> [webpack.Progress] 84% sealing chunk ids
<s> [webpack.Progress] 84% sealing chunk ids DeterministicChunkIdsPlugin
<s> [webpack.Progress] 84% sealing chunk ids
<s> [webpack.Progress] 84% sealing chunk id optimization
<s> [webpack.Progress] 84% sealing chunk id optimization FlagIncludedChunksPlugin
<s> [webpack.Progress] 84% sealing chunk id optimization
<s> [webpack.Progress] 85% sealing after chunk id optimization
<s> [webpack.Progress] 85% sealing after chunk id optimization
<s> [webpack.Progress] 86% sealing record modules
<s> [webpack.Progress] 86% sealing record modules RecordIdsPlugin
<s> [webpack.Progress] 86% sealing record modules
<s> [webpack.Progress] 86% sealing record chunks
<s> [webpack.Progress] 86% sealing record chunks RecordIdsPlugin
<s> [webpack.Progress] 86% sealing record chunks
<s> [webpack.Progress] 87% sealing module hashing
<s> [webpack.Progress] 87% sealing module hashing
<s> [webpack.Progress] 87% sealing code generation
<s> [webpack.Progress] 87% sealing code generation
<s> [webpack.Progress] 88% sealing runtime requirements
<s> [webpack.Progress] 88% sealing runtime requirements
<s> [webpack.Progress] 89% sealing hashing
<s> [webpack.Progress] 89% sealing hashing
<s> [webpack.Progress] 89% sealing after hashing
<s> [webpack.Progress] 89% sealing after hashing
<s> [webpack.Progress] 90% sealing record hash
<s> [webpack.Progress] 90% sealing record hash
<s> [webpack.Progress] 91% sealing module assets processing
<s> [webpack.Progress] 91% sealing module assets processing
<s> [webpack.Progress] 91% sealing chunk assets processing
<s> [webpack.Progress] 91% sealing chunk assets processing
<s> [webpack.Progress] 92% sealing asset processing
<s> [webpack.Progress] 92% sealing asset processing PersistentChildCompilerSingletonPlugin
<s> [webpack.Progress] 92% sealing asset processing TerserPlugin
<s> [webpack.Progress] 92% sealing asset processing SourceMapDevToolPlugin
<s> [webpack.Progress] 92% sealing asset processing SourceMapDevToolPlugin
<s> [webpack.Progress] 92% sealing asset processing SourceMapDevToolPlugin main.72d5b09b.iframe.bundle.js generate SourceMap
<s> [webpack.Progress] 92% sealing asset processing SourceMapDevToolPlugin main.72d5b09b.iframe.bundle.js generated SourceMap
<s> [webpack.Progress] 92% sealing asset processing SourceMapDevToolPlugin runtime~main.68a880a1.iframe.bundle.js generate SourceMap
<s> [webpack.Progress] 92% sealing asset processing SourceMapDevToolPlugin runtime~main.68a880a1.iframe.bundle.js generated SourceMap
<s> [webpack.Progress] 92% sealing asset processing SourceMapDevToolPlugin components-drawer-ConflictQueue-stories.89c940df.iframe.bundle.js generate SourceMap
<s> [webpack.Progress] 92% sealing asset processing SourceMapDevToolPlugin components-drawer-ConflictQueue-stories.89c940df.iframe.bundle.js generated SourceMap
<s> [webpack.Progress] 92% sealing asset processing SourceMapDevToolPlugin components-drawer-DrawerTabs-stories.bc470a3f.iframe.bundle.js generate SourceMap
<s> [webpack.Progress] 92% sealing asset processing SourceMapDevToolPlugin components-drawer-DrawerTabs-stories.bc470a3f.iframe.bundle.js generated SourceMap
<s> [webpack.Progress] 92% sealing asset processing SourceMapDevToolPlugin components-drawer-DriverPanel-stories.c6ddf755.iframe.bundle.js generate SourceMap
<s> [webpack.Progress] 92% sealing asset processing SourceMapDevToolPlugin components-drawer-DriverPanel-stories.c6ddf755.iframe.bundle.js generated SourceMap
<s> [webpack.Progress] 92% sealing asset processing SourceMapDevToolPlugin components-drawer-HudStrip-stories.d103edba.iframe.bundle.js generate SourceMap
<s> [webpack.Progress] 92% sealing asset processing SourceMapDevToolPlugin components-drawer-HudStrip-stories.d103edba.iframe.bundle.js generated SourceMap
<s> [webpack.Progress] 92% sealing asset processing SourceMapDevToolPlugin components-drawer-PlayerOverview-stories.50e366f2.iframe.bundle.js generate SourceMap
<s> [webpack.Progress] 92% sealing asset processing SourceMapDevToolPlugin components-drawer-PlayerOverview-stories.50e366f2.iframe.bundle.js generated SourceMap
<s> [webpack.Progress] 92% sealing asset processing SourceMapDevToolPlugin components-drawer-StagecraftPanel-stories.3c4582e9.iframe.bundle.js generate SourceMap
<s> [webpack.Progress] 92% sealing asset processing SourceMapDevToolPlugin components-drawer-StagecraftPanel-stories.3c4582e9.iframe.bundle.js generated SourceMap
<s> [webpack.Progress] 92% sealing asset processing SourceMapDevToolPlugin components-settings-CapabilitiesGroup-stories.bbbbf58a.iframe.bundle.js generate SourceMap
<s> [webpack.Progress] 92% sealing asset processing SourceMapDevToolPlugin components-settings-CapabilitiesGroup-stories.bbbbf58a.iframe.bundle.js generated SourceMap
<s> [webpack.Progress] 92% sealing asset processing SourceMapDevToolPlugin components-settings-JudgeSettingsGroup-stories.1f3ce540.iframe.bundle.js generate SourceMap
<s> [webpack.Progress] 92% sealing asset processing SourceMapDevToolPlugin components-settings-JudgeSettingsGroup-stories.1f3ce540.iframe.bundle.js generated SourceMap
<s> [webpack.Progress] 92% sealing asset processing SourceMapDevToolPlugin components-studio-FeedbackAlert-stories.e7f2d76d.iframe.bundle.js generate SourceMap
<s> [webpack.Progress] 92% sealing asset processing SourceMapDevToolPlugin components-studio-FeedbackAlert-stories.e7f2d76d.iframe.bundle.js generated SourceMap
<s> [webpack.Progress] 92% sealing asset processing SourceMapDevToolPlugin components-studio-GraphPanel-stories.66815340.iframe.bundle.js generate SourceMap
<s> [webpack.Progress] 92% sealing asset processing SourceMapDevToolPlugin components-studio-GraphPanel-stories.66815340.iframe.bundle.js generated SourceMap
<s> [webpack.Progress] 92% sealing asset processing SourceMapDevToolPlugin components-studio-HelpTooltip-stories.ba0a7aa0.iframe.bundle.js generate SourceMap
<s> [webpack.Progress] 92% sealing asset processing SourceMapDevToolPlugin components-studio-HelpTooltip-stories.ba0a7aa0.iframe.bundle.js generated SourceMap
<s> [webpack.Progress] 92% sealing asset processing SourceMapDevToolPlugin components-studio-MultiSelect-stories.a65e46eb.iframe.bundle.js generate SourceMap
<s> [webpack.Progress] 92% sealing asset processing SourceMapDevToolPlugin components-studio-MultiSelect-stories.a65e46eb.iframe.bundle.js generated SourceMap
<s> [webpack.Progress] 92% sealing asset processing SourceMapDevToolPlugin components-studio-Toolbar-stories.fed2ed04.iframe.bundle.js generate SourceMap
<s> [webpack.Progress] 92% sealing asset processing SourceMapDevToolPlugin components-studio-Toolbar-stories.fed2ed04.iframe.bundle.js generated SourceMap
<s> [webpack.Progress] 92% sealing asset processing SourceMapDevToolPlugin studio-StudioModal-stories.23d860a9.iframe.bundle.js generate SourceMap
<s> [webpack.Progress] 92% sealing asset processing SourceMapDevToolPlugin studio-StudioModal-stories.23d860a9.iframe.bundle.js generated SourceMap
<s> [webpack.Progress] 92% sealing asset processing SourceMapDevToolPlugin studio-components-AgencyEditor-stories.9fa15b9b.iframe.bundle.js generate SourceMap
<s> [webpack.Progress] 92% sealing asset processing SourceMapDevToolPlugin studio-components-AgencyEditor-stories.9fa15b9b.iframe.bundle.js generated SourceMap
<s> [webpack.Progress] 92% sealing asset processing SourceMapDevToolPlugin studio-components-CheckpointEditor-stories.b096e247.iframe.bundle.js generate SourceMap
<s> [webpack.Progress] 92% sealing asset processing SourceMapDevToolPlugin studio-components-CheckpointEditor-stories.b096e247.iframe.bundle.js generated SourceMap
<s> [webpack.Progress] 92% sealing asset processing SourceMapDevToolPlugin studio-components-DiagnosticsPanel-stories.17177c74.iframe.bundle.js generate SourceMap
<s> [webpack.Progress] 92% sealing asset processing SourceMapDevToolPlugin studio-components-DiagnosticsPanel-stories.17177c74.iframe.bundle.js generated SourceMap
<s> [webpack.Progress] 92% sealing asset processing SourceMapDevToolPlugin studio-components-GateBuilder-stories.c4545cc8.iframe.bundle.js generate SourceMap
<s> [webpack.Progress] 92% sealing asset processing SourceMapDevToolPlugin studio-components-GateBuilder-stories.c4545cc8.iframe.bundle.js generated SourceMap
<s> [webpack.Progress] 92% sealing asset processing SourceMapDevToolPlugin studio-components-ProposalReview-stories.20b5597b.iframe.bundle.js generate SourceMap
<s> [webpack.Progress] 92% sealing asset processing SourceMapDevToolPlugin studio-components-ProposalReview-stories.20b5597b.iframe.bundle.js generated SourceMap
<s> [webpack.Progress] 92% sealing asset processing SourceMapDevToolPlugin studio-components-ProvisioningCard-stories.ae9d638b.iframe.bundle.js generate SourceMap
<s> [webpack.Progress] 92% sealing asset processing SourceMapDevToolPlugin studio-components-ProvisioningCard-stories.ae9d638b.iframe.bundle.js generated SourceMap
<s> [webpack.Progress] 92% sealing asset processing SourceMapDevToolPlugin studio-components-QualityEditor-stories.caea5eb7.iframe.bundle.js generate SourceMap
<s> [webpack.Progress] 92% sealing asset processing SourceMapDevToolPlugin studio-components-QualityEditor-stories.caea5eb7.iframe.bundle.js generated SourceMap
<s> [webpack.Progress] 92% sealing asset processing SourceMapDevToolPlugin studio-components-RosterEditor-stories.cf8606d9.iframe.bundle.js generate SourceMap
<s> [webpack.Progress] 92% sealing asset processing SourceMapDevToolPlugin studio-components-RosterEditor-stories.cf8606d9.iframe.bundle.js generated SourceMap
<s> [webpack.Progress] 92% sealing asset processing SourceMapDevToolPlugin studio-components-ScopePreview-stories.a2e595d0.iframe.bundle.js generate SourceMap
<s> [webpack.Progress] 92% sealing asset processing SourceMapDevToolPlugin studio-components-ScopePreview-stories.a2e595d0.iframe.bundle.js generated SourceMap
<s> [webpack.Progress] 92% sealing asset processing SourceMapDevToolPlugin studio-components-StoryEditor-stories.5f6aae42.iframe.bundle.js generate SourceMap
<s> [webpack.Progress] 92% sealing asset processing SourceMapDevToolPlugin studio-components-StoryEditor-stories.5f6aae42.iframe.bundle.js generated SourceMap
<s> [webpack.Progress] 92% sealing asset processing SourceMapDevToolPlugin studio-components-StudioCopilot-stories.b6b532eb.iframe.bundle.js generate SourceMap
<s> [webpack.Progress] 92% sealing asset processing SourceMapDevToolPlugin studio-components-StudioCopilot-stories.b6b532eb.iframe.bundle.js generated SourceMap
<s> [webpack.Progress] 92% sealing asset processing SourceMapDevToolPlugin studio-components-StudioGraph-stories.f569db3e.iframe.bundle.js generate SourceMap
<s> [webpack.Progress] 92% sealing asset processing SourceMapDevToolPlugin studio-components-StudioGraph-stories.f569db3e.iframe.bundle.js generated SourceMap
<s> [webpack.Progress] 92% sealing asset processing SourceMapDevToolPlugin studio-components-StudioToolbar-stories.96e57729.iframe.bundle.js generate SourceMap
<s> [webpack.Progress] 92% sealing asset processing SourceMapDevToolPlugin studio-components-StudioToolbar-stories.96e57729.iframe.bundle.js generated SourceMap
<s> [webpack.Progress] 92% sealing asset processing SourceMapDevToolPlugin studio-components-TalkControlEditor-stories.ea517448.iframe.bundle.js generate SourceMap
<s> [webpack.Progress] 92% sealing asset processing SourceMapDevToolPlugin studio-components-TalkControlEditor-stories.ea517448.iframe.bundle.js generated SourceMap
<s> [webpack.Progress] 92% sealing asset processing SourceMapDevToolPlugin studio-components-TransitionEditor-stories.01413f67.iframe.bundle.js generate SourceMap
<s> [webpack.Progress] 92% sealing asset processing SourceMapDevToolPlugin studio-components-TransitionEditor-stories.01413f67.iframe.bundle.js generated SourceMap
<s> [webpack.Progress] 92% sealing asset processing SourceMapDevToolPlugin studio-components-WizardQuestions-stories.d84f1d24.iframe.bundle.js generate SourceMap
<s> [webpack.Progress] 92% sealing asset processing SourceMapDevToolPlugin studio-components-WizardQuestions-stories.d84f1d24.iframe.bundle.js generated SourceMap
<s> [webpack.Progress] 92% sealing asset processing SourceMapDevToolPlugin 5161.310fa4f7.iframe.bundle.js generate SourceMap
<s> [webpack.Progress] 92% sealing asset processing SourceMapDevToolPlugin 5161.310fa4f7.iframe.bundle.js generated SourceMap
<s> [webpack.Progress] 92% sealing asset processing SourceMapDevToolPlugin 8735.4508f4c6.iframe.bundle.js generate SourceMap
<s> [webpack.Progress] 92% sealing asset processing SourceMapDevToolPlugin 8735.4508f4c6.iframe.bundle.js generated SourceMap
<s> [webpack.Progress] 92% sealing asset processing SourceMapDevToolPlugin 8980.2cbfb706.iframe.bundle.js generate SourceMap
<s> [webpack.Progress] 92% sealing asset processing SourceMapDevToolPlugin 8980.2cbfb706.iframe.bundle.js generated SourceMap
<s> [webpack.Progress] 92% sealing asset processing SourceMapDevToolPlugin 8609.cb3b8f2f.iframe.bundle.js generate SourceMap
<s> [webpack.Progress] 92% sealing asset processing SourceMapDevToolPlugin 8609.cb3b8f2f.iframe.bundle.js generated SourceMap
<s> [webpack.Progress] 92% sealing asset processing SourceMapDevToolPlugin 9646.f5339be5.iframe.bundle.js generate SourceMap
<s> [webpack.Progress] 92% sealing asset processing SourceMapDevToolPlugin 9646.f5339be5.iframe.bundle.js generated SourceMap
<s> [webpack.Progress] 92% sealing asset processing SourceMapDevToolPlugin 5111.eea4df1b.iframe.bundle.js generate SourceMap
<s> [webpack.Progress] 92% sealing asset processing SourceMapDevToolPlugin 5111.eea4df1b.iframe.bundle.js generated SourceMap
<s> [webpack.Progress] 92% sealing asset processing SourceMapDevToolPlugin 7648.c657ea18.iframe.bundle.js generate SourceMap
<s> [webpack.Progress] 92% sealing asset processing SourceMapDevToolPlugin 7648.c657ea18.iframe.bundle.js generated SourceMap
<s> [webpack.Progress] 92% sealing asset processing SourceMapDevToolPlugin 7364.7815d062.iframe.bundle.js generate SourceMap
<s> [webpack.Progress] 92% sealing asset processing SourceMapDevToolPlugin 7364.7815d062.iframe.bundle.js generated SourceMap
<s> [webpack.Progress] 92% sealing asset processing SourceMapDevToolPlugin 8936.0f7dee6b.iframe.bundle.js generate SourceMap
<s> [webpack.Progress] 92% sealing asset processing SourceMapDevToolPlugin 8936.0f7dee6b.iframe.bundle.js generated SourceMap
<s> [webpack.Progress] 92% sealing asset processing SourceMapDevToolPlugin 7995.b4c300fc.iframe.bundle.js generate SourceMap
<s> [webpack.Progress] 92% sealing asset processing SourceMapDevToolPlugin 7995.b4c300fc.iframe.bundle.js generated SourceMap
<s> [webpack.Progress] 92% sealing asset processing SourceMapDevToolPlugin 8355.d1f70cbc.iframe.bundle.js generate SourceMap
<s> [webpack.Progress] 92% sealing asset processing SourceMapDevToolPlugin 8355.d1f70cbc.iframe.bundle.js generated SourceMap
<s> [webpack.Progress] 92% sealing asset processing SourceMapDevToolPlugin 9878.c01dffbd.iframe.bundle.js generate SourceMap
<s> [webpack.Progress] 92% sealing asset processing SourceMapDevToolPlugin 9878.c01dffbd.iframe.bundle.js generated SourceMap
<s> [webpack.Progress] 92% sealing asset processing SourceMapDevToolPlugin 7011.64ae6b47.iframe.bundle.js generate SourceMap
<s> [webpack.Progress] 92% sealing asset processing SourceMapDevToolPlugin 7011.64ae6b47.iframe.bundle.js generated SourceMap
<s> [webpack.Progress] 92% sealing asset processing SourceMapDevToolPlugin 2031.e7145ef5.iframe.bundle.js generate SourceMap
<s> [webpack.Progress] 92% sealing asset processing SourceMapDevToolPlugin 2031.e7145ef5.iframe.bundle.js generated SourceMap
<s> [webpack.Progress] 92% sealing asset processing SourceMapDevToolPlugin 8879.3697fc34.iframe.bundle.js generate SourceMap
<s> [webpack.Progress] 92% sealing asset processing SourceMapDevToolPlugin 8879.3697fc34.iframe.bundle.js generated SourceMap
<s> [webpack.Progress] 92% sealing asset processing SourceMapDevToolPlugin 7059.a5693a12.iframe.bundle.js generate SourceMap
<s> [webpack.Progress] 92% sealing asset processing SourceMapDevToolPlugin 7059.a5693a12.iframe.bundle.js generated SourceMap
<s> [webpack.Progress] 92% sealing asset processing SourceMapDevToolPlugin 8439.699b5bd5.iframe.bundle.js generate SourceMap
<s> [webpack.Progress] 92% sealing asset processing SourceMapDevToolPlugin 8439.699b5bd5.iframe.bundle.js generated SourceMap
<s> [webpack.Progress] 92% sealing asset processing SourceMapDevToolPlugin 9342.d456f533.iframe.bundle.js generate SourceMap
<s> [webpack.Progress] 92% sealing asset processing SourceMapDevToolPlugin 9342.d456f533.iframe.bundle.js generated SourceMap
<s> [webpack.Progress] 92% sealing asset processing SourceMapDevToolPlugin 6788.b360c34b.iframe.bundle.js generate SourceMap
<s> [webpack.Progress] 92% sealing asset processing SourceMapDevToolPlugin 6788.b360c34b.iframe.bundle.js generated SourceMap
<s> [webpack.Progress] 92% sealing asset processing SourceMapDevToolPlugin 8778.3dddb257.iframe.bundle.js generate SourceMap
<s> [webpack.Progress] 92% sealing asset processing SourceMapDevToolPlugin 8778.3dddb257.iframe.bundle.js generated SourceMap
<s> [webpack.Progress] 92% sealing asset processing SourceMapDevToolPlugin 7487.c8f2bdde.iframe.bundle.js generate SourceMap
<s> [webpack.Progress] 92% sealing asset processing SourceMapDevToolPlugin 7487.c8f2bdde.iframe.bundle.js generated SourceMap
<s> [webpack.Progress] 92% sealing asset processing SourceMapDevToolPlugin 5131.a2b262a8.iframe.bundle.js generate SourceMap
<s> [webpack.Progress] 92% sealing asset processing SourceMapDevToolPlugin 5131.a2b262a8.iframe.bundle.js generated SourceMap
<s> [webpack.Progress] 92% sealing asset processing SourceMapDevToolPlugin 5605.eb150e3b.iframe.bundle.js generate SourceMap
<s> [webpack.Progress] 92% sealing asset processing SourceMapDevToolPlugin 5605.eb150e3b.iframe.bundle.js generated SourceMap
<s> [webpack.Progress] 92% sealing asset processing SourceMapDevToolPlugin 7078.06a05000.iframe.bundle.js generate SourceMap
<s> [webpack.Progress] 92% sealing asset processing SourceMapDevToolPlugin 7078.06a05000.iframe.bundle.js generated SourceMap
<s> [webpack.Progress] 92% sealing asset processing SourceMapDevToolPlugin 3256.3333eef9.iframe.bundle.js generate SourceMap
<s> [webpack.Progress] 92% sealing asset processing SourceMapDevToolPlugin 3256.3333eef9.iframe.bundle.js generated SourceMap
<s> [webpack.Progress] 92% sealing asset processing SourceMapDevToolPlugin 7656.c635a724.iframe.bundle.js generate SourceMap
<s> [webpack.Progress] 92% sealing asset processing SourceMapDevToolPlugin 7656.c635a724.iframe.bundle.js generated SourceMap
<s> [webpack.Progress] 92% sealing asset processing SourceMapDevToolPlugin 5804.d453aad7.iframe.bundle.js generate SourceMap
<s> [webpack.Progress] 92% sealing asset processing SourceMapDevToolPlugin 5804.d453aad7.iframe.bundle.js generated SourceMap
<s> [webpack.Progress] 92% sealing asset processing SourceMapDevToolPlugin 410.f2e38768.iframe.bundle.js generate SourceMap
<s> [webpack.Progress] 92% sealing asset processing SourceMapDevToolPlugin 410.f2e38768.iframe.bundle.js generated SourceMap
<s> [webpack.Progress] 92% sealing asset processing SourceMapDevToolPlugin resolve sources
<s> [webpack.Progress] 92% sealing asset processing SourceMapDevToolPlugin 8355.d1f70cbc.iframe.bundle.js attach SourceMap
<s> [webpack.Progress] 92% sealing asset processing SourceMapDevToolPlugin 8355.d1f70cbc.iframe.bundle.js attached SourceMap
<s> [webpack.Progress] 92% sealing asset processing SourceMapDevToolPlugin 9878.c01dffbd.iframe.bundle.js attach SourceMap
<s> [webpack.Progress] 92% sealing asset processing SourceMapDevToolPlugin 9878.c01dffbd.iframe.bundle.js attached SourceMap
<s> [webpack.Progress] 92% sealing asset processing SourceMapDevToolPlugin
<s> [webpack.Progress] 92% sealing asset processing SourceMapDevToolPlugin
<s> [webpack.Progress] 92% sealing asset processing SourceMapDevToolPlugin resolve sources
<s> [webpack.Progress] 92% sealing asset processing SourceMapDevToolPlugin
<s> [webpack.Progress] 92% sealing asset processing HtmlWebpackPlugin
<s> [webpack.Progress] 92% sealing asset processing HtmlWebpackPlugin
<s> [webpack.Progress] 92% sealing asset processing HtmlWebpackPlugin resolve sources
<s> [webpack.Progress] 92% sealing asset processing HtmlWebpackPlugin
<s> [webpack.Progress] 92% sealing asset processing RealContentHashPlugin
<s> [webpack.Progress] 92% sealing asset processing RealContentHashPlugin
<s> [webpack.Progress] 92% sealing asset processing RealContentHashPlugin main.461285c2.iframe.bundle.js generate SourceMap
<s> [webpack.Progress] 92% sealing asset processing RealContentHashPlugin main.461285c2.iframe.bundle.js generated SourceMap
<s> [webpack.Progress] 92% sealing asset processing RealContentHashPlugin runtime~main.a9f3d742.iframe.bundle.js generate SourceMap
<s> [webpack.Progress] 92% sealing asset processing RealContentHashPlugin runtime~main.a9f3d742.iframe.bundle.js generated SourceMap
<s> [webpack.Progress] 92% sealing asset processing RealContentHashPlugin components-drawer-ConflictQueue-stories.aa0ff3dc.iframe.bundle.js generate SourceMap
<s> [webpack.Progress] 92% sealing asset processing RealContentHashPlugin components-drawer-ConflictQueue-stories.aa0ff3dc.iframe.bundle.js generated SourceMap
<s> [webpack.Progress] 92% sealing asset processing RealContentHashPlugin components-drawer-DrawerTabs-stories.0d7ab75b.iframe.bundle.js generate SourceMap
<s> [webpack.Progress] 92% sealing asset processing RealContentHashPlugin components-drawer-DrawerTabs-stories.0d7ab75b.iframe.bundle.js generated SourceMap
<s> [webpack.Progress] 92% sealing asset processing RealContentHashPlugin components-studio-GraphPanel-stories.4e387675.iframe.bundle.js generate SourceMap
<s> [webpack.Progress] 92% sealing asset processing RealContentHashPlugin components-studio-GraphPanel-stories.4e387675.iframe.bundle.js generated SourceMap
<s> [webpack.Progress] 92% sealing asset processing RealContentHashPlugin studio-components-StudioGraph-stories.948af13b.iframe.bundle.js generate SourceMap
<s> [webpack.Progress] 92% sealing asset processing RealContentHashPlugin studio-components-StudioGraph-stories.948af13b.iframe.bundle.js generated SourceMap
<s> [webpack.Progress] 92% sealing asset processing RealContentHashPlugin 8980.a08a5579.iframe.bundle.js generate SourceMap
<s> [webpack.Progress] 92% sealing asset processing RealContentHashPlugin 8980.a08a5579.iframe.bundle.js generated SourceMap
<s> [webpack.Progress] 92% sealing asset processing RealContentHashPlugin 9646.6815da89.iframe.bundle.js generate SourceMap
<s> [webpack.Progress] 92% sealing asset processing RealContentHashPlugin 9646.6815da89.iframe.bundle.js generated SourceMap
<s> [webpack.Progress] 92% sealing asset processing RealContentHashPlugin 5111.22ca1a07.iframe.bundle.js generate SourceMap
<s> [webpack.Progress] 92% sealing asset processing RealContentHashPlugin 5111.22ca1a07.iframe.bundle.js generated SourceMap
<s> [webpack.Progress] 92% sealing asset processing RealContentHashPlugin 7648.70275dc2.iframe.bundle.js generate SourceMap
<s> [webpack.Progress] 92% sealing asset processing RealContentHashPlugin 7648.70275dc2.iframe.bundle.js generated SourceMap
<s> [webpack.Progress] 92% sealing asset processing RealContentHashPlugin 7364.f423c2b1.iframe.bundle.js generate SourceMap
<s> [webpack.Progress] 92% sealing asset processing RealContentHashPlugin 7364.f423c2b1.iframe.bundle.js generated SourceMap
<s> [webpack.Progress] 92% sealing asset processing RealContentHashPlugin 8936.c414bade.iframe.bundle.js generate SourceMap
<s> [webpack.Progress] 92% sealing asset processing RealContentHashPlugin 8936.c414bade.iframe.bundle.js generated SourceMap
<s> [webpack.Progress] 92% sealing asset processing RealContentHashPlugin 7011.09a5c234.iframe.bundle.js generate SourceMap
<s> [webpack.Progress] 92% sealing asset processing RealContentHashPlugin 7011.09a5c234.iframe.bundle.js generated SourceMap
<s> [webpack.Progress] 92% sealing asset processing RealContentHashPlugin 2031.51e43360.iframe.bundle.js generate SourceMap
<s> [webpack.Progress] 92% sealing asset processing RealContentHashPlugin 2031.51e43360.iframe.bundle.js generated SourceMap
<s> [webpack.Progress] 92% sealing asset processing RealContentHashPlugin 8879.797d2bd2.iframe.bundle.js generate SourceMap
<s> [webpack.Progress] 92% sealing asset processing RealContentHashPlugin 8879.797d2bd2.iframe.bundle.js generated SourceMap
<s> [webpack.Progress] 92% sealing asset processing RealContentHashPlugin 7059.f7a3eebc.iframe.bundle.js generate SourceMap
<s> [webpack.Progress] 92% sealing asset processing RealContentHashPlugin 7059.f7a3eebc.iframe.bundle.js generated SourceMap
<s> [webpack.Progress] 92% sealing asset processing RealContentHashPlugin 8439.02ad0ff9.iframe.bundle.js generate SourceMap
<s> [webpack.Progress] 92% sealing asset processing RealContentHashPlugin 8439.02ad0ff9.iframe.bundle.js generated SourceMap
<s> [webpack.Progress] 92% sealing asset processing RealContentHashPlugin 9342.075273aa.iframe.bundle.js generate SourceMap
<s> [webpack.Progress] 92% sealing asset processing RealContentHashPlugin 9342.075273aa.iframe.bundle.js generated SourceMap
<s> [webpack.Progress] 92% sealing asset processing RealContentHashPlugin 6788.5d50206c.iframe.bundle.js generate SourceMap
<s> [webpack.Progress] 92% sealing asset processing RealContentHashPlugin 6788.5d50206c.iframe.bundle.js generated SourceMap
<s> [webpack.Progress] 92% sealing asset processing RealContentHashPlugin 7487.74b45694.iframe.bundle.js generate SourceMap
<s> [webpack.Progress] 92% sealing asset processing RealContentHashPlugin 7487.74b45694.iframe.bundle.js generated SourceMap
<s> [webpack.Progress] 92% sealing asset processing RealContentHashPlugin 5131.7b8c1abb.iframe.bundle.js generate SourceMap
<s> [webpack.Progress] 92% sealing asset processing RealContentHashPlugin 5131.7b8c1abb.iframe.bundle.js generated SourceMap
<s> [webpack.Progress] 92% sealing asset processing RealContentHashPlugin 5605.bf561640.iframe.bundle.js generate SourceMap
<s> [webpack.Progress] 92% sealing asset processing RealContentHashPlugin 5605.bf561640.iframe.bundle.js generated SourceMap
<s> [webpack.Progress] 92% sealing asset processing RealContentHashPlugin 7078.85c39c9f.iframe.bundle.js generate SourceMap
<s> [webpack.Progress] 92% sealing asset processing RealContentHashPlugin 7078.85c39c9f.iframe.bundle.js generated SourceMap
<s> [webpack.Progress] 92% sealing asset processing RealContentHashPlugin 3256.2704c8be.iframe.bundle.js generate SourceMap
<s> [webpack.Progress] 92% sealing asset processing RealContentHashPlugin 3256.2704c8be.iframe.bundle.js generated SourceMap
<s> [webpack.Progress] 92% sealing asset processing RealContentHashPlugin 7656.21838414.iframe.bundle.js generate SourceMap
<s> [webpack.Progress] 92% sealing asset processing RealContentHashPlugin 7656.21838414.iframe.bundle.js generated SourceMap
<s> [webpack.Progress] 92% sealing asset processing RealContentHashPlugin 5804.96fabfe0.iframe.bundle.js generate SourceMap
<s> [webpack.Progress] 92% sealing asset processing RealContentHashPlugin 5804.96fabfe0.iframe.bundle.js generated SourceMap
<s> [webpack.Progress] 92% sealing asset processing RealContentHashPlugin 410.72d15f93.iframe.bundle.js generate SourceMap
<s> [webpack.Progress] 92% sealing asset processing RealContentHashPlugin 410.72d15f93.iframe.bundle.js generated SourceMap
<s> [webpack.Progress] 92% sealing asset processing RealContentHashPlugin components-drawer-DriverPanel-stories.131f6f0e.iframe.bundle.js generate SourceMap
<s> [webpack.Progress] 92% sealing asset processing RealContentHashPlugin components-drawer-DriverPanel-stories.131f6f0e.iframe.bundle.js generated SourceMap
<s> [webpack.Progress] 92% sealing asset processing RealContentHashPlugin components-drawer-HudStrip-stories.71d0a3f9.iframe.bundle.js generate SourceMap
<s> [webpack.Progress] 92% sealing asset processing RealContentHashPlugin components-drawer-HudStrip-stories.71d0a3f9.iframe.bundle.js generated SourceMap
<s> [webpack.Progress] 92% sealing asset processing RealContentHashPlugin components-drawer-PlayerOverview-stories.80f222aa.iframe.bundle.js generate SourceMap
<s> [webpack.Progress] 92% sealing asset processing RealContentHashPlugin components-drawer-PlayerOverview-stories.80f222aa.iframe.bundle.js generated SourceMap
<s> [webpack.Progress] 92% sealing asset processing RealContentHashPlugin components-drawer-StagecraftPanel-stories.d9be6a7e.iframe.bundle.js generate SourceMap
<s> [webpack.Progress] 92% sealing asset processing RealContentHashPlugin components-drawer-StagecraftPanel-stories.d9be6a7e.iframe.bundle.js generated SourceMap
<s> [webpack.Progress] 92% sealing asset processing RealContentHashPlugin components-settings-CapabilitiesGroup-stories.8550c872.iframe.bundle.js generate SourceMap
<s> [webpack.Progress] 92% sealing asset processing RealContentHashPlugin components-settings-CapabilitiesGroup-stories.8550c872.iframe.bundle.js generated SourceMap
<s> [webpack.Progress] 92% sealing asset processing RealContentHashPlugin components-settings-JudgeSettingsGroup-stories.670f2cd6.iframe.bundle.js generate SourceMap
<s> [webpack.Progress] 92% sealing asset processing RealContentHashPlugin components-settings-JudgeSettingsGroup-stories.670f2cd6.iframe.bundle.js generated SourceMap
<s> [webpack.Progress] 92% sealing asset processing RealContentHashPlugin components-studio-FeedbackAlert-stories.44e2293c.iframe.bundle.js generate SourceMap
<s> [webpack.Progress] 92% sealing asset processing RealContentHashPlugin components-studio-FeedbackAlert-stories.44e2293c.iframe.bundle.js generated SourceMap
<s> [webpack.Progress] 92% sealing asset processing RealContentHashPlugin components-studio-HelpTooltip-stories.bd1fac6b.iframe.bundle.js generate SourceMap
<s> [webpack.Progress] 92% sealing asset processing RealContentHashPlugin components-studio-HelpTooltip-stories.bd1fac6b.iframe.bundle.js generated SourceMap
<s> [webpack.Progress] 92% sealing asset processing RealContentHashPlugin components-studio-MultiSelect-stories.12f87ade.iframe.bundle.js generate SourceMap
<s> [webpack.Progress] 92% sealing asset processing RealContentHashPlugin components-studio-MultiSelect-stories.12f87ade.iframe.bundle.js generated SourceMap
<s> [webpack.Progress] 92% sealing asset processing RealContentHashPlugin components-studio-Toolbar-stories.6344323a.iframe.bundle.js generate SourceMap
<s> [webpack.Progress] 92% sealing asset processing RealContentHashPlugin components-studio-Toolbar-stories.6344323a.iframe.bundle.js generated SourceMap
<s> [webpack.Progress] 92% sealing asset processing RealContentHashPlugin studio-StudioModal-stories.3a7072f6.iframe.bundle.js generate SourceMap
<s> [webpack.Progress] 92% sealing asset processing RealContentHashPlugin studio-StudioModal-stories.3a7072f6.iframe.bundle.js generated SourceMap
<s> [webpack.Progress] 92% sealing asset processing RealContentHashPlugin studio-components-AgencyEditor-stories.cec5a549.iframe.bundle.js generate SourceMap
<s> [webpack.Progress] 92% sealing asset processing RealContentHashPlugin studio-components-AgencyEditor-stories.cec5a549.iframe.bundle.js generated SourceMap
<s> [webpack.Progress] 92% sealing asset processing RealContentHashPlugin studio-components-CheckpointEditor-stories.cf0ccf4b.iframe.bundle.js generate SourceMap
<s> [webpack.Progress] 92% sealing asset processing RealContentHashPlugin studio-components-CheckpointEditor-stories.cf0ccf4b.iframe.bundle.js generated SourceMap
<s> [webpack.Progress] 92% sealing asset processing RealContentHashPlugin studio-components-DiagnosticsPanel-stories.f70a67f5.iframe.bundle.js generate SourceMap
<s> [webpack.Progress] 92% sealing asset processing RealContentHashPlugin studio-components-DiagnosticsPanel-stories.f70a67f5.iframe.bundle.js generated SourceMap
<s> [webpack.Progress] 92% sealing asset processing RealContentHashPlugin studio-components-GateBuilder-stories.26f1e966.iframe.bundle.js generate SourceMap
<s> [webpack.Progress] 92% sealing asset processing RealContentHashPlugin studio-components-GateBuilder-stories.26f1e966.iframe.bundle.js generated SourceMap
<s> [webpack.Progress] 92% sealing asset processing RealContentHashPlugin studio-components-ProposalReview-stories.38449ba8.iframe.bundle.js generate SourceMap
<s> [webpack.Progress] 92% sealing asset processing RealContentHashPlugin studio-components-ProposalReview-stories.38449ba8.iframe.bundle.js generated SourceMap
<s> [webpack.Progress] 92% sealing asset processing RealContentHashPlugin studio-components-ProvisioningCard-stories.f9d455d5.iframe.bundle.js generate SourceMap
<s> [webpack.Progress] 92% sealing asset processing RealContentHashPlugin studio-components-ProvisioningCard-stories.f9d455d5.iframe.bundle.js generated SourceMap
<s> [webpack.Progress] 92% sealing asset processing RealContentHashPlugin studio-components-QualityEditor-stories.af190ebd.iframe.bundle.js generate SourceMap
<s> [webpack.Progress] 92% sealing asset processing RealContentHashPlugin studio-components-QualityEditor-stories.af190ebd.iframe.bundle.js generated SourceMap
<s> [webpack.Progress] 92% sealing asset processing RealContentHashPlugin studio-components-RosterEditor-stories.be4ad666.iframe.bundle.js generate SourceMap
<s> [webpack.Progress] 92% sealing asset processing RealContentHashPlugin studio-components-RosterEditor-stories.be4ad666.iframe.bundle.js generated SourceMap
<s> [webpack.Progress] 92% sealing asset processing RealContentHashPlugin studio-components-ScopePreview-stories.e153c630.iframe.bundle.js generate SourceMap
<s> [webpack.Progress] 92% sealing asset processing RealContentHashPlugin studio-components-ScopePreview-stories.e153c630.iframe.bundle.js generated SourceMap
<s> [webpack.Progress] 92% sealing asset processing RealContentHashPlugin studio-components-StoryEditor-stories.bdc946dd.iframe.bundle.js generate SourceMap
<s> [webpack.Progress] 92% sealing asset processing RealContentHashPlugin studio-components-StoryEditor-stories.bdc946dd.iframe.bundle.js generated SourceMap
<s> [webpack.Progress] 92% sealing asset processing RealContentHashPlugin studio-components-StudioCopilot-stories.eccac8c1.iframe.bundle.js generate SourceMap
<s> [webpack.Progress] 92% sealing asset processing RealContentHashPlugin studio-components-StudioCopilot-stories.eccac8c1.iframe.bundle.js generated SourceMap
<s> [webpack.Progress] 92% sealing asset processing RealContentHashPlugin studio-components-StudioToolbar-stories.c33ca56f.iframe.bundle.js generate SourceMap
<s> [webpack.Progress] 92% sealing asset processing RealContentHashPlugin studio-components-StudioToolbar-stories.c33ca56f.iframe.bundle.js generated SourceMap
<s> [webpack.Progress] 92% sealing asset processing RealContentHashPlugin studio-components-TalkControlEditor-stories.eca930de.iframe.bundle.js generate SourceMap
<s> [webpack.Progress] 92% sealing asset processing RealContentHashPlugin studio-components-TalkControlEditor-stories.eca930de.iframe.bundle.js generated SourceMap
<s> [webpack.Progress] 92% sealing asset processing RealContentHashPlugin studio-components-TransitionEditor-stories.017a3f4a.iframe.bundle.js generate SourceMap
<s> [webpack.Progress] 92% sealing asset processing RealContentHashPlugin studio-components-TransitionEditor-stories.017a3f4a.iframe.bundle.js generated SourceMap
<s> [webpack.Progress] 92% sealing asset processing RealContentHashPlugin studio-components-WizardQuestions-stories.3df829fd.iframe.bundle.js generate SourceMap
<s> [webpack.Progress] 92% sealing asset processing RealContentHashPlugin studio-components-WizardQuestions-stories.3df829fd.iframe.bundle.js generated SourceMap
<s> [webpack.Progress] 92% sealing asset processing RealContentHashPlugin 5161.833e09b8.iframe.bundle.js generate SourceMap
<s> [webpack.Progress] 92% sealing asset processing RealContentHashPlugin 5161.833e09b8.iframe.bundle.js generated SourceMap
<s> [webpack.Progress] 92% sealing asset processing RealContentHashPlugin 8735.41a6305e.iframe.bundle.js generate SourceMap
<s> [webpack.Progress] 92% sealing asset processing RealContentHashPlugin 8735.41a6305e.iframe.bundle.js generated SourceMap
<s> [webpack.Progress] 92% sealing asset processing RealContentHashPlugin 8609.def5dd92.iframe.bundle.js generate SourceMap
<s> [webpack.Progress] 92% sealing asset processing RealContentHashPlugin 8609.def5dd92.iframe.bundle.js generated SourceMap
<s> [webpack.Progress] 92% sealing asset processing RealContentHashPlugin 7995.62261660.iframe.bundle.js generate SourceMap
<s> [webpack.Progress] 92% sealing asset processing RealContentHashPlugin 7995.62261660.iframe.bundle.js generated SourceMap
<s> [webpack.Progress] 92% sealing asset processing RealContentHashPlugin 8778.be9486c0.iframe.bundle.js generate SourceMap
<s> [webpack.Progress] 92% sealing asset processing RealContentHashPlugin 8778.be9486c0.iframe.bundle.js generated SourceMap
<s> [webpack.Progress] 92% sealing asset processing RealContentHashPlugin resolve sources
<s> [webpack.Progress] 92% sealing asset processing RealContentHashPlugin
<s> [webpack.Progress] 92% sealing asset processing
<s> [webpack.Progress] 93% sealing after asset optimization
<s> [webpack.Progress] 93% sealing after asset optimization
<s> [webpack.Progress] 93% sealing recording
<s> [webpack.Progress] 93% sealing recording
<s> [webpack.Progress] 94% sealing after seal
<s> [webpack.Progress] 94% sealing after seal
<s> [webpack.Progress] 95% emitting emit
<s> [webpack.Progress] 95% emitting emit
<s> [webpack.Progress] 98% emitting after emit
<s> [webpack.Progress] 98% emitting after emit SizeLimitsPlugin
<s> [webpack.Progress] 98% emitting after emit
<s> [webpack.Progress] 99% done plugins
<s> [webpack.Progress] 99% done plugins CaseSensitivePathsPlugin
<s> [webpack.Progress] 99% done plugins
<s> [webpack.Progress] 99% 

<s> [webpack.Progress] 99% cache store build dependencies
<s> [webpack.Progress] 99% cache store build dependencies
<s> [webpack.Progress] 99% cache begin idle
<s> [webpack.Progress] 99% cache begin idle
<s> [webpack.Progress] 100% 

WARN asset size limit: The following asset(s) exceed the recommended size limit (244 KiB).
WARN This can impact web performance.
WARN Assets: 
WARN   8735.41a6305e.iframe.bundle.js (365 KiB)
WARN   8609.def5dd92.iframe.bundle.js (814 KiB)
WARN   7995.62261660.iframe.bundle.js (629 KiB)
WARN   8355.6149a656.iframe.bundle.js (1.42 MiB)
WARN   9878.d9bdd3a7.iframe.bundle.js (987 KiB)
WARN entrypoint size limit: The following entrypoint(s) combined asset size exceeds the recommended limit (244 KiB). This can impact web performance.
WARN Entrypoints:
WARN   main (1.56 MiB)
WARN       runtime~main.a9f3d742.iframe.bundle.js
WARN       8355.6149a656.iframe.bundle.js
WARN       main.461285c2.iframe.bundle.js
WARN 
<s> [webpack.Progress] 99% cache shutdown
<s> [webpack.Progress] 99% cache shutdown
<s> [webpack.Progress] 100% 

info => Preview built ([38;2;181;126;229m30 s[39m)
info => Output directory: C:\Users\RolaPorElNapo\AppData\Local\Temp\tmp.IYYsDX5cJ9\SillyTavern\public\scripts\extensions\third-party\story-orchestrator\.sb-static
(node:32296) [DEP0060] DeprecationWarning: The `util._extend` API is deprecated. Please use Object.assign() instead.
(Use `node --trace-deprecation ...` to show where the warning was created)
[SB] 
[SB] > story-orchestrator@2.3.0 serve-sb
[SB] > http-server .sb-static -p 6006 -s -c-1
[SB] 
[SB] (node:11152) [DEP0066] DeprecationWarning: OutgoingMessage.prototype._headers is deprecated
[SB] (Use `node --trace-deprecation ...` to show where the warning was created)
[TEST] 
[TEST] > story-orchestrator@2.3.0 test-storybook
[TEST] > node node_modules/@storybook/test-runner/dist/test-storybook.js --url http://127.0.0.1:6006 --maxWorkers 1
[TEST] 
[TEST] 
[TEST] [35m[1mattention[22m[39m => Storybook now collects completely anonymous telemetry regarding usage.
[TEST] This information is used to shape Storybook's roadmap and prioritize features.
[TEST] You can learn more, including how to opt-out if you'd not like to participate in this anonymous program, by visiting the following URL:
[TEST] [36mhttps://storybook.js.org/telemetry[39m
[TEST] 
[TEST] jest-haste-map: Haste module naming collision: story-orchestrator
[TEST]   The following files share their name; please adjust your hasteImpl:
[TEST]     * <rootDir>\public\scripts\extensions\third-party\story-orchestrator\package.json
[TEST]     * <rootDir>\public\scripts\extensions\third-party\story-orchestrator\.claude\worktrees\agent-a174ca5ac7dc70210\package.json
[TEST] 
[TEST] jest-haste-map: Haste module naming collision: story-orchestrator-judge
[TEST]   The following files share their name; please adjust your hasteImpl:
[TEST]     * <rootDir>\public\scripts\extensions\third-party\story-orchestrator\server-plugin\story-orchestrator-judge\package.json
[TEST]     * <rootDir>\public\scripts\extensions\third-party\story-orchestrator\.claude\worktrees\agent-ac87c12aa78bf5b76\server-plugin\story-orchestrator-judge\package.json
[TEST] 
[TEST] PASS browser: chromium src/components/drawer/DrawerTabs.stories.tsx (6.412 s)
[TEST]   ● Console
[TEST] 
[TEST]     console.log
[TEST]       No accessibility violations detected!
[TEST] 
[TEST]       at DefaultTerminalReporter.<anonymous> (public/scripts/extensions/third-party/story-orchestrator/node_modules/axe-playwright/dist/reporter/defaultTerminalReporter.js:47:41)
[TEST] 
[TEST]     console.log
[TEST]       No accessibility violations detected!
[TEST] 
[TEST]       at DefaultTerminalReporter.<anonymous> (public/scripts/extensions/third-party/story-orchestrator/node_modules/axe-playwright/dist/reporter/defaultTerminalReporter.js:47:41)
[TEST] 
[TEST]     console.log
[TEST]       No accessibility violations detected!
[TEST] 
[TEST]       at DefaultTerminalReporter.<anonymous> (public/scripts/extensions/third-party/story-orchestrator/node_modules/axe-playwright/dist/reporter/defaultTerminalReporter.js:47:41)
[TEST] 
[TEST]     console.log
[TEST]       No accessibility violations detected!
[TEST] 
[TEST]       at DefaultTerminalReporter.<anonymous> (public/scripts/extensions/third-party/story-orchestrator/node_modules/axe-playwright/dist/reporter/defaultTerminalReporter.js:47:41)
[TEST] 
[TEST]     console.log
[TEST]       No accessibility violations detected!
[TEST] 
[TEST]       at DefaultTerminalReporter.<anonymous> (public/scripts/extensions/third-party/story-orchestrator/node_modules/axe-playwright/dist/reporter/defaultTerminalReporter.js:47:41)
[TEST] 
[TEST]     console.log
[TEST]       No accessibility violations detected!
[TEST] 
[TEST]       at DefaultTerminalReporter.<anonymous> (public/scripts/extensions/third-party/story-orchestrator/node_modules/axe-playwright/dist/reporter/defaultTerminalReporter.js:47:41)
[TEST] 
[TEST]     console.log
[TEST]       No accessibility violations detected!
[TEST] 
[TEST]       at DefaultTerminalReporter.<anonymous> (public/scripts/extensions/third-party/story-orchestrator/node_modules/axe-playwright/dist/reporter/defaultTerminalReporter.js:47:41)
[TEST] 
[TEST]     console.log
[TEST]       No accessibility violations detected!
[TEST] 
[TEST]       at DefaultTerminalReporter.<anonymous> (public/scripts/extensions/third-party/story-orchestrator/node_modules/axe-playwright/dist/reporter/defaultTerminalReporter.js:47:41)
[TEST] 
[TEST]     console.log
[TEST]       No accessibility violations detected!
[TEST] 
[TEST]       at DefaultTerminalReporter.<anonymous> (public/scripts/extensions/third-party/story-orchestrator/node_modules/axe-playwright/dist/reporter/defaultTerminalReporter.js:47:41)
[TEST] 
[TEST]     console.log
[TEST]       No accessibility violations detected!
[TEST] 
[TEST]       at DefaultTerminalReporter.<anonymous> (public/scripts/extensions/third-party/story-orchestrator/node_modules/axe-playwright/dist/reporter/defaultTerminalReporter.js:47:41)
[TEST] 
[TEST]     console.log
[TEST]       No accessibility violations detected!
[TEST] 
[TEST]       at DefaultTerminalReporter.<anonymous> (public/scripts/extensions/third-party/story-orchestrator/node_modules/axe-playwright/dist/reporter/defaultTerminalReporter.js:47:41)
[TEST] 
[TEST]     console.log
[TEST]       No accessibility violations detected!
[TEST] 
[TEST]       at DefaultTerminalReporter.<anonymous> (public/scripts/extensions/third-party/story-orchestrator/node_modules/axe-playwright/dist/reporter/defaultTerminalReporter.js:47:41)
[TEST] 
[TEST]     console.log
[TEST]       No accessibility violations detected!
[TEST] 
[TEST]       at DefaultTerminalReporter.<anonymous> (public/scripts/extensions/third-party/story-orchestrator/node_modules/axe-playwright/dist/reporter/defaultTerminalReporter.js:47:41)
[TEST] 
[TEST]     console.log
[TEST]       No accessibility violations detected!
[TEST] 
[TEST]       at DefaultTerminalReporter.<anonymous> (public/scripts/extensions/third-party/story-orchestrator/node_modules/axe-playwright/dist/reporter/defaultTerminalReporter.js:47:41)
[TEST] 
[TEST]     console.log
[TEST]       No accessibility violations detected!
[TEST] 
[TEST]       at DefaultTerminalReporter.<anonymous> (public/scripts/extensions/third-party/story-orchestrator/node_modules/axe-playwright/dist/reporter/defaultTerminalReporter.js:47:41)
[TEST] 
[TEST]     console.log
[TEST]       No accessibility violations detected!
[TEST] 
[TEST]       at DefaultTerminalReporter.<anonymous> (public/scripts/extensions/third-party/story-orchestrator/node_modules/axe-playwright/dist/reporter/defaultTerminalReporter.js:47:41)
[TEST] 
[TEST]     console.log
[TEST]       No accessibility violations detected!
[TEST] 
[TEST]       at DefaultTerminalReporter.<anonymous> (public/scripts/extensions/third-party/story-orchestrator/node_modules/axe-playwright/dist/reporter/defaultTerminalReporter.js:47:41)
[TEST] 
[TEST]     console.log
[TEST]       No accessibility violations detected!
[TEST] 
[TEST]       at DefaultTerminalReporter.<anonymous> (public/scripts/extensions/third-party/story-orchestrator/node_modules/axe-playwright/dist/reporter/defaultTerminalReporter.js:47:41)
[TEST] 
[TEST]     console.log
[TEST]       No accessibility violations detected!
[TEST] 
[TEST]       at DefaultTerminalReporter.<anonymous> (public/scripts/extensions/third-party/story-orchestrator/node_modules/axe-playwright/dist/reporter/defaultTerminalReporter.js:47:41)
[TEST] 
[TEST]     console.log
[TEST]       No accessibility violations detected!
[TEST] 
[TEST]       at DefaultTerminalReporter.<anonymous> (public/scripts/extensions/third-party/story-orchestrator/node_modules/axe-playwright/dist/reporter/defaultTerminalReporter.js:47:41)
[TEST] 
[TEST]     console.log
[TEST]       No accessibility violations detected!
[TEST] 
[TEST]       at DefaultTerminalReporter.<anonymous> (public/scripts/extensions/third-party/story-orchestrator/node_modules/axe-playwright/dist/reporter/defaultTerminalReporter.js:47:41)
[TEST] 
[TEST] PASS browser: chromium src/components/drawer/PlayerOverview.stories.tsx
[TEST]   ● Console
[TEST] 
[TEST]     console.log
[TEST]       No accessibility violations detected!
[TEST] 
[TEST]       at DefaultTerminalReporter.<anonymous> (public/scripts/extensions/third-party/story-orchestrator/node_modules/axe-playwright/dist/reporter/defaultTerminalReporter.js:47:41)
[TEST] 
[TEST]     console.log
[TEST]       No accessibility violations detected!
[TEST] 
[TEST]       at DefaultTerminalReporter.<anonymous> (public/scripts/extensions/third-party/story-orchestrator/node_modules/axe-playwright/dist/reporter/defaultTerminalReporter.js:47:41)
[TEST] 
[TEST]     console.log
[TEST]       No accessibility violations detected!
[TEST] 
[TEST]       at DefaultTerminalReporter.<anonymous> (public/scripts/extensions/third-party/story-orchestrator/node_modules/axe-playwright/dist/reporter/defaultTerminalReporter.js:47:41)
[TEST] 
[TEST]     console.log
[TEST]       No accessibility violations detected!
[TEST] 
[TEST]       at DefaultTerminalReporter.<anonymous> (public/scripts/extensions/third-party/story-orchestrator/node_modules/axe-playwright/dist/reporter/defaultTerminalReporter.js:47:41)
[TEST] 
[TEST]     console.log
[TEST]       No accessibility violations detected!
[TEST] 
[TEST]       at DefaultTerminalReporter.<anonymous> (public/scripts/extensions/third-party/story-orchestrator/node_modules/axe-playwright/dist/reporter/defaultTerminalReporter.js:47:41)
[TEST] 
[TEST]     console.log
[TEST]       No accessibility violations detected!
[TEST] 
[TEST]       at DefaultTerminalReporter.<anonymous> (public/scripts/extensions/third-party/story-orchestrator/node_modules/axe-playwright/dist/reporter/defaultTerminalReporter.js:47:41)
[TEST] 
[TEST]     console.log
[TEST]       No accessibility violations detected!
[TEST] 
[TEST]       at DefaultTerminalReporter.<anonymous> (public/scripts/extensions/third-party/story-orchestrator/node_modules/axe-playwright/dist/reporter/defaultTerminalReporter.js:47:41)
[TEST] 
[TEST]     console.log
[TEST]       No accessibility violations detected!
[TEST] 
[TEST]       at DefaultTerminalReporter.<anonymous> (public/scripts/extensions/third-party/story-orchestrator/node_modules/axe-playwright/dist/reporter/defaultTerminalReporter.js:47:41)
[TEST] 
[TEST]     console.log
[TEST]       No accessibility violations detected!
[TEST] 
[TEST]       at DefaultTerminalReporter.<anonymous> (public/scripts/extensions/third-party/story-orchestrator/node_modules/axe-playwright/dist/reporter/defaultTerminalReporter.js:47:41)
[TEST] 
[TEST] PASS browser: chromium src/components/drawer/StagecraftPanel.stories.tsx
[TEST]   ● Console
[TEST] 
[TEST]     console.log
[TEST]       No accessibility violations detected!
[TEST] 
[TEST]       at DefaultTerminalReporter.<anonymous> (public/scripts/extensions/third-party/story-orchestrator/node_modules/axe-playwright/dist/reporter/defaultTerminalReporter.js:47:41)
[TEST] 
[TEST]     console.log
[TEST]       No accessibility violations detected!
[TEST] 
[TEST]       at DefaultTerminalReporter.<anonymous> (public/scripts/extensions/third-party/story-orchestrator/node_modules/axe-playwright/dist/reporter/defaultTerminalReporter.js:47:41)
[TEST] 
[TEST]     console.log
[TEST]       No accessibility violations detected!
[TEST] 
[TEST]       at DefaultTerminalReporter.<anonymous> (public/scripts/extensions/third-party/story-orchestrator/node_modules/axe-playwright/dist/reporter/defaultTerminalReporter.js:47:41)
[TEST] 
[TEST]     console.log
[TEST]       No accessibility violations detected!
[TEST] 
[TEST]       at DefaultTerminalReporter.<anonymous> (public/scripts/extensions/third-party/story-orchestrator/node_modules/axe-playwright/dist/reporter/defaultTerminalReporter.js:47:41)
[TEST] 
[TEST]     console.log
[TEST]       No accessibility violations detected!
[TEST] 
[TEST]       at DefaultTerminalReporter.<anonymous> (public/scripts/extensions/third-party/story-orchestrator/node_modules/axe-playwright/dist/reporter/defaultTerminalReporter.js:47:41)
[TEST] 
[TEST]     console.log
[TEST]       No accessibility violations detected!
[TEST] 
[TEST]       at DefaultTerminalReporter.<anonymous> (public/scripts/extensions/third-party/story-orchestrator/node_modules/axe-playwright/dist/reporter/defaultTerminalReporter.js:47:41)
[TEST] 
[TEST]     console.log
[TEST]       No accessibility violations detected!
[TEST] 
[TEST]       at DefaultTerminalReporter.<anonymous> (public/scripts/extensions/third-party/story-orchestrator/node_modules/axe-playwright/dist/reporter/defaultTerminalReporter.js:47:41)
[TEST] 
[TEST]     console.log
[TEST]       No accessibility violations detected!
[TEST] 
[TEST]       at DefaultTerminalReporter.<anonymous> (public/scripts/extensions/third-party/story-orchestrator/node_modules/axe-playwright/dist/reporter/defaultTerminalReporter.js:47:41)
[TEST] 
[TEST]     console.log
[TEST]       No accessibility violations detected!
[TEST] 
[TEST]       at DefaultTerminalReporter.<anonymous> (public/scripts/extensions/third-party/story-orchestrator/node_modules/axe-playwright/dist/reporter/defaultTerminalReporter.js:47:41)
[TEST] 
[TEST] PASS browser: chromium src/studio/components/StoryEditor.stories.tsx
[TEST]   ● Console
[TEST] 
[TEST]     console.log
[TEST]       No accessibility violations detected!
[TEST] 
[TEST]       at DefaultTerminalReporter.<anonymous> (public/scripts/extensions/third-party/story-orchestrator/node_modules/axe-playwright/dist/reporter/defaultTerminalReporter.js:47:41)
[TEST] 
[TEST]     console.log
[TEST]       No accessibility violations detected!
[TEST] 
[TEST]       at DefaultTerminalReporter.<anonymous> (public/scripts/extensions/third-party/story-orchestrator/node_modules/axe-playwright/dist/reporter/defaultTerminalReporter.js:47:41)
[TEST] 
[TEST]     console.log
[TEST]       No accessibility violations detected!
[TEST] 
[TEST]       at DefaultTerminalReporter.<anonymous> (public/scripts/extensions/third-party/story-orchestrator/node_modules/axe-playwright/dist/reporter/defaultTerminalReporter.js:47:41)
[TEST] 
[TEST]     console.log
[TEST]       No accessibility violations detected!
[TEST] 
[TEST]       at DefaultTerminalReporter.<anonymous> (public/scripts/extensions/third-party/story-orchestrator/node_modules/axe-playwright/dist/reporter/defaultTerminalReporter.js:47:41)
[TEST] 
[TEST]     console.log
[TEST]       No accessibility violations detected!
[TEST] 
[TEST]       at DefaultTerminalReporter.<anonymous> (public/scripts/extensions/third-party/story-orchestrator/node_modules/axe-playwright/dist/reporter/defaultTerminalReporter.js:47:41)
[TEST] 
[TEST]     console.log
[TEST]       No accessibility violations detected!
[TEST] 
[TEST]       at DefaultTerminalReporter.<anonymous> (public/scripts/extensions/third-party/story-orchestrator/node_modules/axe-playwright/dist/reporter/defaultTerminalReporter.js:47:41)
[TEST] 
[TEST]     console.log
[TEST]       No accessibility violations detected!
[TEST] 
[TEST]       at DefaultTerminalReporter.<anonymous> (public/scripts/extensions/third-party/story-orchestrator/node_modules/axe-playwright/dist/reporter/defaultTerminalReporter.js:47:41)
[TEST] 
[TEST]     console.log
[TEST]       No accessibility violations detected!
[TEST] 
[TEST]       at DefaultTerminalReporter.<anonymous> (public/scripts/extensions/third-party/story-orchestrator/node_modules/axe-playwright/dist/reporter/defaultTerminalReporter.js:47:41)
[TEST] 
[TEST] PASS browser: chromium src/components/settings/JudgeSettingsGroup.stories.tsx
[TEST]   ● Console
[TEST] 
[TEST]     console.log
[TEST]       No accessibility violations detected!
[TEST] 
[TEST]       at DefaultTerminalReporter.<anonymous> (public/scripts/extensions/third-party/story-orchestrator/node_modules/axe-playwright/dist/reporter/defaultTerminalReporter.js:47:41)
[TEST] 
[TEST]     console.log
[TEST]       No accessibility violations detected!
[TEST] 
[TEST]       at DefaultTerminalReporter.<anonymous> (public/scripts/extensions/third-party/story-orchestrator/node_modules/axe-playwright/dist/reporter/defaultTerminalReporter.js:47:41)
[TEST] 
[TEST]     console.log
[TEST]       No accessibility violations detected!
[TEST] 
[TEST]       at DefaultTerminalReporter.<anonymous> (public/scripts/extensions/third-party/story-orchestrator/node_modules/axe-playwright/dist/reporter/defaultTerminalReporter.js:47:41)
[TEST] 
[TEST]     console.log
[TEST]       No accessibility violations detected!
[TEST] 
[TEST]       at DefaultTerminalReporter.<anonymous> (public/scripts/extensions/third-party/story-orchestrator/node_modules/axe-playwright/dist/reporter/defaultTerminalReporter.js:47:41)
[TEST] 
[TEST]     console.log
[TEST]       No accessibility violations detected!
[TEST] 
[TEST]       at DefaultTerminalReporter.<anonymous> (public/scripts/extensions/third-party/story-orchestrator/node_modules/axe-playwright/dist/reporter/defaultTerminalReporter.js:47:41)
[TEST] 
[TEST]     console.log
[TEST]       No accessibility violations detected!
[TEST] 
[TEST]       at DefaultTerminalReporter.<anonymous> (public/scripts/extensions/third-party/story-orchestrator/node_modules/axe-playwright/dist/reporter/defaultTerminalReporter.js:47:41)
[TEST] 
[TEST]     console.log
[TEST]       No accessibility violations detected!
[TEST] 
[TEST]       at DefaultTerminalReporter.<anonymous> (public/scripts/extensions/third-party/story-orchestrator/node_modules/axe-playwright/dist/reporter/defaultTerminalReporter.js:47:41)
[TEST] 
[TEST]     console.log
[TEST]       No accessibility violations detected!
[TEST] 
[TEST]       at DefaultTerminalReporter.<anonymous> (public/scripts/extensions/third-party/story-orchestrator/node_modules/axe-playwright/dist/reporter/defaultTerminalReporter.js:47:41)
[TEST] 
[TEST] PASS browser: chromium src/studio/components/StudioCopilot.stories.tsx
[TEST]   ● Console
[TEST] 
[TEST]     console.log
[TEST]       No accessibility violations detected!
[TEST] 
[TEST]       at DefaultTerminalReporter.<anonymous> (public/scripts/extensions/third-party/story-orchestrator/node_modules/axe-playwright/dist/reporter/defaultTerminalReporter.js:47:41)
[TEST] 
[TEST]     console.log
[TEST]       No accessibility violations detected!
[TEST] 
[TEST]       at DefaultTerminalReporter.<anonymous> (public/scripts/extensions/third-party/story-orchestrator/node_modules/axe-playwright/dist/reporter/defaultTerminalReporter.js:47:41)
[TEST] 
[TEST]     console.log
[TEST]       No accessibility violations detected!
[TEST] 
[TEST]       at DefaultTerminalReporter.<anonymous> (public/scripts/extensions/third-party/story-orchestrator/node_modules/axe-playwright/dist/reporter/defaultTerminalReporter.js:47:41)
[TEST] 
[TEST]     console.log
[TEST]       No accessibility violations detected!
[TEST] 
[TEST]       at DefaultTerminalReporter.<anonymous> (public/scripts/extensions/third-party/story-orchestrator/node_modules/axe-playwright/dist/reporter/defaultTerminalReporter.js:47:41)
[TEST] 
[TEST]     console.log
[TEST]       No accessibility violations detected!
[TEST] 
[TEST]       at DefaultTerminalReporter.<anonymous> (public/scripts/extensions/third-party/story-orchestrator/node_modules/axe-playwright/dist/reporter/defaultTerminalReporter.js:47:41)
[TEST] 
[TEST] PASS browser: chromium src/components/drawer/ConflictQueue.stories.tsx
[TEST]   ● Console
[TEST] 
[TEST]     console.log
[TEST]       No accessibility violations detected!
[TEST] 
[TEST]       at DefaultTerminalReporter.<anonymous> (public/scripts/extensions/third-party/story-orchestrator/node_modules/axe-playwright/dist/reporter/defaultTerminalReporter.js:47:41)
[TEST] 
[TEST]     console.log
[TEST]       No accessibility violations detected!
[TEST] 
[TEST]       at DefaultTerminalReporter.<anonymous> (public/scripts/extensions/third-party/story-orchestrator/node_modules/axe-playwright/dist/reporter/defaultTerminalReporter.js:47:41)
[TEST] 
[TEST]     console.log
[TEST]       No accessibility violations detected!
[TEST] 
[TEST]       at DefaultTerminalReporter.<anonymous> (public/scripts/extensions/third-party/story-orchestrator/node_modules/axe-playwright/dist/reporter/defaultTerminalReporter.js:47:41)
[TEST] 
[TEST]     console.log
[TEST]       No accessibility violations detected!
[TEST] 
[TEST]       at DefaultTerminalReporter.<anonymous> (public/scripts/extensions/third-party/story-orchestrator/node_modules/axe-playwright/dist/reporter/defaultTerminalReporter.js:47:41)
[TEST] 
[TEST]     console.log
[TEST]       No accessibility violations detected!
[TEST] 
[TEST]       at DefaultTerminalReporter.<anonymous> (public/scripts/extensions/third-party/story-orchestrator/node_modules/axe-playwright/dist/reporter/defaultTerminalReporter.js:47:41)
[TEST] 
[TEST]     console.log
[TEST]       No accessibility violations detected!
[TEST] 
[TEST]       at DefaultTerminalReporter.<anonymous> (public/scripts/extensions/third-party/story-orchestrator/node_modules/axe-playwright/dist/reporter/defaultTerminalReporter.js:47:41)
[TEST] 
[TEST]     console.log
[TEST]       No accessibility violations detected!
[TEST] 
[TEST]       at DefaultTerminalReporter.<anonymous> (public/scripts/extensions/third-party/story-orchestrator/node_modules/axe-playwright/dist/reporter/defaultTerminalReporter.js:47:41)
[TEST] 
[TEST]     console.log
[TEST]       No accessibility violations detected!
[TEST] 
[TEST]       at DefaultTerminalReporter.<anonymous> (public/scripts/extensions/third-party/story-orchestrator/node_modules/axe-playwright/dist/reporter/defaultTerminalReporter.js:47:41)
[TEST] 
[TEST] PASS browser: chromium src/components/drawer/DriverPanel.stories.tsx
[TEST]   ● Console
[TEST] 
[TEST]     console.log
[TEST]       No accessibility violations detected!
[TEST] 
[TEST]       at DefaultTerminalReporter.<anonymous> (public/scripts/extensions/third-party/story-orchestrator/node_modules/axe-playwright/dist/reporter/defaultTerminalReporter.js:47:41)
[TEST] 
[TEST]     console.log
[TEST]       No accessibility violations detected!
[TEST] 
[TEST]       at DefaultTerminalReporter.<anonymous> (public/scripts/extensions/third-party/story-orchestrator/node_modules/axe-playwright/dist/reporter/defaultTerminalReporter.js:47:41)
[TEST] 
[TEST]     console.log
[TEST]       No accessibility violations detected!
[TEST] 
[TEST]       at DefaultTerminalReporter.<anonymous> (public/scripts/extensions/third-party/story-orchestrator/node_modules/axe-playwright/dist/reporter/defaultTerminalReporter.js:47:41)
[TEST] 
[TEST]     console.log
[TEST]       No accessibility violations detected!
[TEST] 
[TEST]       at DefaultTerminalReporter.<anonymous> (public/scripts/extensions/third-party/story-orchestrator/node_modules/axe-playwright/dist/reporter/defaultTerminalReporter.js:47:41)
[TEST] 
[TEST]     console.log
[TEST]       No accessibility violations detected!
[TEST] 
[TEST]       at DefaultTerminalReporter.<anonymous> (public/scripts/extensions/third-party/story-orchestrator/node_modules/axe-playwright/dist/reporter/defaultTerminalReporter.js:47:41)
[TEST] 
[TEST]     console.log
[TEST]       No accessibility violations detected!
[TEST] 
[TEST]       at DefaultTerminalReporter.<anonymous> (public/scripts/extensions/third-party/story-orchestrator/node_modules/axe-playwright/dist/reporter/defaultTerminalReporter.js:47:41)
[TEST] 
[TEST] PASS browser: chromium src/studio/components/ProvisioningCard.stories.tsx
[TEST]   ● Console
[TEST] 
[TEST]     console.log
[TEST]       No accessibility violations detected!
[TEST] 
[TEST]       at DefaultTerminalReporter.<anonymous> (public/scripts/extensions/third-party/story-orchestrator/node_modules/axe-playwright/dist/reporter/defaultTerminalReporter.js:47:41)
[TEST] 
[TEST]     console.log
[TEST]       No accessibility violations detected!
[TEST] 
[TEST]       at DefaultTerminalReporter.<anonymous> (public/scripts/extensions/third-party/story-orchestrator/node_modules/axe-playwright/dist/reporter/defaultTerminalReporter.js:47:41)
[TEST] 
[TEST]     console.log
[TEST]       No accessibility violations detected!
[TEST] 
[TEST]       at DefaultTerminalReporter.<anonymous> (public/scripts/extensions/third-party/story-orchestrator/node_modules/axe-playwright/dist/reporter/defaultTerminalReporter.js:47:41)
[TEST] 
[TEST]     console.log
[TEST]       No accessibility violations detected!
[TEST] 
[TEST]       at DefaultTerminalReporter.<anonymous> (public/scripts/extensions/third-party/story-orchestrator/node_modules/axe-playwright/dist/reporter/defaultTerminalReporter.js:47:41)
[TEST] 
[TEST]     console.log
[TEST]       No accessibility violations detected!
[TEST] 
[TEST]       at DefaultTerminalReporter.<anonymous> (public/scripts/extensions/third-party/story-orchestrator/node_modules/axe-playwright/dist/reporter/defaultTerminalReporter.js:47:41)
[TEST] 
[TEST]     console.log
[TEST]       No accessibility violations detected!
[TEST] 
[TEST]       at DefaultTerminalReporter.<anonymous> (public/scripts/extensions/third-party/story-orchestrator/node_modules/axe-playwright/dist/reporter/defaultTerminalReporter.js:47:41)
[TEST] 
[TEST] PASS browser: chromium src/studio/components/ProposalReview.stories.tsx
[TEST]   ● Console
[TEST] 
[TEST]     console.log
[TEST]       No accessibility violations detected!
[TEST] 
[TEST]       at DefaultTerminalReporter.<anonymous> (public/scripts/extensions/third-party/story-orchestrator/node_modules/axe-playwright/dist/reporter/defaultTerminalReporter.js:47:41)
[TEST] 
[TEST]     console.log
[TEST]       No accessibility violations detected!
[TEST] 
[TEST]       at DefaultTerminalReporter.<anonymous> (public/scripts/extensions/third-party/story-orchestrator/node_modules/axe-playwright/dist/reporter/defaultTerminalReporter.js:47:41)
[TEST] 
[TEST]     console.log
[TEST]       No accessibility violations detected!
[TEST] 
[TEST]       at DefaultTerminalReporter.<anonymous> (public/scripts/extensions/third-party/story-orchestrator/node_modules/axe-playwright/dist/reporter/defaultTerminalReporter.js:47:41)
[TEST] 
[TEST]     console.log
[TEST]       No accessibility violations detected!
[TEST] 
[TEST]       at DefaultTerminalReporter.<anonymous> (public/scripts/extensions/third-party/story-orchestrator/node_modules/axe-playwright/dist/reporter/defaultTerminalReporter.js:47:41)
[TEST] 
[TEST] PASS browser: chromium src/studio/components/CheckpointEditor.stories.tsx
[TEST]   ● Console
[TEST] 
[TEST]     console.log
[TEST]       No accessibility violations detected!
[TEST] 
[TEST]       at DefaultTerminalReporter.<anonymous> (public/scripts/extensions/third-party/story-orchestrator/node_modules/axe-playwright/dist/reporter/defaultTerminalReporter.js:47:41)
[TEST] 
[TEST]     console.log
[TEST]       No accessibility violations detected!
[TEST] 
[TEST]       at DefaultTerminalReporter.<anonymous> (public/scripts/extensions/third-party/story-orchestrator/node_modules/axe-playwright/dist/reporter/defaultTerminalReporter.js:47:41)
[TEST] 
[TEST]     console.log
[TEST]       No accessibility violations detected!
[TEST] 
[TEST]       at DefaultTerminalReporter.<anonymous> (public/scripts/extensions/third-party/story-orchestrator/node_modules/axe-playwright/dist/reporter/defaultTerminalReporter.js:47:41)
[TEST] 
[TEST]     console.log
[TEST]       No accessibility violations detected!
[TEST] 
[TEST]       at DefaultTerminalReporter.<anonymous> (public/scripts/extensions/third-party/story-orchestrator/node_modules/axe-playwright/dist/reporter/defaultTerminalReporter.js:47:41)
[TEST] 
[TEST]     console.log
[TEST]       No accessibility violations detected!
[TEST] 
[TEST]       at DefaultTerminalReporter.<anonymous> (public/scripts/extensions/third-party/story-orchestrator/node_modules/axe-playwright/dist/reporter/defaultTerminalReporter.js:47:41)
[TEST] 
[TEST]     console.log
[TEST]       No accessibility violations detected!
[TEST] 
[TEST]       at DefaultTerminalReporter.<anonymous> (public/scripts/extensions/third-party/story-orchestrator/node_modules/axe-playwright/dist/reporter/defaultTerminalReporter.js:47:41)
[TEST] 
[TEST]     console.log
[TEST]       No accessibility violations detected!
[TEST] 
[TEST]       at DefaultTerminalReporter.<anonymous> (public/scripts/extensions/third-party/story-orchestrator/node_modules/axe-playwright/dist/reporter/defaultTerminalReporter.js:47:41)
[TEST] 
[TEST] PASS browser: chromium src/components/settings/CapabilitiesGroup.stories.tsx
[TEST]   ● Console
[TEST] 
[TEST]     console.log
[TEST]       No accessibility violations detected!
[TEST] 
[TEST]       at DefaultTerminalReporter.<anonymous> (public/scripts/extensions/third-party/story-orchestrator/node_modules/axe-playwright/dist/reporter/defaultTerminalReporter.js:47:41)
[TEST] 
[TEST]     console.log
[TEST]       No accessibility violations detected!
[TEST] 
[TEST]       at DefaultTerminalReporter.<anonymous> (public/scripts/extensions/third-party/story-orchestrator/node_modules/axe-playwright/dist/reporter/defaultTerminalReporter.js:47:41)
[TEST] 
[TEST]     console.log
[TEST]       No accessibility violations detected!
[TEST] 
[TEST]       at DefaultTerminalReporter.<anonymous> (public/scripts/extensions/third-party/story-orchestrator/node_modules/axe-playwright/dist/reporter/defaultTerminalReporter.js:47:41)
[TEST] 
[TEST]     console.log
[TEST]       No accessibility violations detected!
[TEST] 
[TEST]       at DefaultTerminalReporter.<anonymous> (public/scripts/extensions/third-party/story-orchestrator/node_modules/axe-playwright/dist/reporter/defaultTerminalReporter.js:47:41)
[TEST] 
[TEST]     console.log
[TEST]       No accessibility violations detected!
[TEST] 
[TEST]       at DefaultTerminalReporter.<anonymous> (public/scripts/extensions/third-party/story-orchestrator/node_modules/axe-playwright/dist/reporter/defaultTerminalReporter.js:47:41)
[TEST] 
[TEST] PASS browser: chromium src/studio/components/QualityEditor.stories.tsx
[TEST]   ● Console
[TEST] 
[TEST]     console.log
[TEST]       No accessibility violations detected!
[TEST] 
[TEST]       at DefaultTerminalReporter.<anonymous> (public/scripts/extensions/third-party/story-orchestrator/node_modules/axe-playwright/dist/reporter/defaultTerminalReporter.js:47:41)
[TEST] 
[TEST]     console.log
[TEST]       No accessibility violations detected!
[TEST] 
[TEST]       at DefaultTerminalReporter.<anonymous> (public/scripts/extensions/third-party/story-orchestrator/node_modules/axe-playwright/dist/reporter/defaultTerminalReporter.js:47:41)
[TEST] 
[TEST]     console.log
[TEST]       No accessibility violations detected!
[TEST] 
[TEST]       at DefaultTerminalReporter.<anonymous> (public/scripts/extensions/third-party/story-orchestrator/node_modules/axe-playwright/dist/reporter/defaultTerminalReporter.js:47:41)
[TEST] 
[TEST]     console.log
[TEST]       No accessibility violations detected!
[TEST] 
[TEST]       at DefaultTerminalReporter.<anonymous> (public/scripts/extensions/third-party/story-orchestrator/node_modules/axe-playwright/dist/reporter/defaultTerminalReporter.js:47:41)
[TEST] 
[TEST] PASS browser: chromium src/studio/components/AgencyEditor.stories.tsx
[TEST]   ● Console
[TEST] 
[TEST]     console.log
[TEST]       No accessibility violations detected!
[TEST] 
[TEST]       at DefaultTerminalReporter.<anonymous> (public/scripts/extensions/third-party/story-orchestrator/node_modules/axe-playwright/dist/reporter/defaultTerminalReporter.js:47:41)
[TEST] 
[TEST]     console.log
[TEST]       No accessibility violations detected!
[TEST] 
[TEST]       at DefaultTerminalReporter.<anonymous> (public/scripts/extensions/third-party/story-orchestrator/node_modules/axe-playwright/dist/reporter/defaultTerminalReporter.js:47:41)
[TEST] 
[TEST]     console.log
[TEST]       No accessibility violations detected!
[TEST] 
[TEST]       at DefaultTerminalReporter.<anonymous> (public/scripts/extensions/third-party/story-orchestrator/node_modules/axe-playwright/dist/reporter/defaultTerminalReporter.js:47:41)
[TEST] 
[TEST]     console.log
[TEST]       No accessibility violations detected!
[TEST] 
[TEST]       at DefaultTerminalReporter.<anonymous> (public/scripts/extensions/third-party/story-orchestrator/node_modules/axe-playwright/dist/reporter/defaultTerminalReporter.js:47:41)
[TEST] 
[TEST] PASS browser: chromium src/components/drawer/HudStrip.stories.tsx
[TEST]   ● Console
[TEST] 
[TEST]     console.log
[TEST]       No accessibility violations detected!
[TEST] 
[TEST]       at DefaultTerminalReporter.<anonymous> (public/scripts/extensions/third-party/story-orchestrator/node_modules/axe-playwright/dist/reporter/defaultTerminalReporter.js:47:41)
[TEST] 
[TEST]     console.log
[TEST]       No accessibility violations detected!
[TEST] 
[TEST]       at DefaultTerminalReporter.<anonymous> (public/scripts/extensions/third-party/story-orchestrator/node_modules/axe-playwright/dist/reporter/defaultTerminalReporter.js:47:41)
[TEST] 
[TEST]     console.log
[TEST]       No accessibility violations detected!
[TEST] 
[TEST]       at DefaultTerminalReporter.<anonymous> (public/scripts/extensions/third-party/story-orchestrator/node_modules/axe-playwright/dist/reporter/defaultTerminalReporter.js:47:41)
[TEST] 
[TEST]     console.log
[TEST]       No accessibility violations detected!
[TEST] 
[TEST]       at DefaultTerminalReporter.<anonymous> (public/scripts/extensions/third-party/story-orchestrator/node_modules/axe-playwright/dist/reporter/defaultTerminalReporter.js:47:41)
[TEST] 
[TEST]     console.log
[TEST]       No accessibility violations detected!
[TEST] 
[TEST]       at DefaultTerminalReporter.<anonymous> (public/scripts/extensions/third-party/story-orchestrator/node_modules/axe-playwright/dist/reporter/defaultTerminalReporter.js:47:41)
[TEST] 
[TEST]     console.log
[TEST]       No accessibility violations detected!
[TEST] 
[TEST]       at DefaultTerminalReporter.<anonymous> (public/scripts/extensions/third-party/story-orchestrator/node_modules/axe-playwright/dist/reporter/defaultTerminalReporter.js:47:41)
[TEST] 
[TEST] PASS browser: chromium src/studio/components/TalkControlEditor.stories.tsx
[TEST]   ● Console
[TEST] 
[TEST]     console.log
[TEST]       No accessibility violations detected!
[TEST] 
[TEST]       at DefaultTerminalReporter.<anonymous> (public/scripts/extensions/third-party/story-orchestrator/node_modules/axe-playwright/dist/reporter/defaultTerminalReporter.js:47:41)
[TEST] 
[TEST]     console.log
[TEST]       No accessibility violations detected!
[TEST] 
[TEST]       at DefaultTerminalReporter.<anonymous> (public/scripts/extensions/third-party/story-orchestrator/node_modules/axe-playwright/dist/reporter/defaultTerminalReporter.js:47:41)
[TEST] 
[TEST]     console.log
[TEST]       No accessibility violations detected!
[TEST] 
[TEST]       at DefaultTerminalReporter.<anonymous> (public/scripts/extensions/third-party/story-orchestrator/node_modules/axe-playwright/dist/reporter/defaultTerminalReporter.js:47:41)
[TEST] 
[TEST]     console.log
[TEST]       No accessibility violations detected!
[TEST] 
[TEST]       at DefaultTerminalReporter.<anonymous> (public/scripts/extensions/third-party/story-orchestrator/node_modules/axe-playwright/dist/reporter/defaultTerminalReporter.js:47:41)
[TEST] 
[TEST] PASS browser: chromium src/studio/components/RosterEditor.stories.tsx
[TEST]   ● Console
[TEST] 
[TEST]     console.log
[TEST]       No accessibility violations detected!
[TEST] 
[TEST]       at DefaultTerminalReporter.<anonymous> (public/scripts/extensions/third-party/story-orchestrator/node_modules/axe-playwright/dist/reporter/defaultTerminalReporter.js:47:41)
[TEST] 
[TEST]     console.log
[TEST]       No accessibility violations detected!
[TEST] 
[TEST]       at DefaultTerminalReporter.<anonymous> (public/scripts/extensions/third-party/story-orchestrator/node_modules/axe-playwright/dist/reporter/defaultTerminalReporter.js:47:41)
[TEST] 
[TEST]     console.log
[TEST]       No accessibility violations detected!
[TEST] 
[TEST]       at DefaultTerminalReporter.<anonymous> (public/scripts/extensions/third-party/story-orchestrator/node_modules/axe-playwright/dist/reporter/defaultTerminalReporter.js:47:41)
[TEST] 
[TEST]     console.log
[TEST]       No accessibility violations detected!
[TEST] 
[TEST]       at DefaultTerminalReporter.<anonymous> (public/scripts/extensions/third-party/story-orchestrator/node_modules/axe-playwright/dist/reporter/defaultTerminalReporter.js:47:41)
[TEST] 
[TEST]     console.log
[TEST]       No accessibility violations detected!
[TEST] 
[TEST]       at DefaultTerminalReporter.<anonymous> (public/scripts/extensions/third-party/story-orchestrator/node_modules/axe-playwright/dist/reporter/defaultTerminalReporter.js:47:41)
[TEST] 
[TEST] PASS browser: chromium src/studio/StudioModal.stories.tsx
[TEST]   ● Console
[TEST] 
[TEST]     console.log
[TEST]       No accessibility violations detected!
[TEST] 
[TEST]       at DefaultTerminalReporter.<anonymous> (public/scripts/extensions/third-party/story-orchestrator/node_modules/axe-playwright/dist/reporter/defaultTerminalReporter.js:47:41)
[TEST] 
[TEST]     console.log
[TEST]       No accessibility violations detected!
[TEST] 
[TEST]       at DefaultTerminalReporter.<anonymous> (public/scripts/extensions/third-party/story-orchestrator/node_modules/axe-playwright/dist/reporter/defaultTerminalReporter.js:47:41)
[TEST] 
[TEST]     console.log
[TEST]       No accessibility violations detected!
[TEST] 
[TEST]       at DefaultTerminalReporter.<anonymous> (public/scripts/extensions/third-party/story-orchestrator/node_modules/axe-playwright/dist/reporter/defaultTerminalReporter.js:47:41)
[TEST] 
[TEST]     console.log
[TEST]       No accessibility violations detected!
[TEST] 
[TEST]       at DefaultTerminalReporter.<anonymous> (public/scripts/extensions/third-party/story-orchestrator/node_modules/axe-playwright/dist/reporter/defaultTerminalReporter.js:47:41)
[TEST] 
[TEST]     console.log
[TEST]       No accessibility violations detected!
[TEST] 
[TEST]       at DefaultTerminalReporter.<anonymous> (public/scripts/extensions/third-party/story-orchestrator/node_modules/axe-playwright/dist/reporter/defaultTerminalReporter.js:47:41)
[TEST] 
[TEST]     console.log
[TEST]       No accessibility violations detected!
[TEST] 
[TEST]       at DefaultTerminalReporter.<anonymous> (public/scripts/extensions/third-party/story-orchestrator/node_modules/axe-playwright/dist/reporter/defaultTerminalReporter.js:47:41)
[TEST] 
[TEST] PASS browser: chromium src/studio/components/TransitionEditor.stories.tsx
[TEST]   ● Console
[TEST] 
[TEST]     console.log
[TEST]       No accessibility violations detected!
[TEST] 
[TEST]       at DefaultTerminalReporter.<anonymous> (public/scripts/extensions/third-party/story-orchestrator/node_modules/axe-playwright/dist/reporter/defaultTerminalReporter.js:47:41)
[TEST] 
[TEST]     console.log
[TEST]       No accessibility violations detected!
[TEST] 
[TEST]       at DefaultTerminalReporter.<anonymous> (public/scripts/extensions/third-party/story-orchestrator/node_modules/axe-playwright/dist/reporter/defaultTerminalReporter.js:47:41)
[TEST] 
[TEST]     console.log
[TEST]       No accessibility violations detected!
[TEST] 
[TEST]       at DefaultTerminalReporter.<anonymous> (public/scripts/extensions/third-party/story-orchestrator/node_modules/axe-playwright/dist/reporter/defaultTerminalReporter.js:47:41)
[TEST] 
[TEST]     console.log
[TEST]       No accessibility violations detected!
[TEST] 
[TEST]       at DefaultTerminalReporter.<anonymous> (public/scripts/extensions/third-party/story-orchestrator/node_modules/axe-playwright/dist/reporter/defaultTerminalReporter.js:47:41)
[TEST] 
[TEST] PASS browser: chromium src/studio/components/GateBuilder.stories.tsx
[TEST]   ● Console
[TEST] 
[TEST]     console.log
[TEST]       No accessibility violations detected!
[TEST] 
[TEST]       at DefaultTerminalReporter.<anonymous> (public/scripts/extensions/third-party/story-orchestrator/node_modules/axe-playwright/dist/reporter/defaultTerminalReporter.js:47:41)
[TEST] 
[TEST]     console.log
[TEST]       No accessibility violations detected!
[TEST] 
[TEST]       at DefaultTerminalReporter.<anonymous> (public/scripts/extensions/third-party/story-orchestrator/node_modules/axe-playwright/dist/reporter/defaultTerminalReporter.js:47:41)
[TEST] 
[TEST]     console.log
[TEST]       No accessibility violations detected!
[TEST] 
[TEST]       at DefaultTerminalReporter.<anonymous> (public/scripts/extensions/third-party/story-orchestrator/node_modules/axe-playwright/dist/reporter/defaultTerminalReporter.js:47:41)
[TEST] 
[TEST]     console.log
[TEST]       No accessibility violations detected!
[TEST] 
[TEST]       at DefaultTerminalReporter.<anonymous> (public/scripts/extensions/third-party/story-orchestrator/node_modules/axe-playwright/dist/reporter/defaultTerminalReporter.js:47:41)
[TEST] 
[TEST] PASS browser: chromium src/studio/components/WizardQuestions.stories.tsx
[TEST]   ● Console
[TEST] 
[TEST]     console.log
[TEST]       No accessibility violations detected!
[TEST] 
[TEST]       at DefaultTerminalReporter.<anonymous> (public/scripts/extensions/third-party/story-orchestrator/node_modules/axe-playwright/dist/reporter/defaultTerminalReporter.js:47:41)
[TEST] 
[TEST]     console.log
[TEST]       No accessibility violations detected!
[TEST] 
[TEST]       at DefaultTerminalReporter.<anonymous> (public/scripts/extensions/third-party/story-orchestrator/node_modules/axe-playwright/dist/reporter/defaultTerminalReporter.js:47:41)
[TEST] 
[TEST] PASS browser: chromium src/components/studio/Toolbar.stories.tsx
[TEST]   ● Console
[TEST] 
[TEST]     console.log
[TEST]       No accessibility violations detected!
[TEST] 
[TEST]       at DefaultTerminalReporter.<anonymous> (public/scripts/extensions/third-party/story-orchestrator/node_modules/axe-playwright/dist/reporter/defaultTerminalReporter.js:47:41)
[TEST] 
[TEST]     console.log
[TEST]       No accessibility violations detected!
[TEST] 
[TEST]       at DefaultTerminalReporter.<anonymous> (public/scripts/extensions/third-party/story-orchestrator/node_modules/axe-playwright/dist/reporter/defaultTerminalReporter.js:47:41)
[TEST] 
[TEST]     console.log
[TEST]       No accessibility violations detected!
[TEST] 
[TEST]       at DefaultTerminalReporter.<anonymous> (public/scripts/extensions/third-party/story-orchestrator/node_modules/axe-playwright/dist/reporter/defaultTerminalReporter.js:47:41)
[TEST] 
[TEST] PASS browser: chromium src/studio/components/StudioToolbar.stories.tsx
[TEST]   ● Console
[TEST] 
[TEST]     console.log
[TEST]       No accessibility violations detected!
[TEST] 
[TEST]       at DefaultTerminalReporter.<anonymous> (public/scripts/extensions/third-party/story-orchestrator/node_modules/axe-playwright/dist/reporter/defaultTerminalReporter.js:47:41)
[TEST] 
[TEST]     console.log
[TEST]       No accessibility violations detected!
[TEST] 
[TEST]       at DefaultTerminalReporter.<anonymous> (public/scripts/extensions/third-party/story-orchestrator/node_modules/axe-playwright/dist/reporter/defaultTerminalReporter.js:47:41)
[TEST] 
[TEST] PASS browser: chromium src/components/studio/GraphPanel.stories.tsx
[TEST]   ● Console
[TEST] 
[TEST]     console.log
[TEST]       No accessibility violations detected!
[TEST] 
[TEST]       at DefaultTerminalReporter.<anonymous> (public/scripts/extensions/third-party/story-orchestrator/node_modules/axe-playwright/dist/reporter/defaultTerminalReporter.js:47:41)
[TEST] 
[TEST]     console.log
[TEST]       No accessibility violations detected!
[TEST] 
[TEST]       at DefaultTerminalReporter.<anonymous> (public/scripts/extensions/third-party/story-orchestrator/node_modules/axe-playwright/dist/reporter/defaultTerminalReporter.js:47:41)
[TEST] 
[TEST] PASS browser: chromium src/components/studio/MultiSelect.stories.tsx
[TEST]   ● Console
[TEST] 
[TEST]     console.log
[TEST]       No accessibility violations detected!
[TEST] 
[TEST]       at DefaultTerminalReporter.<anonymous> (public/scripts/extensions/third-party/story-orchestrator/node_modules/axe-playwright/dist/reporter/defaultTerminalReporter.js:47:41)
[TEST] 
[TEST]     console.log
[TEST]       No accessibility violations detected!
[TEST] 
[TEST]       at DefaultTerminalReporter.<anonymous> (public/scripts/extensions/third-party/story-orchestrator/node_modules/axe-playwright/dist/reporter/defaultTerminalReporter.js:47:41)
[TEST] 
[TEST]     console.log
[TEST]       No accessibility violations detected!
[TEST] 
[TEST]       at DefaultTerminalReporter.<anonymous> (public/scripts/extensions/third-party/story-orchestrator/node_modules/axe-playwright/dist/reporter/defaultTerminalReporter.js:47:41)
[TEST] 
[TEST] PASS browser: chromium src/studio/components/ScopePreview.stories.tsx
[TEST]   ● Console
[TEST] 
[TEST]     console.log
[TEST]       No accessibility violations detected!
[TEST] 
[TEST]       at DefaultTerminalReporter.<anonymous> (public/scripts/extensions/third-party/story-orchestrator/node_modules/axe-playwright/dist/reporter/defaultTerminalReporter.js:47:41)
[TEST] 
[TEST]     console.log
[TEST]       No accessibility violations detected!
[TEST] 
[TEST]       at DefaultTerminalReporter.<anonymous> (public/scripts/extensions/third-party/story-orchestrator/node_modules/axe-playwright/dist/reporter/defaultTerminalReporter.js:47:41)
[TEST] 
[TEST] PASS browser: chromium src/studio/components/DiagnosticsPanel.stories.tsx
[TEST]   ● Console
[TEST] 
[TEST]     console.log
[TEST]       No accessibility violations detected!
[TEST] 
[TEST]       at DefaultTerminalReporter.<anonymous> (public/scripts/extensions/third-party/story-orchestrator/node_modules/axe-playwright/dist/reporter/defaultTerminalReporter.js:47:41)
[TEST] 
[TEST]     console.log
[TEST]       No accessibility violations detected!
[TEST] 
[TEST]       at DefaultTerminalReporter.<anonymous> (public/scripts/extensions/third-party/story-orchestrator/node_modules/axe-playwright/dist/reporter/defaultTerminalReporter.js:47:41)
[TEST] 
[TEST] PASS browser: chromium src/components/studio/FeedbackAlert.stories.tsx
[TEST]   ● Console
[TEST] 
[TEST]     console.log
[TEST]       No accessibility violations detected!
[TEST] 
[TEST]       at DefaultTerminalReporter.<anonymous> (public/scripts/extensions/third-party/story-orchestrator/node_modules/axe-playwright/dist/reporter/defaultTerminalReporter.js:47:41)
[TEST] 
[TEST]     console.log
[TEST]       No accessibility violations detected!
[TEST] 
[TEST]       at DefaultTerminalReporter.<anonymous> (public/scripts/extensions/third-party/story-orchestrator/node_modules/axe-playwright/dist/reporter/defaultTerminalReporter.js:47:41)
[TEST] 
[TEST]     console.log
[TEST]       No accessibility violations detected!
[TEST] 
[TEST]       at DefaultTerminalReporter.<anonymous> (public/scripts/extensions/third-party/story-orchestrator/node_modules/axe-playwright/dist/reporter/defaultTerminalReporter.js:47:41)
[TEST] 
[TEST] PASS browser: chromium src/studio/components/StudioGraph.stories.tsx
[TEST]   ● Console
[TEST] 
[TEST]     console.log
[TEST]       No accessibility violations detected!
[TEST] 
[TEST]       at DefaultTerminalReporter.<anonymous> (public/scripts/extensions/third-party/story-orchestrator/node_modules/axe-playwright/dist/reporter/defaultTerminalReporter.js:47:41)
[TEST] 
[TEST] PASS browser: chromium src/components/studio/HelpTooltip.stories.tsx
[TEST]   ● Console
[TEST] 
[TEST]     console.log
[TEST]       No accessibility violations detected!
[TEST] 
[TEST]       at DefaultTerminalReporter.<anonymous> (public/scripts/extensions/third-party/story-orchestrator/node_modules/axe-playwright/dist/reporter/defaultTerminalReporter.js:47:41)
[TEST] 
[TEST]     console.log
[TEST]       No accessibility violations detected!
[TEST] 
[TEST]       at DefaultTerminalReporter.<anonymous> (public/scripts/extensions/third-party/story-orchestrator/node_modules/axe-playwright/dist/reporter/defaultTerminalReporter.js:47:41)
[TEST] 
[TEST] 
[TEST] Test Suites: 30 passed, 30 total
[TEST] Tests:       155 passed, 155 total
[TEST] Snapshots:   0 total
[TEST] Time:        58.52 s
[TEST] Ran all test suites.
[TEST] wait-on -t 60000 http://127.0.0.1:6006 && npm run test-storybook exited with code 0
--> Sending SIGTERM to other processes..
[SB] npm run serve-sb exited with code 1
[clean-host] test-storybook:ci OK
[clean-host] == host record ==
[clean-host] host record: /c/dev/SillyTavern-MainBranch/public/scripts/extensions/third-party/story-orchestrator/docs/release/clean-host/20260922T091723Z.host.json
[clean-host] result: green
