[clean-host] extension: /c/dev/SillyTavern-MainBranch/public/scripts/extensions/third-party/story-orchestrator
[clean-host] log: /c/dev/SillyTavern-MainBranch/public/scripts/extensions/third-party/story-orchestrator/docs/release/2.3.0/clean-host/20260923T234904Z.log
== clone ==
[clean-host] SillyTavern 06bde939fb1e9c4c8d8641d810f0a916b5bce127 (HEAD)
[clean-host] SillyTavern 06bde939fb1e9c4c8d8641d810f0a916b5bce127 (HEAD)
[clean-host] == copy extension ==
[clean-host] == npm ci ==
npm warn deprecated whatwg-encoding@3.1.1: Use @exodus/bytes instead for a more spec-conformant and faster implementation
npm warn deprecated jest-process-manager@0.4.0: ⚠️ The 'jest-process-manager' package is deprecated. Please migrate to Playwright's built-in test runner (@playwright/test) which now includes full Jest-style features and parallel testing. See https://playwright.dev/docs/intro for details.
npm warn deprecated @humanwhocodes/config-array@0.13.0: Use @eslint/config-array instead
npm warn deprecated @humanwhocodes/object-schema@2.0.3: Use @eslint/object-schema instead
npm warn deprecated @babel/plugin-proposal-private-property-in-object@7.21.11: This proposal has been merged to the ECMAScript standard and thus this plugin is no longer maintained. Please use @babel/plugin-transform-private-property-in-object instead.
npm warn deprecated expect-playwright@0.8.0: ⚠️ The 'expect-playwright' package is deprecated. The Playwright core assertions (via @playwright/test) now cover the same functionality. Please migrate to built-in expect. See https://playwright.dev/docs/test-assertions for migration.
npm warn deprecated whatwg-encoding@2.0.0: Use @exodus/bytes instead for a more spec-conformant and faster implementation
npm warn deprecated jest-playwright-preset@4.0.0: ⚠️ The 'jest-playwright-preset' package is deprecated. Please migrate to Playwright's built-in test runner (@playwright/test) which now includes full Jest-style features and parallel testing. See https://playwright.dev/docs/intro for details.
npm warn deprecated uuid@8.3.2: uuid@10 and below is no longer supported.  For ESM codebases, update to uuid@latest.  For CommonJS codebases, use uuid@11 (but be aware this version will likely be deprecated in 2028).
npm warn deprecated uuid@8.3.2: uuid@10 and below is no longer supported.  For ESM codebases, update to uuid@latest.  For CommonJS codebases, use uuid@11 (but be aware this version will likely be deprecated in 2028).
npm warn deprecated uuid@8.3.2: uuid@10 and below is no longer supported.  For ESM codebases, update to uuid@latest.  For CommonJS codebases, use uuid@11 (but be aware this version will likely be deprecated in 2028).
npm warn deprecated glob@10.5.0: Old versions of glob are not supported, and contain widely publicized security vulnerabilities, which have been fixed in the current version. Please update. Support for old versions may be purchased (at exorbitant rates) by contacting i@izs.me
npm warn deprecated glob@10.5.0: Old versions of glob are not supported, and contain widely publicized security vulnerabilities, which have been fixed in the current version. Please update. Support for old versions may be purchased (at exorbitant rates) by contacting i@izs.me
npm warn deprecated glob@10.5.0: Old versions of glob are not supported, and contain widely publicized security vulnerabilities, which have been fixed in the current version. Please update. Support for old versions may be purchased (at exorbitant rates) by contacting i@izs.me
npm warn deprecated eslint@8.57.1: This version is no longer supported. Please see https://eslint.org/version-support for other options.

added 1400 packages in 32s
npm notice
npm notice New major version of npm available! 10.9.4 -> 12.1.0
npm notice Changelog: https://github.com/npm/cli/releases/tag/v12.1.0
npm notice To update run: npm install -g npm@12.1.0
npm notice
[clean-host] npm ci OK
[clean-host] == typecheck ==

> story-orchestrator@2.3.0 typecheck
> tsc --noEmit

[clean-host] typecheck OK
[clean-host] == lint ==

> story-orchestrator@2.3.0 lint
> eslint src/index.tsx src/engine src/extraction src/runtime src/pacing src/generation src/services src/utils src/constants src/memory src/studio src/copilot src/talk src/wizard src/stagecraft src/judge src/components --ext .ts,.tsx --ignore-pattern "src/**/*.test.ts"

[clean-host] lint OK
[clean-host] == test ==

> story-orchestrator@2.3.0 test
> jest --runInBand

PASS src/runtime/runtimeManager.test.ts (11.026 s)
  ● Console

    console.warn
      [Story Orchestrator] install-wide settings are not readable yet; extras start at their defaults ReferenceError: Cannot access 'mockContext' before initialization
          at getContext (C:\Users\RolaPorElNapo\AppData\Local\Temp\tmp.CLDdcGf3g9\SillyTavern\public\scripts\extensions\third-party\story-orchestrator\src\runtime\runtimeManager.test.ts:37:23)
          at getRoot (C:\Users\RolaPorElNapo\AppData\Local\Temp\tmp.CLDdcGf3g9\SillyTavern\public\scripts\extensions\third-party\story-orchestrator\src\runtime\settingsStore.ts:96:30)
          at getGlobalSettings (C:\Users\RolaPorElNapo\AppData\Local\Temp\tmp.CLDdcGf3g9\SillyTavern\public\scripts\extensions\third-party\story-orchestrator\src\runtime\settingsStore.ts:109:16)
          at applyGlobalSettings (C:\Users\RolaPorElNapo\AppData\Local\Temp\tmp.CLDdcGf3g9\SillyTavern\public\scripts\extensions\third-party\story-orchestrator\src\runtime\extras.ts:289:35)
          at withGlobalSettings (C:\Users\RolaPorElNapo\AppData\Local\Temp\tmp.CLDdcGf3g9\SillyTavern\public\scripts\extensions\third-party\story-orchestrator\src\runtime\extras.ts:212:31)
          at createExtras (C:\Users\RolaPorElNapo\AppData\Local\Temp\tmp.CLDdcGf3g9\SillyTavern\public\scripts\extensions\third-party\story-orchestrator\src\runtime\extras.ts:219:50)
          at new RuntimeManager (C:\Users\RolaPorElNapo\AppData\Local\Temp\tmp.CLDdcGf3g9\SillyTavern\public\scripts\extensions\third-party\story-orchestrator\src\runtime\runtimeManager.ts:67:47)
          at Object.<anonymous> (C:\Users\RolaPorElNapo\AppData\Local\Temp\tmp.CLDdcGf3g9\SillyTavern\public\scripts\extensions\third-party\story-orchestrator\src\runtime\runtimeManager.ts:661:31)
          at Runtime._execModule (C:\Users\RolaPorElNapo\AppData\Local\Temp\tmp.CLDdcGf3g9\SillyTavern\public\scripts\extensions\third-party\story-orchestrator\node_modules\jest-runtime\build\index.js:1268:24)
          at Runtime._loadModule (C:\Users\RolaPorElNapo\AppData\Local\Temp\tmp.CLDdcGf3g9\SillyTavern\public\scripts\extensions\third-party\story-orchestrator\node_modules\jest-runtime\build\index.js:944:12)
          at Runtime.requireModule (C:\Users\RolaPorElNapo\AppData\Local\Temp\tmp.CLDdcGf3g9\SillyTavern\public\scripts\extensions\third-party\story-orchestrator\node_modules\jest-runtime\build\index.js:832:12)
          at Runtime.requireModuleOrMock (C:\Users\RolaPorElNapo\AppData\Local\Temp\tmp.CLDdcGf3g9\SillyTavern\public\scripts\extensions\third-party\story-orchestrator\node_modules\jest-runtime\build\index.js:964:21)
          at Object.<anonymous> (C:\Users\RolaPorElNapo\AppData\Local\Temp\tmp.CLDdcGf3g9\SillyTavern\public\scripts\extensions\third-party\story-orchestrator\src\runtime\runtimeManager.test.ts:5:1)
          at Runtime._execModule (C:\Users\RolaPorElNapo\AppData\Local\Temp\tmp.CLDdcGf3g9\SillyTavern\public\scripts\extensions\third-party\story-orchestrator\node_modules\jest-runtime\build\index.js:1268:24)
          at Runtime._loadModule (C:\Users\RolaPorElNapo\AppData\Local\Temp\tmp.CLDdcGf3g9\SillyTavern\public\scripts\extensions\third-party\story-orchestrator\node_modules\jest-runtime\build\index.js:944:12)
          at Runtime.requireModule (C:\Users\RolaPorElNapo\AppData\Local\Temp\tmp.CLDdcGf3g9\SillyTavern\public\scripts\extensions\third-party\story-orchestrator\node_modules\jest-runtime\build\index.js:832:12)
          at jestAdapter (C:\Users\RolaPorElNapo\AppData\Local\Temp\tmp.CLDdcGf3g9\SillyTavern\public\scripts\extensions\third-party\story-orchestrator\node_modules\jest-circus\build\runner.js:95:13)
          at runTestInternal (C:\Users\RolaPorElNapo\AppData\Local\Temp\tmp.CLDdcGf3g9\SillyTavern\public\scripts\extensions\third-party\story-orchestrator\node_modules\jest-runner\build\index.js:275:16)
          at runTest (C:\Users\RolaPorElNapo\AppData\Local\Temp\tmp.CLDdcGf3g9\SillyTavern\public\scripts\extensions\third-party\story-orchestrator\node_modules\jest-runner\build\index.js:343:7)

    [0m [90m 212 |[39m     [36mreturn[39m applyGlobalSettings(extras[33m,[39m [33mNO_CHAT_OVERRIDES[39m)[33m;[39m
     [90m 213 |[39m   } [36mcatch[39m (error) {
    [31m[1m>[22m[39m[90m 214 |[39m     console[33m.[39mwarn([32m"[Story Orchestrator] install-wide settings are not readable yet; extras start at their defaults"[39m[33m,[39m error)[33m;[39m
     [90m     |[39m             [31m[1m^[22m[39m
     [90m 215 |[39m     [36mreturn[39m extras[33m;[39m
     [90m 216 |[39m   }
     [90m 217 |[39m }[33m;[39m[0m

      at withGlobalSettings (src/runtime/extras.ts:214:13)
      at createExtras (src/runtime/extras.ts:219:50)
      at new RuntimeManager (src/runtime/runtimeManager.ts:67:47)
      at Object.<anonymous> (src/runtime/runtimeManager.ts:661:31)
      at Object.<anonymous> (src/runtime/runtimeManager.test.ts:5:1)

    console.warn
      [Story Orchestrator] blob-chat-mismatch: chat_metadata holds state stamped for chat chat-a while chat-b is open; left untouched, read as no story selected

    [0m [90m 66 |[39m   [36mif[39m (current) {
     [90m 67 |[39m     [36mconst[39m next [33m=[39m { stampedFor[33m:[39m [33mString[39m(current[33m.[39mchatId)[33m,[39m openChat[33m:[39m openChatId() }[33m;[39m
    [31m[1m>[22m[39m[90m 68 |[39m     [36mif[39m (mismatch[33m?[39m[33m.[39mstampedFor [33m!==[39m next[33m.[39mstampedFor [33m||[39m mismatch[33m.[39mopenChat [33m!==[39m next[33m.[39mopenChat) console[33m.[39mwarn([32m`[Story Orchestrator] blob-chat-mismatch: chat_metadata holds state stamped for chat ${next.stampedFor} while ${String(next.openChat)} is open; left untouched, read as no story selected`[39m)[33m;[39m
     [90m    |[39m                                                                                                  [31m[1m^[22m[39m
     [90m 69 |[39m     mismatch [33m=[39m next[33m;[39m
     [90m 70 |[39m     [36mreturn[39m createBlob()[33m;[39m
     [90m 71 |[39m   }[0m

      at getMetadataBlob (src/runtime/persistence.ts:68:98)
      at getSelectedStoryId (src/runtime/persistence.ts:111:10)
      at loadSelectedStory (src/runtime/storySelection.ts:40:32)
      at RuntimeManager.loadSelectedFromChat (src/runtime/runtimeManager.ts:256:38)
      at Object.<anonymous> (src/runtime/runtimeManager.test.ts:1159:5)

    console.warn
      [Story Orchestrator] blob-chat-mismatch: chat_metadata holds state stamped for chat chat-elsewhere while chat-a is open; left untouched, read as no story selected

    [0m [90m 66 |[39m   [36mif[39m (current) {
     [90m 67 |[39m     [36mconst[39m next [33m=[39m { stampedFor[33m:[39m [33mString[39m(current[33m.[39mchatId)[33m,[39m openChat[33m:[39m openChatId() }[33m;[39m
    [31m[1m>[22m[39m[90m 68 |[39m     [36mif[39m (mismatch[33m?[39m[33m.[39mstampedFor [33m!==[39m next[33m.[39mstampedFor [33m||[39m mismatch[33m.[39mopenChat [33m!==[39m next[33m.[39mopenChat) console[33m.[39mwarn([32m`[Story Orchestrator] blob-chat-mismatch: chat_metadata holds state stamped for chat ${next.stampedFor} while ${String(next.openChat)} is open; left untouched, read as no story selected`[39m)[33m;[39m
     [90m    |[39m                                                                                                  [31m[1m^[22m[39m
     [90m 69 |[39m     mismatch [33m=[39m next[33m;[39m
     [90m 70 |[39m     [36mreturn[39m createBlob()[33m;[39m
     [90m 71 |[39m   }[0m

      at getMetadataBlob (src/runtime/persistence.ts:68:98)
      at getSelectedStoryId (src/runtime/persistence.ts:111:10)
      at loadSelectedStory (src/runtime/storySelection.ts:40:32)
      at RuntimeManager.loadSelectedFromChat (src/runtime/runtimeManager.ts:256:38)
      at Object.<anonymous> (src/runtime/runtimeManager.test.ts:1590:5)

PASS src/runtime/coordinators/stagecraftCoordinator.test.ts
PASS src/runtime/memoryQueue.test.ts
PASS src/runtime/coordinators/stagecraftCoordinator.review.test.ts
PASS src/runtime/coordinators/memoryOwnership.review.test.ts
PASS src/judge/judge.test.ts
PASS src/engine/engine.test.ts
PASS src/runtime/effectsApplier.test.ts
PASS src/extraction/extraction.test.ts
PASS src/engine/storyDiff.test.ts
PASS src/memory/provenance.test.ts
PASS src/runtime/talkControl.test.ts
PASS src/runtime/coordinators/extractionOwnership.review.test.ts
PASS src/runtime/effectsOwnership.review.test.ts
PASS src/generation/fork.review.test.ts
PASS src/services/stHost/worldInfo.test.ts
PASS src/runtime/storyUpdate.test.ts
PASS src/wizard/provisioning.test.ts
PASS src/runtime/storyIdentity.test.ts
  ● Console

    console.warn
      [Story Orchestrator] install-wide settings are not readable yet; extras start at their defaults ReferenceError: Cannot access 'mockContext' before initialization
          at getContext (C:\Users\RolaPorElNapo\AppData\Local\Temp\tmp.CLDdcGf3g9\SillyTavern\public\scripts\extensions\third-party\story-orchestrator\src\runtime\storyIdentity.test.ts:23:21)
          at getRoot (C:\Users\RolaPorElNapo\AppData\Local\Temp\tmp.CLDdcGf3g9\SillyTavern\public\scripts\extensions\third-party\story-orchestrator\src\runtime\settingsStore.ts:96:30)
          at getGlobalSettings (C:\Users\RolaPorElNapo\AppData\Local\Temp\tmp.CLDdcGf3g9\SillyTavern\public\scripts\extensions\third-party\story-orchestrator\src\runtime\settingsStore.ts:109:16)
          at applyGlobalSettings (C:\Users\RolaPorElNapo\AppData\Local\Temp\tmp.CLDdcGf3g9\SillyTavern\public\scripts\extensions\third-party\story-orchestrator\src\runtime\extras.ts:289:35)
          at withGlobalSettings (C:\Users\RolaPorElNapo\AppData\Local\Temp\tmp.CLDdcGf3g9\SillyTavern\public\scripts\extensions\third-party\story-orchestrator\src\runtime\extras.ts:212:31)
          at createExtras (C:\Users\RolaPorElNapo\AppData\Local\Temp\tmp.CLDdcGf3g9\SillyTavern\public\scripts\extensions\third-party\story-orchestrator\src\runtime\extras.ts:219:50)
          at new RuntimeManager (C:\Users\RolaPorElNapo\AppData\Local\Temp\tmp.CLDdcGf3g9\SillyTavern\public\scripts\extensions\third-party\story-orchestrator\src\runtime\runtimeManager.ts:67:47)
          at Object.<anonymous> (C:\Users\RolaPorElNapo\AppData\Local\Temp\tmp.CLDdcGf3g9\SillyTavern\public\scripts\extensions\third-party\story-orchestrator\src\runtime\runtimeManager.ts:661:31)
          at Runtime._execModule (C:\Users\RolaPorElNapo\AppData\Local\Temp\tmp.CLDdcGf3g9\SillyTavern\public\scripts\extensions\third-party\story-orchestrator\node_modules\jest-runtime\build\index.js:1268:24)
          at Runtime._loadModule (C:\Users\RolaPorElNapo\AppData\Local\Temp\tmp.CLDdcGf3g9\SillyTavern\public\scripts\extensions\third-party\story-orchestrator\node_modules\jest-runtime\build\index.js:944:12)
          at Runtime.requireModule (C:\Users\RolaPorElNapo\AppData\Local\Temp\tmp.CLDdcGf3g9\SillyTavern\public\scripts\extensions\third-party\story-orchestrator\node_modules\jest-runtime\build\index.js:832:12)
          at Runtime.requireModuleOrMock (C:\Users\RolaPorElNapo\AppData\Local\Temp\tmp.CLDdcGf3g9\SillyTavern\public\scripts\extensions\third-party\story-orchestrator\node_modules\jest-runtime\build\index.js:964:21)
          at Object.<anonymous> (C:\Users\RolaPorElNapo\AppData\Local\Temp\tmp.CLDdcGf3g9\SillyTavern\public\scripts\extensions\third-party\story-orchestrator\src\runtime\storyIdentity.test.ts:1:1)
          at Runtime._execModule (C:\Users\RolaPorElNapo\AppData\Local\Temp\tmp.CLDdcGf3g9\SillyTavern\public\scripts\extensions\third-party\story-orchestrator\node_modules\jest-runtime\build\index.js:1268:24)
          at Runtime._loadModule (C:\Users\RolaPorElNapo\AppData\Local\Temp\tmp.CLDdcGf3g9\SillyTavern\public\scripts\extensions\third-party\story-orchestrator\node_modules\jest-runtime\build\index.js:944:12)
          at Runtime.requireModule (C:\Users\RolaPorElNapo\AppData\Local\Temp\tmp.CLDdcGf3g9\SillyTavern\public\scripts\extensions\third-party\story-orchestrator\node_modules\jest-runtime\build\index.js:832:12)
          at jestAdapter (C:\Users\RolaPorElNapo\AppData\Local\Temp\tmp.CLDdcGf3g9\SillyTavern\public\scripts\extensions\third-party\story-orchestrator\node_modules\jest-circus\build\runner.js:95:13)
          at runTestInternal (C:\Users\RolaPorElNapo\AppData\Local\Temp\tmp.CLDdcGf3g9\SillyTavern\public\scripts\extensions\third-party\story-orchestrator\node_modules\jest-runner\build\index.js:275:16)
          at runTest (C:\Users\RolaPorElNapo\AppData\Local\Temp\tmp.CLDdcGf3g9\SillyTavern\public\scripts\extensions\third-party\story-orchestrator\node_modules\jest-runner\build\index.js:343:7)

    [0m [90m 212 |[39m     [36mreturn[39m applyGlobalSettings(extras[33m,[39m [33mNO_CHAT_OVERRIDES[39m)[33m;[39m
     [90m 213 |[39m   } [36mcatch[39m (error) {
    [31m[1m>[22m[39m[90m 214 |[39m     console[33m.[39mwarn([32m"[Story Orchestrator] install-wide settings are not readable yet; extras start at their defaults"[39m[33m,[39m error)[33m;[39m
     [90m     |[39m             [31m[1m^[22m[39m
     [90m 215 |[39m     [36mreturn[39m extras[33m;[39m
     [90m 216 |[39m   }
     [90m 217 |[39m }[33m;[39m[0m

      at withGlobalSettings (src/runtime/extras.ts:214:13)
      at createExtras (src/runtime/extras.ts:219:50)
      at new RuntimeManager (src/runtime/runtimeManager.ts:67:47)
      at Object.<anonymous> (src/runtime/runtimeManager.ts:661:31)
      at Object.<anonymous> (src/runtime/storyIdentity.test.ts:1:1)

PASS src/studio/diagnostics.test.ts
PASS src/judge/extraction.test.ts
PASS src/stagecraft/stagecraft.test.ts
PASS src/copilot/parse.test.ts
PASS src/runtime/effectRestore.review.test.ts
PASS src/memory/reversal.review.test.ts
PASS src/runtime/memoryMirror.test.ts
PASS src/memory/rollbackReplay.property.test.ts
PASS src/runtime/judgeExtraction.test.ts
  ● Console

    console.warn
      [Story Orchestrator] install-wide settings are not readable yet; extras start at their defaults ReferenceError: Cannot access 'mockContext' before initialization
          at getContext (C:\Users\RolaPorElNapo\AppData\Local\Temp\tmp.CLDdcGf3g9\SillyTavern\public\scripts\extensions\third-party\story-orchestrator\src\runtime\judgeExtraction.test.ts:21:21)
          at getRoot (C:\Users\RolaPorElNapo\AppData\Local\Temp\tmp.CLDdcGf3g9\SillyTavern\public\scripts\extensions\third-party\story-orchestrator\src\runtime\settingsStore.ts:96:30)
          at getGlobalSettings (C:\Users\RolaPorElNapo\AppData\Local\Temp\tmp.CLDdcGf3g9\SillyTavern\public\scripts\extensions\third-party\story-orchestrator\src\runtime\settingsStore.ts:109:16)
          at applyGlobalSettings (C:\Users\RolaPorElNapo\AppData\Local\Temp\tmp.CLDdcGf3g9\SillyTavern\public\scripts\extensions\third-party\story-orchestrator\src\runtime\extras.ts:289:35)
          at withGlobalSettings (C:\Users\RolaPorElNapo\AppData\Local\Temp\tmp.CLDdcGf3g9\SillyTavern\public\scripts\extensions\third-party\story-orchestrator\src\runtime\extras.ts:212:31)
          at createExtras (C:\Users\RolaPorElNapo\AppData\Local\Temp\tmp.CLDdcGf3g9\SillyTavern\public\scripts\extensions\third-party\story-orchestrator\src\runtime\extras.ts:219:50)
          at new RuntimeManager (C:\Users\RolaPorElNapo\AppData\Local\Temp\tmp.CLDdcGf3g9\SillyTavern\public\scripts\extensions\third-party\story-orchestrator\src\runtime\runtimeManager.ts:67:47)
          at Object.<anonymous> (C:\Users\RolaPorElNapo\AppData\Local\Temp\tmp.CLDdcGf3g9\SillyTavern\public\scripts\extensions\third-party\story-orchestrator\src\runtime\runtimeManager.ts:661:31)
          at Runtime._execModule (C:\Users\RolaPorElNapo\AppData\Local\Temp\tmp.CLDdcGf3g9\SillyTavern\public\scripts\extensions\third-party\story-orchestrator\node_modules\jest-runtime\build\index.js:1268:24)
          at Runtime._loadModule (C:\Users\RolaPorElNapo\AppData\Local\Temp\tmp.CLDdcGf3g9\SillyTavern\public\scripts\extensions\third-party\story-orchestrator\node_modules\jest-runtime\build\index.js:944:12)
          at Runtime.requireModule (C:\Users\RolaPorElNapo\AppData\Local\Temp\tmp.CLDdcGf3g9\SillyTavern\public\scripts\extensions\third-party\story-orchestrator\node_modules\jest-runtime\build\index.js:832:12)
          at Runtime.requireModuleOrMock (C:\Users\RolaPorElNapo\AppData\Local\Temp\tmp.CLDdcGf3g9\SillyTavern\public\scripts\extensions\third-party\story-orchestrator\node_modules\jest-runtime\build\index.js:964:21)
          at Object.<anonymous> (C:\Users\RolaPorElNapo\AppData\Local\Temp\tmp.CLDdcGf3g9\SillyTavern\public\scripts\extensions\third-party\story-orchestrator\src\runtime\judgeExtraction.test.ts:4:1)
          at Runtime._execModule (C:\Users\RolaPorElNapo\AppData\Local\Temp\tmp.CLDdcGf3g9\SillyTavern\public\scripts\extensions\third-party\story-orchestrator\node_modules\jest-runtime\build\index.js:1268:24)
          at Runtime._loadModule (C:\Users\RolaPorElNapo\AppData\Local\Temp\tmp.CLDdcGf3g9\SillyTavern\public\scripts\extensions\third-party\story-orchestrator\node_modules\jest-runtime\build\index.js:944:12)
          at Runtime.requireModule (C:\Users\RolaPorElNapo\AppData\Local\Temp\tmp.CLDdcGf3g9\SillyTavern\public\scripts\extensions\third-party\story-orchestrator\node_modules\jest-runtime\build\index.js:832:12)
          at jestAdapter (C:\Users\RolaPorElNapo\AppData\Local\Temp\tmp.CLDdcGf3g9\SillyTavern\public\scripts\extensions\third-party\story-orchestrator\node_modules\jest-circus\build\runner.js:95:13)
          at runTestInternal (C:\Users\RolaPorElNapo\AppData\Local\Temp\tmp.CLDdcGf3g9\SillyTavern\public\scripts\extensions\third-party\story-orchestrator\node_modules\jest-runner\build\index.js:275:16)
          at runTest (C:\Users\RolaPorElNapo\AppData\Local\Temp\tmp.CLDdcGf3g9\SillyTavern\public\scripts\extensions\third-party\story-orchestrator\node_modules\jest-runner\build\index.js:343:7)

    [0m [90m 212 |[39m     [36mreturn[39m applyGlobalSettings(extras[33m,[39m [33mNO_CHAT_OVERRIDES[39m)[33m;[39m
     [90m 213 |[39m   } [36mcatch[39m (error) {
    [31m[1m>[22m[39m[90m 214 |[39m     console[33m.[39mwarn([32m"[Story Orchestrator] install-wide settings are not readable yet; extras start at their defaults"[39m[33m,[39m error)[33m;[39m
     [90m     |[39m             [31m[1m^[22m[39m
     [90m 215 |[39m     [36mreturn[39m extras[33m;[39m
     [90m 216 |[39m   }
     [90m 217 |[39m }[33m;[39m[0m

      at withGlobalSettings (src/runtime/extras.ts:214:13)
      at createExtras (src/runtime/extras.ts:219:50)
      at new RuntimeManager (src/runtime/runtimeManager.ts:67:47)
      at Object.<anonymous> (src/runtime/runtimeManager.ts:661:31)
      at Object.<anonymous> (src/runtime/judgeExtraction.test.ts:4:1)

PASS src/generation/generation.test.ts
PASS src/runtime/agencyRecovery.test.ts
PASS src/runtime/saveEvidence.test.ts
PASS src/runtime/judgeMemory.test.ts
  ● Console

    console.warn
      [Story Orchestrator] install-wide settings are not readable yet; extras start at their defaults ReferenceError: Cannot access 'mockContext' before initialization
          at getContext (C:\Users\RolaPorElNapo\AppData\Local\Temp\tmp.CLDdcGf3g9\SillyTavern\public\scripts\extensions\third-party\story-orchestrator\src\runtime\judgeMemory.test.ts:21:21)
          at getRoot (C:\Users\RolaPorElNapo\AppData\Local\Temp\tmp.CLDdcGf3g9\SillyTavern\public\scripts\extensions\third-party\story-orchestrator\src\runtime\settingsStore.ts:96:30)
          at getGlobalSettings (C:\Users\RolaPorElNapo\AppData\Local\Temp\tmp.CLDdcGf3g9\SillyTavern\public\scripts\extensions\third-party\story-orchestrator\src\runtime\settingsStore.ts:109:16)
          at applyGlobalSettings (C:\Users\RolaPorElNapo\AppData\Local\Temp\tmp.CLDdcGf3g9\SillyTavern\public\scripts\extensions\third-party\story-orchestrator\src\runtime\extras.ts:289:35)
          at withGlobalSettings (C:\Users\RolaPorElNapo\AppData\Local\Temp\tmp.CLDdcGf3g9\SillyTavern\public\scripts\extensions\third-party\story-orchestrator\src\runtime\extras.ts:212:31)
          at createExtras (C:\Users\RolaPorElNapo\AppData\Local\Temp\tmp.CLDdcGf3g9\SillyTavern\public\scripts\extensions\third-party\story-orchestrator\src\runtime\extras.ts:219:50)
          at new RuntimeManager (C:\Users\RolaPorElNapo\AppData\Local\Temp\tmp.CLDdcGf3g9\SillyTavern\public\scripts\extensions\third-party\story-orchestrator\src\runtime\runtimeManager.ts:67:47)
          at Object.<anonymous> (C:\Users\RolaPorElNapo\AppData\Local\Temp\tmp.CLDdcGf3g9\SillyTavern\public\scripts\extensions\third-party\story-orchestrator\src\runtime\runtimeManager.ts:661:31)
          at Runtime._execModule (C:\Users\RolaPorElNapo\AppData\Local\Temp\tmp.CLDdcGf3g9\SillyTavern\public\scripts\extensions\third-party\story-orchestrator\node_modules\jest-runtime\build\index.js:1268:24)
          at Runtime._loadModule (C:\Users\RolaPorElNapo\AppData\Local\Temp\tmp.CLDdcGf3g9\SillyTavern\public\scripts\extensions\third-party\story-orchestrator\node_modules\jest-runtime\build\index.js:944:12)
          at Runtime.requireModule (C:\Users\RolaPorElNapo\AppData\Local\Temp\tmp.CLDdcGf3g9\SillyTavern\public\scripts\extensions\third-party\story-orchestrator\node_modules\jest-runtime\build\index.js:832:12)
          at Runtime.requireModuleOrMock (C:\Users\RolaPorElNapo\AppData\Local\Temp\tmp.CLDdcGf3g9\SillyTavern\public\scripts\extensions\third-party\story-orchestrator\node_modules\jest-runtime\build\index.js:964:21)
          at Object.<anonymous> (C:\Users\RolaPorElNapo\AppData\Local\Temp\tmp.CLDdcGf3g9\SillyTavern\public\scripts\extensions\third-party\story-orchestrator\src\runtime\judgeMemory.test.ts:4:1)
          at Runtime._execModule (C:\Users\RolaPorElNapo\AppData\Local\Temp\tmp.CLDdcGf3g9\SillyTavern\public\scripts\extensions\third-party\story-orchestrator\node_modules\jest-runtime\build\index.js:1268:24)
          at Runtime._loadModule (C:\Users\RolaPorElNapo\AppData\Local\Temp\tmp.CLDdcGf3g9\SillyTavern\public\scripts\extensions\third-party\story-orchestrator\node_modules\jest-runtime\build\index.js:944:12)
          at Runtime.requireModule (C:\Users\RolaPorElNapo\AppData\Local\Temp\tmp.CLDdcGf3g9\SillyTavern\public\scripts\extensions\third-party\story-orchestrator\node_modules\jest-runtime\build\index.js:832:12)
          at jestAdapter (C:\Users\RolaPorElNapo\AppData\Local\Temp\tmp.CLDdcGf3g9\SillyTavern\public\scripts\extensions\third-party\story-orchestrator\node_modules\jest-circus\build\runner.js:95:13)
          at runTestInternal (C:\Users\RolaPorElNapo\AppData\Local\Temp\tmp.CLDdcGf3g9\SillyTavern\public\scripts\extensions\third-party\story-orchestrator\node_modules\jest-runner\build\index.js:275:16)
          at runTest (C:\Users\RolaPorElNapo\AppData\Local\Temp\tmp.CLDdcGf3g9\SillyTavern\public\scripts\extensions\third-party\story-orchestrator\node_modules\jest-runner\build\index.js:343:7)

    [0m [90m 212 |[39m     [36mreturn[39m applyGlobalSettings(extras[33m,[39m [33mNO_CHAT_OVERRIDES[39m)[33m;[39m
     [90m 213 |[39m   } [36mcatch[39m (error) {
    [31m[1m>[22m[39m[90m 214 |[39m     console[33m.[39mwarn([32m"[Story Orchestrator] install-wide settings are not readable yet; extras start at their defaults"[39m[33m,[39m error)[33m;[39m
     [90m     |[39m             [31m[1m^[22m[39m
     [90m 215 |[39m     [36mreturn[39m extras[33m;[39m
     [90m 216 |[39m   }
     [90m 217 |[39m }[33m;[39m[0m

      at withGlobalSettings (src/runtime/extras.ts:214:13)
      at createExtras (src/runtime/extras.ts:219:50)
      at new RuntimeManager (src/runtime/runtimeManager.ts:67:47)
      at Object.<anonymous> (src/runtime/runtimeManager.ts:661:31)
      at Object.<anonymous> (src/runtime/judgeMemory.test.ts:4:1)

    console.warn
      [Story memory] vector consolidation unavailable, using keyword overlap Error: no vectors in jest
          at C:\Users\RolaPorElNapo\AppData\Local\Temp\tmp.CLDdcGf3g9\SillyTavern\public\scripts\extensions\third-party\story-orchestrator\src\runtime\judgeMemory.test.ts:36:45
          at C:\Users\RolaPorElNapo\AppData\Local\Temp\tmp.CLDdcGf3g9\SillyTavern\public\scripts\extensions\third-party\story-orchestrator\node_modules\jest-mock\build\index.js:305:39
          at C:\Users\RolaPorElNapo\AppData\Local\Temp\tmp.CLDdcGf3g9\SillyTavern\public\scripts\extensions\third-party\story-orchestrator\node_modules\jest-mock\build\index.js:312:13
          at mockConstructor (C:\Users\RolaPorElNapo\AppData\Local\Temp\tmp.CLDdcGf3g9\SillyTavern\public\scripts\extensions\third-party\story-orchestrator\node_modules\jest-mock\build\index.js:102:19)
          at buildMatchSets (C:\Users\RolaPorElNapo\AppData\Local\Temp\tmp.CLDdcGf3g9\SillyTavern\public\scripts\extensions\third-party\story-orchestrator\src\runtime\consolidationMatches.ts:15:23)
          at MemoryCoordinator.runConsolidation (C:\Users\RolaPorElNapo\AppData\Local\Temp\tmp.CLDdcGf3g9\SillyTavern\public\scripts\extensions\third-party\story-orchestrator\src\runtime\coordinators\memoryCoordinator.ts:470:25)

    [0m [90m 36 |[39m     [36mreturn[39m { dup[33m,[39m sameTopic }[33m;[39m
     [90m 37 |[39m   } [36mcatch[39m (error) {
    [31m[1m>[22m[39m[90m 38 |[39m     console[33m.[39mwarn([32m"[Story memory] vector consolidation unavailable, using keyword overlap"[39m[33m,[39m error)[33m;[39m
     [90m    |[39m             [31m[1m^[22m[39m
     [90m 39 |[39m     [36mreturn[39m buildJaccardMatchSets(group[33m,[39m thresholds)[33m;[39m
     [90m 40 |[39m   } [36mfinally[39m {
     [90m 41 |[39m     [36mtry[39m {[0m

      at buildMatchSets (src/runtime/consolidationMatches.ts:38:13)
      at MemoryCoordinator.runConsolidation (src/runtime/coordinators/memoryCoordinator.ts:470:25)
      at Object.<anonymous> (src/runtime/judgeMemory.test.ts:174:5)

    console.warn
      [Story memory] vector consolidation unavailable, using keyword overlap Error: no vectors in jest
          at C:\Users\RolaPorElNapo\AppData\Local\Temp\tmp.CLDdcGf3g9\SillyTavern\public\scripts\extensions\third-party\story-orchestrator\src\runtime\judgeMemory.test.ts:36:45
          at C:\Users\RolaPorElNapo\AppData\Local\Temp\tmp.CLDdcGf3g9\SillyTavern\public\scripts\extensions\third-party\story-orchestrator\node_modules\jest-mock\build\index.js:305:39
          at C:\Users\RolaPorElNapo\AppData\Local\Temp\tmp.CLDdcGf3g9\SillyTavern\public\scripts\extensions\third-party\story-orchestrator\node_modules\jest-mock\build\index.js:312:13
          at mockConstructor (C:\Users\RolaPorElNapo\AppData\Local\Temp\tmp.CLDdcGf3g9\SillyTavern\public\scripts\extensions\third-party\story-orchestrator\node_modules\jest-mock\build\index.js:102:19)
          at buildMatchSets (C:\Users\RolaPorElNapo\AppData\Local\Temp\tmp.CLDdcGf3g9\SillyTavern\public\scripts\extensions\third-party\story-orchestrator\src\runtime\consolidationMatches.ts:15:23)
          at MemoryCoordinator.runConsolidation (C:\Users\RolaPorElNapo\AppData\Local\Temp\tmp.CLDdcGf3g9\SillyTavern\public\scripts\extensions\third-party\story-orchestrator\src\runtime\coordinators\memoryCoordinator.ts:470:25)

    [0m [90m 36 |[39m     [36mreturn[39m { dup[33m,[39m sameTopic }[33m;[39m
     [90m 37 |[39m   } [36mcatch[39m (error) {
    [31m[1m>[22m[39m[90m 38 |[39m     console[33m.[39mwarn([32m"[Story memory] vector consolidation unavailable, using keyword overlap"[39m[33m,[39m error)[33m;[39m
     [90m    |[39m             [31m[1m^[22m[39m
     [90m 39 |[39m     [36mreturn[39m buildJaccardMatchSets(group[33m,[39m thresholds)[33m;[39m
     [90m 40 |[39m   } [36mfinally[39m {
     [90m 41 |[39m     [36mtry[39m {[0m

      at buildMatchSets (src/runtime/consolidationMatches.ts:38:13)
      at MemoryCoordinator.runConsolidation (src/runtime/coordinators/memoryCoordinator.ts:470:25)
      at Object.<anonymous> (src/runtime/judgeMemory.test.ts:181:21)

    console.warn
      [Story memory] vector consolidation unavailable, using keyword overlap Error: no vectors in jest
          at C:\Users\RolaPorElNapo\AppData\Local\Temp\tmp.CLDdcGf3g9\SillyTavern\public\scripts\extensions\third-party\story-orchestrator\src\runtime\judgeMemory.test.ts:36:45
          at C:\Users\RolaPorElNapo\AppData\Local\Temp\tmp.CLDdcGf3g9\SillyTavern\public\scripts\extensions\third-party\story-orchestrator\node_modules\jest-mock\build\index.js:305:39
          at C:\Users\RolaPorElNapo\AppData\Local\Temp\tmp.CLDdcGf3g9\SillyTavern\public\scripts\extensions\third-party\story-orchestrator\node_modules\jest-mock\build\index.js:312:13
          at mockConstructor (C:\Users\RolaPorElNapo\AppData\Local\Temp\tmp.CLDdcGf3g9\SillyTavern\public\scripts\extensions\third-party\story-orchestrator\node_modules\jest-mock\build\index.js:102:19)
          at buildMatchSets (C:\Users\RolaPorElNapo\AppData\Local\Temp\tmp.CLDdcGf3g9\SillyTavern\public\scripts\extensions\third-party\story-orchestrator\src\runtime\consolidationMatches.ts:15:23)
          at MemoryCoordinator.runConsolidation (C:\Users\RolaPorElNapo\AppData\Local\Temp\tmp.CLDdcGf3g9\SillyTavern\public\scripts\extensions\third-party\story-orchestrator\src\runtime\coordinators\memoryCoordinator.ts:471:32)
          at Object.<anonymous> (C:\Users\RolaPorElNapo\AppData\Local\Temp\tmp.CLDdcGf3g9\SillyTavern\public\scripts\extensions\third-party\story-orchestrator\src\runtime\judgeMemory.test.ts:181:21)

    [0m [90m 36 |[39m     [36mreturn[39m { dup[33m,[39m sameTopic }[33m;[39m
     [90m 37 |[39m   } [36mcatch[39m (error) {
    [31m[1m>[22m[39m[90m 38 |[39m     console[33m.[39mwarn([32m"[Story memory] vector consolidation unavailable, using keyword overlap"[39m[33m,[39m error)[33m;[39m
     [90m    |[39m             [31m[1m^[22m[39m
     [90m 39 |[39m     [36mreturn[39m buildJaccardMatchSets(group[33m,[39m thresholds)[33m;[39m
     [90m 40 |[39m   } [36mfinally[39m {
     [90m 41 |[39m     [36mtry[39m {[0m

      at buildMatchSets (src/runtime/consolidationMatches.ts:38:13)
      at MemoryCoordinator.runConsolidation (src/runtime/coordinators/memoryCoordinator.ts:471:32)
      at Object.<anonymous> (src/runtime/judgeMemory.test.ts:181:21)

PASS src/runtime/ownership.guard.test.ts
PASS src/runtime/journal.test.ts
PASS src/memory/ledger.test.ts
PASS src/talk/talk.test.ts
PASS src/copilot/proposal.test.ts
PASS src/runtime/expansionLookahead.test.ts
PASS src/generation/fork.property.test.ts
PASS src/runtime/rollback.review.test.ts
PASS src/runtime/c1Surfaces.review.test.ts
PASS src/runtime/lifecycleDispose.review.test.ts
PASS src/memory/consolidate.test.ts
PASS src/runtime/judgeOwnership.review.test.ts
PASS src/extraction/scheduler.test.ts
PASS src/runtime/loreSelect.test.ts
PASS src/runtime/turnBridge.test.ts
PASS src/extraction/schedulerClear.review.test.ts (7.449 s)
PASS src/services/stHost/typedResults.test.ts
PASS src/runtime/architecture.test.ts
PASS src/runtime/selfTest.test.ts
PASS src/runtime/effectLedger.test.ts
PASS src/memory/arcs.test.ts
PASS src/memory/epistemic.test.ts
PASS src/runtime/talkOwnership.review.test.ts
PASS src/runtime/sceneCoordinator.test.ts
PASS src/runtime/coordinators/sceneFreshness.review.test.ts
PASS src/memory/derived.test.ts
PASS src/pacing/pacing.test.ts
PASS src/generation/convergence.test.ts
PASS src/runtime/findingsLedger.test.ts
  ● Console

    console.info
      {
        "findingsLedger": {
          "open": 2,
          "closed": 46,
          "byDesign": 2,
          "byOwningPlan": {
            "07": [
              "C4"
            ],
            "01": [
              "S13"
            ]
          },
          "reproductionsStillToWrite": []
        }
      }

      at Object.<anonymous> (src/runtime/findingsLedger.test.ts:112:13)

PASS src/runtime/runToken.test.ts
PASS src/judge/lore.test.ts
PASS src/runtime/mirrorOwnership.review.test.ts
PASS src/services/stHost/capabilities.test.ts
PASS src/runtime/pipeline.test.ts
PASS src/judge/scene.test.ts
PASS src/engine/engine.review.test.ts
PASS src/runtime/turnBridge.review.test.ts
PASS src/runtime/persistOwnership.review.test.ts
  ● Console

    console.warn
      [Story Orchestrator] install-wide settings are not readable yet; extras start at their defaults TypeError: Cannot read properties of undefined (reading 'extensionSettings')
          at getRoot (C:\Users\RolaPorElNapo\AppData\Local\Temp\tmp.CLDdcGf3g9\SillyTavern\public\scripts\extensions\third-party\story-orchestrator\src\runtime\settingsStore.ts:96:32)
          at getGlobalSettings (C:\Users\RolaPorElNapo\AppData\Local\Temp\tmp.CLDdcGf3g9\SillyTavern\public\scripts\extensions\third-party\story-orchestrator\src\runtime\settingsStore.ts:109:16)
          at applyGlobalSettings (C:\Users\RolaPorElNapo\AppData\Local\Temp\tmp.CLDdcGf3g9\SillyTavern\public\scripts\extensions\third-party\story-orchestrator\src\runtime\extras.ts:289:35)
          at withGlobalSettings (C:\Users\RolaPorElNapo\AppData\Local\Temp\tmp.CLDdcGf3g9\SillyTavern\public\scripts\extensions\third-party\story-orchestrator\src\runtime\extras.ts:212:31)
          at createExtras (C:\Users\RolaPorElNapo\AppData\Local\Temp\tmp.CLDdcGf3g9\SillyTavern\public\scripts\extensions\third-party\story-orchestrator\src\runtime\extras.ts:219:50)
          at new RuntimeManager (C:\Users\RolaPorElNapo\AppData\Local\Temp\tmp.CLDdcGf3g9\SillyTavern\public\scripts\extensions\third-party\story-orchestrator\src\runtime\runtimeManager.ts:67:47)
          at Object.<anonymous> (C:\Users\RolaPorElNapo\AppData\Local\Temp\tmp.CLDdcGf3g9\SillyTavern\public\scripts\extensions\third-party\story-orchestrator\src\runtime\runtimeManager.ts:661:31)
          at Runtime._execModule (C:\Users\RolaPorElNapo\AppData\Local\Temp\tmp.CLDdcGf3g9\SillyTavern\public\scripts\extensions\third-party\story-orchestrator\node_modules\jest-runtime\build\index.js:1268:24)
          at Runtime._loadModule (C:\Users\RolaPorElNapo\AppData\Local\Temp\tmp.CLDdcGf3g9\SillyTavern\public\scripts\extensions\third-party\story-orchestrator\node_modules\jest-runtime\build\index.js:944:12)
          at Runtime.requireModule (C:\Users\RolaPorElNapo\AppData\Local\Temp\tmp.CLDdcGf3g9\SillyTavern\public\scripts\extensions\third-party\story-orchestrator\node_modules\jest-runtime\build\index.js:832:12)
          at Runtime.requireModuleOrMock (C:\Users\RolaPorElNapo\AppData\Local\Temp\tmp.CLDdcGf3g9\SillyTavern\public\scripts\extensions\third-party\story-orchestrator\node_modules\jest-runtime\build\index.js:964:21)
          at Object.<anonymous> (C:\Users\RolaPorElNapo\AppData\Local\Temp\tmp.CLDdcGf3g9\SillyTavern\public\scripts\extensions\third-party\story-orchestrator\src\runtime\persistOwnership.review.test.ts:27:1)
          at Runtime._execModule (C:\Users\RolaPorElNapo\AppData\Local\Temp\tmp.CLDdcGf3g9\SillyTavern\public\scripts\extensions\third-party\story-orchestrator\node_modules\jest-runtime\build\index.js:1268:24)
          at Runtime._loadModule (C:\Users\RolaPorElNapo\AppData\Local\Temp\tmp.CLDdcGf3g9\SillyTavern\public\scripts\extensions\third-party\story-orchestrator\node_modules\jest-runtime\build\index.js:944:12)
          at Runtime.requireModule (C:\Users\RolaPorElNapo\AppData\Local\Temp\tmp.CLDdcGf3g9\SillyTavern\public\scripts\extensions\third-party\story-orchestrator\node_modules\jest-runtime\build\index.js:832:12)
          at jestAdapter (C:\Users\RolaPorElNapo\AppData\Local\Temp\tmp.CLDdcGf3g9\SillyTavern\public\scripts\extensions\third-party\story-orchestrator\node_modules\jest-circus\build\runner.js:95:13)
          at runTestInternal (C:\Users\RolaPorElNapo\AppData\Local\Temp\tmp.CLDdcGf3g9\SillyTavern\public\scripts\extensions\third-party\story-orchestrator\node_modules\jest-runner\build\index.js:275:16)
          at runTest (C:\Users\RolaPorElNapo\AppData\Local\Temp\tmp.CLDdcGf3g9\SillyTavern\public\scripts\extensions\third-party\story-orchestrator\node_modules\jest-runner\build\index.js:343:7)

    [0m [90m 212 |[39m     [36mreturn[39m applyGlobalSettings(extras[33m,[39m [33mNO_CHAT_OVERRIDES[39m)[33m;[39m
     [90m 213 |[39m   } [36mcatch[39m (error) {
    [31m[1m>[22m[39m[90m 214 |[39m     console[33m.[39mwarn([32m"[Story Orchestrator] install-wide settings are not readable yet; extras start at their defaults"[39m[33m,[39m error)[33m;[39m
     [90m     |[39m             [31m[1m^[22m[39m
     [90m 215 |[39m     [36mreturn[39m extras[33m;[39m
     [90m 216 |[39m   }
     [90m 217 |[39m }[33m;[39m[0m

      at withGlobalSettings (src/runtime/extras.ts:214:13)
      at createExtras (src/runtime/extras.ts:219:50)
      at new RuntimeManager (src/runtime/runtimeManager.ts:67:47)
      at Object.<anonymous> (src/runtime/runtimeManager.ts:661:31)
      at Object.<anonymous> (src/runtime/persistOwnership.review.test.ts:27:1)

PASS src/studio/mutations.test.ts
PASS src/runtime/judge.test.ts
PASS src/runtime/journalContract.review.test.ts
PASS src/extraction/authority.review.test.ts
PASS src/judge/loreRanking.test.ts
PASS src/judge/curators.test.ts
PASS src/runtime/turnBridgeIdentity.review.test.ts
PASS src/generation/judgedExpansion.test.ts
PASS src/runtime/coordinators/expansionOwnership.review.test.ts
PASS src/runtime/coordinators/backlogOwnership.review.test.ts
PASS src/runtime/extrasLegacy.test.ts
PASS src/runtime/awayRecap.test.ts
PASS src/runtime/boundaryWork.test.ts
  ● Console

    console.warn
      [Story Orchestrator] boundary work 'expansion-commit' failed TypeError: Cannot read properties of undefined (reading 'commitValidated')
          at Object.run (C:\Users\RolaPorElNapo\AppData\Local\Temp\tmp.CLDdcGf3g9\SillyTavern\public\scripts\extensions\third-party\story-orchestrator\src\runtime\boundaryWork.ts:80:31)
          at runBoundaryWork (C:\Users\RolaPorElNapo\AppData\Local\Temp\tmp.CLDdcGf3g9\SillyTavern\public\scripts\extensions\third-party\story-orchestrator\src\runtime\boundaryWork.ts:152:12)
          at Object.<anonymous> (C:\Users\RolaPorElNapo\AppData\Local\Temp\tmp.CLDdcGf3g9\SillyTavern\public\scripts\extensions\third-party\story-orchestrator\src\runtime\boundaryWork.test.ts:55:20)
          at Promise.finally.completed (C:\Users\RolaPorElNapo\AppData\Local\Temp\tmp.CLDdcGf3g9\SillyTavern\public\scripts\extensions\third-party\story-orchestrator\node_modules\jest-circus\build\jestAdapterInit.js:1557:28)
          at new Promise (<anonymous>)
          at callAsyncCircusFn (C:\Users\RolaPorElNapo\AppData\Local\Temp\tmp.CLDdcGf3g9\SillyTavern\public\scripts\extensions\third-party\story-orchestrator\node_modules\jest-circus\build\jestAdapterInit.js:1497:10)
          at _callCircusTest (C:\Users\RolaPorElNapo\AppData\Local\Temp\tmp.CLDdcGf3g9\SillyTavern\public\scripts\extensions\third-party\story-orchestrator\node_modules\jest-circus\build\jestAdapterInit.js:1007:40)
          at _runTest (C:\Users\RolaPorElNapo\AppData\Local\Temp\tmp.CLDdcGf3g9\SillyTavern\public\scripts\extensions\third-party\story-orchestrator\node_modules\jest-circus\build\jestAdapterInit.js:947:3)
          at C:\Users\RolaPorElNapo\AppData\Local\Temp\tmp.CLDdcGf3g9\SillyTavern\public\scripts\extensions\third-party\story-orchestrator\node_modules\jest-circus\build\jestAdapterInit.js:849:7
          at _runTestsForDescribeBlock (C:\Users\RolaPorElNapo\AppData\Local\Temp\tmp.CLDdcGf3g9\SillyTavern\public\scripts\extensions\third-party\story-orchestrator\node_modules\jest-circus\build\jestAdapterInit.js:862:11)
          at _runTestsForDescribeBlock (C:\Users\RolaPorElNapo\AppData\Local\Temp\tmp.CLDdcGf3g9\SillyTavern\public\scripts\extensions\third-party\story-orchestrator\node_modules\jest-circus\build\jestAdapterInit.js:857:11)
          at run (C:\Users\RolaPorElNapo\AppData\Local\Temp\tmp.CLDdcGf3g9\SillyTavern\public\scripts\extensions\third-party\story-orchestrator\node_modules\jest-circus\build\jestAdapterInit.js:761:3)
          at runAndTransformResultsToJestFormat (C:\Users\RolaPorElNapo\AppData\Local\Temp\tmp.CLDdcGf3g9\SillyTavern\public\scripts\extensions\third-party\story-orchestrator\node_modules\jest-circus\build\jestAdapterInit.js:1918:21)
          at jestAdapter (C:\Users\RolaPorElNapo\AppData\Local\Temp\tmp.CLDdcGf3g9\SillyTavern\public\scripts\extensions\third-party\story-orchestrator\node_modules\jest-circus\build\runner.js:101:19)
          at runTestInternal (C:\Users\RolaPorElNapo\AppData\Local\Temp\tmp.CLDdcGf3g9\SillyTavern\public\scripts\extensions\third-party\story-orchestrator\node_modules\jest-runner\build\index.js:275:16)
          at runTest (C:\Users\RolaPorElNapo\AppData\Local\Temp\tmp.CLDdcGf3g9\SillyTavern\public\scripts\extensions\third-party\story-orchestrator\node_modules\jest-runner\build\index.js:343:7)

    [0m [90m 152 |[39m       item[33m.[39mrun(context)[33m;[39m
     [90m 153 |[39m     } [36mcatch[39m (error) {
    [31m[1m>[22m[39m[90m 154 |[39m       console[33m.[39mwarn([32m`[Story Orchestrator] boundary work '${item.id}' failed`[39m[33m,[39m error)[33m;[39m
     [90m     |[39m               [31m[1m^[22m[39m
     [90m 155 |[39m     }
     [90m 156 |[39m   }
     [90m 157 |[39m }[0m

      at runBoundaryWork (src/runtime/boundaryWork.ts:154:15)
      at Object.<anonymous> (src/runtime/boundaryWork.test.ts:55:20)

    console.warn
      [Story Orchestrator] boundary work 'continuity-warden' failed TypeError: manager.runWardenPass is not a function
          at Object.run (C:\Users\RolaPorElNapo\AppData\Local\Temp\tmp.CLDdcGf3g9\SillyTavern\public\scripts\extensions\third-party\story-orchestrator\src\runtime\boundaryWork.ts:115:20)
          at runBoundaryWork (C:\Users\RolaPorElNapo\AppData\Local\Temp\tmp.CLDdcGf3g9\SillyTavern\public\scripts\extensions\third-party\story-orchestrator\src\runtime\boundaryWork.ts:152:12)
          at Object.<anonymous> (C:\Users\RolaPorElNapo\AppData\Local\Temp\tmp.CLDdcGf3g9\SillyTavern\public\scripts\extensions\third-party\story-orchestrator\src\runtime\boundaryWork.test.ts:55:20)
          at Promise.finally.completed (C:\Users\RolaPorElNapo\AppData\Local\Temp\tmp.CLDdcGf3g9\SillyTavern\public\scripts\extensions\third-party\story-orchestrator\node_modules\jest-circus\build\jestAdapterInit.js:1557:28)
          at new Promise (<anonymous>)
          at callAsyncCircusFn (C:\Users\RolaPorElNapo\AppData\Local\Temp\tmp.CLDdcGf3g9\SillyTavern\public\scripts\extensions\third-party\story-orchestrator\node_modules\jest-circus\build\jestAdapterInit.js:1497:10)
          at _callCircusTest (C:\Users\RolaPorElNapo\AppData\Local\Temp\tmp.CLDdcGf3g9\SillyTavern\public\scripts\extensions\third-party\story-orchestrator\node_modules\jest-circus\build\jestAdapterInit.js:1007:40)
          at _runTest (C:\Users\RolaPorElNapo\AppData\Local\Temp\tmp.CLDdcGf3g9\SillyTavern\public\scripts\extensions\third-party\story-orchestrator\node_modules\jest-circus\build\jestAdapterInit.js:947:3)
          at C:\Users\RolaPorElNapo\AppData\Local\Temp\tmp.CLDdcGf3g9\SillyTavern\public\scripts\extensions\third-party\story-orchestrator\node_modules\jest-circus\build\jestAdapterInit.js:849:7
          at _runTestsForDescribeBlock (C:\Users\RolaPorElNapo\AppData\Local\Temp\tmp.CLDdcGf3g9\SillyTavern\public\scripts\extensions\third-party\story-orchestrator\node_modules\jest-circus\build\jestAdapterInit.js:862:11)
          at _runTestsForDescribeBlock (C:\Users\RolaPorElNapo\AppData\Local\Temp\tmp.CLDdcGf3g9\SillyTavern\public\scripts\extensions\third-party\story-orchestrator\node_modules\jest-circus\build\jestAdapterInit.js:857:11)
          at run (C:\Users\RolaPorElNapo\AppData\Local\Temp\tmp.CLDdcGf3g9\SillyTavern\public\scripts\extensions\third-party\story-orchestrator\node_modules\jest-circus\build\jestAdapterInit.js:761:3)
          at runAndTransformResultsToJestFormat (C:\Users\RolaPorElNapo\AppData\Local\Temp\tmp.CLDdcGf3g9\SillyTavern\public\scripts\extensions\third-party\story-orchestrator\node_modules\jest-circus\build\jestAdapterInit.js:1918:21)
          at jestAdapter (C:\Users\RolaPorElNapo\AppData\Local\Temp\tmp.CLDdcGf3g9\SillyTavern\public\scripts\extensions\third-party\story-orchestrator\node_modules\jest-circus\build\runner.js:101:19)
          at runTestInternal (C:\Users\RolaPorElNapo\AppData\Local\Temp\tmp.CLDdcGf3g9\SillyTavern\public\scripts\extensions\third-party\story-orchestrator\node_modules\jest-runner\build\index.js:275:16)
          at runTest (C:\Users\RolaPorElNapo\AppData\Local\Temp\tmp.CLDdcGf3g9\SillyTavern\public\scripts\extensions\third-party\story-orchestrator\node_modules\jest-runner\build\index.js:343:7)

    [0m [90m 152 |[39m       item[33m.[39mrun(context)[33m;[39m
     [90m 153 |[39m     } [36mcatch[39m (error) {
    [31m[1m>[22m[39m[90m 154 |[39m       console[33m.[39mwarn([32m`[Story Orchestrator] boundary work '${item.id}' failed`[39m[33m,[39m error)[33m;[39m
     [90m     |[39m               [31m[1m^[22m[39m
     [90m 155 |[39m     }
     [90m 156 |[39m   }
     [90m 157 |[39m }[0m

      at runBoundaryWork (src/runtime/boundaryWork.ts:154:15)
      at Object.<anonymous> (src/runtime/boundaryWork.test.ts:55:20)

    console.warn
      [Story Orchestrator] boundary work 'expansion-commit' failed TypeError: Cannot read properties of undefined (reading 'commitValidated')
          at Object.run (C:\Users\RolaPorElNapo\AppData\Local\Temp\tmp.CLDdcGf3g9\SillyTavern\public\scripts\extensions\third-party\story-orchestrator\src\runtime\boundaryWork.ts:80:31)
          at runBoundaryWork (C:\Users\RolaPorElNapo\AppData\Local\Temp\tmp.CLDdcGf3g9\SillyTavern\public\scripts\extensions\third-party\story-orchestrator\src\runtime\boundaryWork.ts:152:12)
          at Object.<anonymous> (C:\Users\RolaPorElNapo\AppData\Local\Temp\tmp.CLDdcGf3g9\SillyTavern\public\scripts\extensions\third-party\story-orchestrator\src\runtime\boundaryWork.test.ts:74:20)
          at Promise.finally.completed (C:\Users\RolaPorElNapo\AppData\Local\Temp\tmp.CLDdcGf3g9\SillyTavern\public\scripts\extensions\third-party\story-orchestrator\node_modules\jest-circus\build\jestAdapterInit.js:1557:28)
          at new Promise (<anonymous>)
          at callAsyncCircusFn (C:\Users\RolaPorElNapo\AppData\Local\Temp\tmp.CLDdcGf3g9\SillyTavern\public\scripts\extensions\third-party\story-orchestrator\node_modules\jest-circus\build\jestAdapterInit.js:1497:10)
          at _callCircusTest (C:\Users\RolaPorElNapo\AppData\Local\Temp\tmp.CLDdcGf3g9\SillyTavern\public\scripts\extensions\third-party\story-orchestrator\node_modules\jest-circus\build\jestAdapterInit.js:1007:40)
          at _runTest (C:\Users\RolaPorElNapo\AppData\Local\Temp\tmp.CLDdcGf3g9\SillyTavern\public\scripts\extensions\third-party\story-orchestrator\node_modules\jest-circus\build\jestAdapterInit.js:947:3)
          at C:\Users\RolaPorElNapo\AppData\Local\Temp\tmp.CLDdcGf3g9\SillyTavern\public\scripts\extensions\third-party\story-orchestrator\node_modules\jest-circus\build\jestAdapterInit.js:849:7
          at _runTestsForDescribeBlock (C:\Users\RolaPorElNapo\AppData\Local\Temp\tmp.CLDdcGf3g9\SillyTavern\public\scripts\extensions\third-party\story-orchestrator\node_modules\jest-circus\build\jestAdapterInit.js:862:11)
          at _runTestsForDescribeBlock (C:\Users\RolaPorElNapo\AppData\Local\Temp\tmp.CLDdcGf3g9\SillyTavern\public\scripts\extensions\third-party\story-orchestrator\node_modules\jest-circus\build\jestAdapterInit.js:857:11)
          at run (C:\Users\RolaPorElNapo\AppData\Local\Temp\tmp.CLDdcGf3g9\SillyTavern\public\scripts\extensions\third-party\story-orchestrator\node_modules\jest-circus\build\jestAdapterInit.js:761:3)
          at runAndTransformResultsToJestFormat (C:\Users\RolaPorElNapo\AppData\Local\Temp\tmp.CLDdcGf3g9\SillyTavern\public\scripts\extensions\third-party\story-orchestrator\node_modules\jest-circus\build\jestAdapterInit.js:1918:21)
          at jestAdapter (C:\Users\RolaPorElNapo\AppData\Local\Temp\tmp.CLDdcGf3g9\SillyTavern\public\scripts\extensions\third-party\story-orchestrator\node_modules\jest-circus\build\runner.js:101:19)
          at runTestInternal (C:\Users\RolaPorElNapo\AppData\Local\Temp\tmp.CLDdcGf3g9\SillyTavern\public\scripts\extensions\third-party\story-orchestrator\node_modules\jest-runner\build\index.js:275:16)
          at runTest (C:\Users\RolaPorElNapo\AppData\Local\Temp\tmp.CLDdcGf3g9\SillyTavern\public\scripts\extensions\third-party\story-orchestrator\node_modules\jest-runner\build\index.js:343:7)

    [0m [90m 152 |[39m       item[33m.[39mrun(context)[33m;[39m
     [90m 153 |[39m     } [36mcatch[39m (error) {
    [31m[1m>[22m[39m[90m 154 |[39m       console[33m.[39mwarn([32m`[Story Orchestrator] boundary work '${item.id}' failed`[39m[33m,[39m error)[33m;[39m
     [90m     |[39m               [31m[1m^[22m[39m
     [90m 155 |[39m     }
     [90m 156 |[39m   }
     [90m 157 |[39m }[0m

      at runBoundaryWork (src/runtime/boundaryWork.ts:154:15)
      at Object.<anonymous> (src/runtime/boundaryWork.test.ts:74:20)

    console.warn
      [Story Orchestrator] boundary work 'continuity-warden' failed TypeError: manager.runWardenPass is not a function
          at Object.run (C:\Users\RolaPorElNapo\AppData\Local\Temp\tmp.CLDdcGf3g9\SillyTavern\public\scripts\extensions\third-party\story-orchestrator\src\runtime\boundaryWork.ts:115:20)
          at runBoundaryWork (C:\Users\RolaPorElNapo\AppData\Local\Temp\tmp.CLDdcGf3g9\SillyTavern\public\scripts\extensions\third-party\story-orchestrator\src\runtime\boundaryWork.ts:152:12)
          at Object.<anonymous> (C:\Users\RolaPorElNapo\AppData\Local\Temp\tmp.CLDdcGf3g9\SillyTavern\public\scripts\extensions\third-party\story-orchestrator\src\runtime\boundaryWork.test.ts:74:20)
          at Promise.finally.completed (C:\Users\RolaPorElNapo\AppData\Local\Temp\tmp.CLDdcGf3g9\SillyTavern\public\scripts\extensions\third-party\story-orchestrator\node_modules\jest-circus\build\jestAdapterInit.js:1557:28)
          at new Promise (<anonymous>)
          at callAsyncCircusFn (C:\Users\RolaPorElNapo\AppData\Local\Temp\tmp.CLDdcGf3g9\SillyTavern\public\scripts\extensions\third-party\story-orchestrator\node_modules\jest-circus\build\jestAdapterInit.js:1497:10)
          at _callCircusTest (C:\Users\RolaPorElNapo\AppData\Local\Temp\tmp.CLDdcGf3g9\SillyTavern\public\scripts\extensions\third-party\story-orchestrator\node_modules\jest-circus\build\jestAdapterInit.js:1007:40)
          at _runTest (C:\Users\RolaPorElNapo\AppData\Local\Temp\tmp.CLDdcGf3g9\SillyTavern\public\scripts\extensions\third-party\story-orchestrator\node_modules\jest-circus\build\jestAdapterInit.js:947:3)
          at C:\Users\RolaPorElNapo\AppData\Local\Temp\tmp.CLDdcGf3g9\SillyTavern\public\scripts\extensions\third-party\story-orchestrator\node_modules\jest-circus\build\jestAdapterInit.js:849:7
          at _runTestsForDescribeBlock (C:\Users\RolaPorElNapo\AppData\Local\Temp\tmp.CLDdcGf3g9\SillyTavern\public\scripts\extensions\third-party\story-orchestrator\node_modules\jest-circus\build\jestAdapterInit.js:862:11)
          at _runTestsForDescribeBlock (C:\Users\RolaPorElNapo\AppData\Local\Temp\tmp.CLDdcGf3g9\SillyTavern\public\scripts\extensions\third-party\story-orchestrator\node_modules\jest-circus\build\jestAdapterInit.js:857:11)
          at run (C:\Users\RolaPorElNapo\AppData\Local\Temp\tmp.CLDdcGf3g9\SillyTavern\public\scripts\extensions\third-party\story-orchestrator\node_modules\jest-circus\build\jestAdapterInit.js:761:3)
          at runAndTransformResultsToJestFormat (C:\Users\RolaPorElNapo\AppData\Local\Temp\tmp.CLDdcGf3g9\SillyTavern\public\scripts\extensions\third-party\story-orchestrator\node_modules\jest-circus\build\jestAdapterInit.js:1918:21)
          at jestAdapter (C:\Users\RolaPorElNapo\AppData\Local\Temp\tmp.CLDdcGf3g9\SillyTavern\public\scripts\extensions\third-party\story-orchestrator\node_modules\jest-circus\build\runner.js:101:19)
          at runTestInternal (C:\Users\RolaPorElNapo\AppData\Local\Temp\tmp.CLDdcGf3g9\SillyTavern\public\scripts\extensions\third-party\story-orchestrator\node_modules\jest-runner\build\index.js:275:16)
          at runTest (C:\Users\RolaPorElNapo\AppData\Local\Temp\tmp.CLDdcGf3g9\SillyTavern\public\scripts\extensions\third-party\story-orchestrator\node_modules\jest-runner\build\index.js:343:7)

    [0m [90m 152 |[39m       item[33m.[39mrun(context)[33m;[39m
     [90m 153 |[39m     } [36mcatch[39m (error) {
    [31m[1m>[22m[39m[90m 154 |[39m       console[33m.[39mwarn([32m`[Story Orchestrator] boundary work '${item.id}' failed`[39m[33m,[39m error)[33m;[39m
     [90m     |[39m               [31m[1m^[22m[39m
     [90m 155 |[39m     }
     [90m 156 |[39m   }
     [90m 157 |[39m }[0m

      at runBoundaryWork (src/runtime/boundaryWork.ts:154:15)
      at Object.<anonymous> (src/runtime/boundaryWork.test.ts:74:20)

    console.warn
      [Story Orchestrator] boundary work 'expansion-commit' failed TypeError: Cannot read properties of undefined (reading 'commitValidated')
          at Object.run (C:\Users\RolaPorElNapo\AppData\Local\Temp\tmp.CLDdcGf3g9\SillyTavern\public\scripts\extensions\third-party\story-orchestrator\src\runtime\boundaryWork.ts:80:31)
          at runBoundaryWork (C:\Users\RolaPorElNapo\AppData\Local\Temp\tmp.CLDdcGf3g9\SillyTavern\public\scripts\extensions\third-party\story-orchestrator\src\runtime\boundaryWork.ts:152:12)
          at Object.<anonymous> (C:\Users\RolaPorElNapo\AppData\Local\Temp\tmp.CLDdcGf3g9\SillyTavern\public\scripts\extensions\third-party\story-orchestrator\src\runtime\boundaryWork.test.ts:77:20)
          at Promise.finally.completed (C:\Users\RolaPorElNapo\AppData\Local\Temp\tmp.CLDdcGf3g9\SillyTavern\public\scripts\extensions\third-party\story-orchestrator\node_modules\jest-circus\build\jestAdapterInit.js:1557:28)
          at new Promise (<anonymous>)
          at callAsyncCircusFn (C:\Users\RolaPorElNapo\AppData\Local\Temp\tmp.CLDdcGf3g9\SillyTavern\public\scripts\extensions\third-party\story-orchestrator\node_modules\jest-circus\build\jestAdapterInit.js:1497:10)
          at _callCircusTest (C:\Users\RolaPorElNapo\AppData\Local\Temp\tmp.CLDdcGf3g9\SillyTavern\public\scripts\extensions\third-party\story-orchestrator\node_modules\jest-circus\build\jestAdapterInit.js:1007:40)
          at _runTest (C:\Users\RolaPorElNapo\AppData\Local\Temp\tmp.CLDdcGf3g9\SillyTavern\public\scripts\extensions\third-party\story-orchestrator\node_modules\jest-circus\build\jestAdapterInit.js:947:3)
          at C:\Users\RolaPorElNapo\AppData\Local\Temp\tmp.CLDdcGf3g9\SillyTavern\public\scripts\extensions\third-party\story-orchestrator\node_modules\jest-circus\build\jestAdapterInit.js:849:7
          at _runTestsForDescribeBlock (C:\Users\RolaPorElNapo\AppData\Local\Temp\tmp.CLDdcGf3g9\SillyTavern\public\scripts\extensions\third-party\story-orchestrator\node_modules\jest-circus\build\jestAdapterInit.js:862:11)
          at _runTestsForDescribeBlock (C:\Users\RolaPorElNapo\AppData\Local\Temp\tmp.CLDdcGf3g9\SillyTavern\public\scripts\extensions\third-party\story-orchestrator\node_modules\jest-circus\build\jestAdapterInit.js:857:11)
          at run (C:\Users\RolaPorElNapo\AppData\Local\Temp\tmp.CLDdcGf3g9\SillyTavern\public\scripts\extensions\third-party\story-orchestrator\node_modules\jest-circus\build\jestAdapterInit.js:761:3)
          at runAndTransformResultsToJestFormat (C:\Users\RolaPorElNapo\AppData\Local\Temp\tmp.CLDdcGf3g9\SillyTavern\public\scripts\extensions\third-party\story-orchestrator\node_modules\jest-circus\build\jestAdapterInit.js:1918:21)
          at jestAdapter (C:\Users\RolaPorElNapo\AppData\Local\Temp\tmp.CLDdcGf3g9\SillyTavern\public\scripts\extensions\third-party\story-orchestrator\node_modules\jest-circus\build\runner.js:101:19)
          at runTestInternal (C:\Users\RolaPorElNapo\AppData\Local\Temp\tmp.CLDdcGf3g9\SillyTavern\public\scripts\extensions\third-party\story-orchestrator\node_modules\jest-runner\build\index.js:275:16)
          at runTest (C:\Users\RolaPorElNapo\AppData\Local\Temp\tmp.CLDdcGf3g9\SillyTavern\public\scripts\extensions\third-party\story-orchestrator\node_modules\jest-runner\build\index.js:343:7)

    [0m [90m 152 |[39m       item[33m.[39mrun(context)[33m;[39m
     [90m 153 |[39m     } [36mcatch[39m (error) {
    [31m[1m>[22m[39m[90m 154 |[39m       console[33m.[39mwarn([32m`[Story Orchestrator] boundary work '${item.id}' failed`[39m[33m,[39m error)[33m;[39m
     [90m     |[39m               [31m[1m^[22m[39m
     [90m 155 |[39m     }
     [90m 156 |[39m   }
     [90m 157 |[39m }[0m

      at runBoundaryWork (src/runtime/boundaryWork.ts:154:15)
      at Object.<anonymous> (src/runtime/boundaryWork.test.ts:77:20)

    console.warn
      [Story Orchestrator] boundary work 'continuity-warden' failed TypeError: manager.runWardenPass is not a function
          at Object.run (C:\Users\RolaPorElNapo\AppData\Local\Temp\tmp.CLDdcGf3g9\SillyTavern\public\scripts\extensions\third-party\story-orchestrator\src\runtime\boundaryWork.ts:115:20)
          at runBoundaryWork (C:\Users\RolaPorElNapo\AppData\Local\Temp\tmp.CLDdcGf3g9\SillyTavern\public\scripts\extensions\third-party\story-orchestrator\src\runtime\boundaryWork.ts:152:12)
          at Object.<anonymous> (C:\Users\RolaPorElNapo\AppData\Local\Temp\tmp.CLDdcGf3g9\SillyTavern\public\scripts\extensions\third-party\story-orchestrator\src\runtime\boundaryWork.test.ts:77:20)
          at Promise.finally.completed (C:\Users\RolaPorElNapo\AppData\Local\Temp\tmp.CLDdcGf3g9\SillyTavern\public\scripts\extensions\third-party\story-orchestrator\node_modules\jest-circus\build\jestAdapterInit.js:1557:28)
          at new Promise (<anonymous>)
          at callAsyncCircusFn (C:\Users\RolaPorElNapo\AppData\Local\Temp\tmp.CLDdcGf3g9\SillyTavern\public\scripts\extensions\third-party\story-orchestrator\node_modules\jest-circus\build\jestAdapterInit.js:1497:10)
          at _callCircusTest (C:\Users\RolaPorElNapo\AppData\Local\Temp\tmp.CLDdcGf3g9\SillyTavern\public\scripts\extensions\third-party\story-orchestrator\node_modules\jest-circus\build\jestAdapterInit.js:1007:40)
          at _runTest (C:\Users\RolaPorElNapo\AppData\Local\Temp\tmp.CLDdcGf3g9\SillyTavern\public\scripts\extensions\third-party\story-orchestrator\node_modules\jest-circus\build\jestAdapterInit.js:947:3)
          at C:\Users\RolaPorElNapo\AppData\Local\Temp\tmp.CLDdcGf3g9\SillyTavern\public\scripts\extensions\third-party\story-orchestrator\node_modules\jest-circus\build\jestAdapterInit.js:849:7
          at _runTestsForDescribeBlock (C:\Users\RolaPorElNapo\AppData\Local\Temp\tmp.CLDdcGf3g9\SillyTavern\public\scripts\extensions\third-party\story-orchestrator\node_modules\jest-circus\build\jestAdapterInit.js:862:11)
          at _runTestsForDescribeBlock (C:\Users\RolaPorElNapo\AppData\Local\Temp\tmp.CLDdcGf3g9\SillyTavern\public\scripts\extensions\third-party\story-orchestrator\node_modules\jest-circus\build\jestAdapterInit.js:857:11)
          at run (C:\Users\RolaPorElNapo\AppData\Local\Temp\tmp.CLDdcGf3g9\SillyTavern\public\scripts\extensions\third-party\story-orchestrator\node_modules\jest-circus\build\jestAdapterInit.js:761:3)
          at runAndTransformResultsToJestFormat (C:\Users\RolaPorElNapo\AppData\Local\Temp\tmp.CLDdcGf3g9\SillyTavern\public\scripts\extensions\third-party\story-orchestrator\node_modules\jest-circus\build\jestAdapterInit.js:1918:21)
          at jestAdapter (C:\Users\RolaPorElNapo\AppData\Local\Temp\tmp.CLDdcGf3g9\SillyTavern\public\scripts\extensions\third-party\story-orchestrator\node_modules\jest-circus\build\runner.js:101:19)
          at runTestInternal (C:\Users\RolaPorElNapo\AppData\Local\Temp\tmp.CLDdcGf3g9\SillyTavern\public\scripts\extensions\third-party\story-orchestrator\node_modules\jest-runner\build\index.js:275:16)
          at runTest (C:\Users\RolaPorElNapo\AppData\Local\Temp\tmp.CLDdcGf3g9\SillyTavern\public\scripts\extensions\third-party\story-orchestrator\node_modules\jest-runner\build\index.js:343:7)

    [0m [90m 152 |[39m       item[33m.[39mrun(context)[33m;[39m
     [90m 153 |[39m     } [36mcatch[39m (error) {
    [31m[1m>[22m[39m[90m 154 |[39m       console[33m.[39mwarn([32m`[Story Orchestrator] boundary work '${item.id}' failed`[39m[33m,[39m error)[33m;[39m
     [90m     |[39m               [31m[1m^[22m[39m
     [90m 155 |[39m     }
     [90m 156 |[39m   }
     [90m 157 |[39m }[0m

      at runBoundaryWork (src/runtime/boundaryWork.ts:154:15)
      at Object.<anonymous> (src/runtime/boundaryWork.test.ts:77:20)

    console.warn
      [Story Orchestrator] boundary work 'expansion-commit' failed TypeError: Cannot read properties of undefined (reading 'commitValidated')
          at Object.run (C:\Users\RolaPorElNapo\AppData\Local\Temp\tmp.CLDdcGf3g9\SillyTavern\public\scripts\extensions\third-party\story-orchestrator\src\runtime\boundaryWork.ts:80:31)
          at runBoundaryWork (C:\Users\RolaPorElNapo\AppData\Local\Temp\tmp.CLDdcGf3g9\SillyTavern\public\scripts\extensions\third-party\story-orchestrator\src\runtime\boundaryWork.ts:152:12)
          at Object.<anonymous> (C:\Users\RolaPorElNapo\AppData\Local\Temp\tmp.CLDdcGf3g9\SillyTavern\public\scripts\extensions\third-party\story-orchestrator\src\runtime\boundaryWork.test.ts:80:20)
          at Promise.finally.completed (C:\Users\RolaPorElNapo\AppData\Local\Temp\tmp.CLDdcGf3g9\SillyTavern\public\scripts\extensions\third-party\story-orchestrator\node_modules\jest-circus\build\jestAdapterInit.js:1557:28)
          at new Promise (<anonymous>)
          at callAsyncCircusFn (C:\Users\RolaPorElNapo\AppData\Local\Temp\tmp.CLDdcGf3g9\SillyTavern\public\scripts\extensions\third-party\story-orchestrator\node_modules\jest-circus\build\jestAdapterInit.js:1497:10)
          at _callCircusTest (C:\Users\RolaPorElNapo\AppData\Local\Temp\tmp.CLDdcGf3g9\SillyTavern\public\scripts\extensions\third-party\story-orchestrator\node_modules\jest-circus\build\jestAdapterInit.js:1007:40)
          at _runTest (C:\Users\RolaPorElNapo\AppData\Local\Temp\tmp.CLDdcGf3g9\SillyTavern\public\scripts\extensions\third-party\story-orchestrator\node_modules\jest-circus\build\jestAdapterInit.js:947:3)
          at C:\Users\RolaPorElNapo\AppData\Local\Temp\tmp.CLDdcGf3g9\SillyTavern\public\scripts\extensions\third-party\story-orchestrator\node_modules\jest-circus\build\jestAdapterInit.js:849:7
          at _runTestsForDescribeBlock (C:\Users\RolaPorElNapo\AppData\Local\Temp\tmp.CLDdcGf3g9\SillyTavern\public\scripts\extensions\third-party\story-orchestrator\node_modules\jest-circus\build\jestAdapterInit.js:862:11)
          at _runTestsForDescribeBlock (C:\Users\RolaPorElNapo\AppData\Local\Temp\tmp.CLDdcGf3g9\SillyTavern\public\scripts\extensions\third-party\story-orchestrator\node_modules\jest-circus\build\jestAdapterInit.js:857:11)
          at run (C:\Users\RolaPorElNapo\AppData\Local\Temp\tmp.CLDdcGf3g9\SillyTavern\public\scripts\extensions\third-party\story-orchestrator\node_modules\jest-circus\build\jestAdapterInit.js:761:3)
          at runAndTransformResultsToJestFormat (C:\Users\RolaPorElNapo\AppData\Local\Temp\tmp.CLDdcGf3g9\SillyTavern\public\scripts\extensions\third-party\story-orchestrator\node_modules\jest-circus\build\jestAdapterInit.js:1918:21)
          at jestAdapter (C:\Users\RolaPorElNapo\AppData\Local\Temp\tmp.CLDdcGf3g9\SillyTavern\public\scripts\extensions\third-party\story-orchestrator\node_modules\jest-circus\build\runner.js:101:19)
          at runTestInternal (C:\Users\RolaPorElNapo\AppData\Local\Temp\tmp.CLDdcGf3g9\SillyTavern\public\scripts\extensions\third-party\story-orchestrator\node_modules\jest-runner\build\index.js:275:16)
          at runTest (C:\Users\RolaPorElNapo\AppData\Local\Temp\tmp.CLDdcGf3g9\SillyTavern\public\scripts\extensions\third-party\story-orchestrator\node_modules\jest-runner\build\index.js:343:7)

    [0m [90m 152 |[39m       item[33m.[39mrun(context)[33m;[39m
     [90m 153 |[39m     } [36mcatch[39m (error) {
    [31m[1m>[22m[39m[90m 154 |[39m       console[33m.[39mwarn([32m`[Story Orchestrator] boundary work '${item.id}' failed`[39m[33m,[39m error)[33m;[39m
     [90m     |[39m               [31m[1m^[22m[39m
     [90m 155 |[39m     }
     [90m 156 |[39m   }
     [90m 157 |[39m }[0m

      at runBoundaryWork (src/runtime/boundaryWork.ts:154:15)
      at Object.<anonymous> (src/runtime/boundaryWork.test.ts:80:20)

    console.warn
      [Story Orchestrator] boundary work 'continuity-warden' failed TypeError: manager.runWardenPass is not a function
          at Object.run (C:\Users\RolaPorElNapo\AppData\Local\Temp\tmp.CLDdcGf3g9\SillyTavern\public\scripts\extensions\third-party\story-orchestrator\src\runtime\boundaryWork.ts:115:20)
          at runBoundaryWork (C:\Users\RolaPorElNapo\AppData\Local\Temp\tmp.CLDdcGf3g9\SillyTavern\public\scripts\extensions\third-party\story-orchestrator\src\runtime\boundaryWork.ts:152:12)
          at Object.<anonymous> (C:\Users\RolaPorElNapo\AppData\Local\Temp\tmp.CLDdcGf3g9\SillyTavern\public\scripts\extensions\third-party\story-orchestrator\src\runtime\boundaryWork.test.ts:80:20)
          at Promise.finally.completed (C:\Users\RolaPorElNapo\AppData\Local\Temp\tmp.CLDdcGf3g9\SillyTavern\public\scripts\extensions\third-party\story-orchestrator\node_modules\jest-circus\build\jestAdapterInit.js:1557:28)
          at new Promise (<anonymous>)
          at callAsyncCircusFn (C:\Users\RolaPorElNapo\AppData\Local\Temp\tmp.CLDdcGf3g9\SillyTavern\public\scripts\extensions\third-party\story-orchestrator\node_modules\jest-circus\build\jestAdapterInit.js:1497:10)
          at _callCircusTest (C:\Users\RolaPorElNapo\AppData\Local\Temp\tmp.CLDdcGf3g9\SillyTavern\public\scripts\extensions\third-party\story-orchestrator\node_modules\jest-circus\build\jestAdapterInit.js:1007:40)
          at _runTest (C:\Users\RolaPorElNapo\AppData\Local\Temp\tmp.CLDdcGf3g9\SillyTavern\public\scripts\extensions\third-party\story-orchestrator\node_modules\jest-circus\build\jestAdapterInit.js:947:3)
          at C:\Users\RolaPorElNapo\AppData\Local\Temp\tmp.CLDdcGf3g9\SillyTavern\public\scripts\extensions\third-party\story-orchestrator\node_modules\jest-circus\build\jestAdapterInit.js:849:7
          at _runTestsForDescribeBlock (C:\Users\RolaPorElNapo\AppData\Local\Temp\tmp.CLDdcGf3g9\SillyTavern\public\scripts\extensions\third-party\story-orchestrator\node_modules\jest-circus\build\jestAdapterInit.js:862:11)
          at _runTestsForDescribeBlock (C:\Users\RolaPorElNapo\AppData\Local\Temp\tmp.CLDdcGf3g9\SillyTavern\public\scripts\extensions\third-party\story-orchestrator\node_modules\jest-circus\build\jestAdapterInit.js:857:11)
          at run (C:\Users\RolaPorElNapo\AppData\Local\Temp\tmp.CLDdcGf3g9\SillyTavern\public\scripts\extensions\third-party\story-orchestrator\node_modules\jest-circus\build\jestAdapterInit.js:761:3)
          at runAndTransformResultsToJestFormat (C:\Users\RolaPorElNapo\AppData\Local\Temp\tmp.CLDdcGf3g9\SillyTavern\public\scripts\extensions\third-party\story-orchestrator\node_modules\jest-circus\build\jestAdapterInit.js:1918:21)
          at jestAdapter (C:\Users\RolaPorElNapo\AppData\Local\Temp\tmp.CLDdcGf3g9\SillyTavern\public\scripts\extensions\third-party\story-orchestrator\node_modules\jest-circus\build\runner.js:101:19)
          at runTestInternal (C:\Users\RolaPorElNapo\AppData\Local\Temp\tmp.CLDdcGf3g9\SillyTavern\public\scripts\extensions\third-party\story-orchestrator\node_modules\jest-runner\build\index.js:275:16)
          at runTest (C:\Users\RolaPorElNapo\AppData\Local\Temp\tmp.CLDdcGf3g9\SillyTavern\public\scripts\extensions\third-party\story-orchestrator\node_modules\jest-runner\build\index.js:343:7)

    [0m [90m 152 |[39m       item[33m.[39mrun(context)[33m;[39m
     [90m 153 |[39m     } [36mcatch[39m (error) {
    [31m[1m>[22m[39m[90m 154 |[39m       console[33m.[39mwarn([32m`[Story Orchestrator] boundary work '${item.id}' failed`[39m[33m,[39m error)[33m;[39m
     [90m     |[39m               [31m[1m^[22m[39m
     [90m 155 |[39m     }
     [90m 156 |[39m   }
     [90m 157 |[39m }[0m

      at runBoundaryWork (src/runtime/boundaryWork.ts:154:15)
      at Object.<anonymous> (src/runtime/boundaryWork.test.ts:80:20)

    console.warn
      [Story Orchestrator] boundary work 'expansion-commit' failed TypeError: Cannot read properties of undefined (reading 'commitValidated')
          at Object.run (C:\Users\RolaPorElNapo\AppData\Local\Temp\tmp.CLDdcGf3g9\SillyTavern\public\scripts\extensions\third-party\story-orchestrator\src\runtime\boundaryWork.ts:80:31)
          at runBoundaryWork (C:\Users\RolaPorElNapo\AppData\Local\Temp\tmp.CLDdcGf3g9\SillyTavern\public\scripts\extensions\third-party\story-orchestrator\src\runtime\boundaryWork.ts:152:12)
          at Object.<anonymous> (C:\Users\RolaPorElNapo\AppData\Local\Temp\tmp.CLDdcGf3g9\SillyTavern\public\scripts\extensions\third-party\story-orchestrator\src\runtime\boundaryWork.test.ts:92:20)
          at Promise.finally.completed (C:\Users\RolaPorElNapo\AppData\Local\Temp\tmp.CLDdcGf3g9\SillyTavern\public\scripts\extensions\third-party\story-orchestrator\node_modules\jest-circus\build\jestAdapterInit.js:1557:28)
          at new Promise (<anonymous>)
          at callAsyncCircusFn (C:\Users\RolaPorElNapo\AppData\Local\Temp\tmp.CLDdcGf3g9\SillyTavern\public\scripts\extensions\third-party\story-orchestrator\node_modules\jest-circus\build\jestAdapterInit.js:1497:10)
          at _callCircusTest (C:\Users\RolaPorElNapo\AppData\Local\Temp\tmp.CLDdcGf3g9\SillyTavern\public\scripts\extensions\third-party\story-orchestrator\node_modules\jest-circus\build\jestAdapterInit.js:1007:40)
          at _runTest (C:\Users\RolaPorElNapo\AppData\Local\Temp\tmp.CLDdcGf3g9\SillyTavern\public\scripts\extensions\third-party\story-orchestrator\node_modules\jest-circus\build\jestAdapterInit.js:947:3)
          at C:\Users\RolaPorElNapo\AppData\Local\Temp\tmp.CLDdcGf3g9\SillyTavern\public\scripts\extensions\third-party\story-orchestrator\node_modules\jest-circus\build\jestAdapterInit.js:849:7
          at _runTestsForDescribeBlock (C:\Users\RolaPorElNapo\AppData\Local\Temp\tmp.CLDdcGf3g9\SillyTavern\public\scripts\extensions\third-party\story-orchestrator\node_modules\jest-circus\build\jestAdapterInit.js:862:11)
          at _runTestsForDescribeBlock (C:\Users\RolaPorElNapo\AppData\Local\Temp\tmp.CLDdcGf3g9\SillyTavern\public\scripts\extensions\third-party\story-orchestrator\node_modules\jest-circus\build\jestAdapterInit.js:857:11)
          at run (C:\Users\RolaPorElNapo\AppData\Local\Temp\tmp.CLDdcGf3g9\SillyTavern\public\scripts\extensions\third-party\story-orchestrator\node_modules\jest-circus\build\jestAdapterInit.js:761:3)
          at runAndTransformResultsToJestFormat (C:\Users\RolaPorElNapo\AppData\Local\Temp\tmp.CLDdcGf3g9\SillyTavern\public\scripts\extensions\third-party\story-orchestrator\node_modules\jest-circus\build\jestAdapterInit.js:1918:21)
          at jestAdapter (C:\Users\RolaPorElNapo\AppData\Local\Temp\tmp.CLDdcGf3g9\SillyTavern\public\scripts\extensions\third-party\story-orchestrator\node_modules\jest-circus\build\runner.js:101:19)
          at runTestInternal (C:\Users\RolaPorElNapo\AppData\Local\Temp\tmp.CLDdcGf3g9\SillyTavern\public\scripts\extensions\third-party\story-orchestrator\node_modules\jest-runner\build\index.js:275:16)
          at runTest (C:\Users\RolaPorElNapo\AppData\Local\Temp\tmp.CLDdcGf3g9\SillyTavern\public\scripts\extensions\third-party\story-orchestrator\node_modules\jest-runner\build\index.js:343:7)

    [0m [90m 152 |[39m       item[33m.[39mrun(context)[33m;[39m
     [90m 153 |[39m     } [36mcatch[39m (error) {
    [31m[1m>[22m[39m[90m 154 |[39m       console[33m.[39mwarn([32m`[Story Orchestrator] boundary work '${item.id}' failed`[39m[33m,[39m error)[33m;[39m
     [90m     |[39m               [31m[1m^[22m[39m
     [90m 155 |[39m     }
     [90m 156 |[39m   }
     [90m 157 |[39m }[0m

      at runBoundaryWork (src/runtime/boundaryWork.ts:154:15)
      at Object.<anonymous> (src/runtime/boundaryWork.test.ts:92:20)

    console.warn
      [Story Orchestrator] boundary work 'continuity-warden' failed TypeError: manager.runWardenPass is not a function
          at Object.run (C:\Users\RolaPorElNapo\AppData\Local\Temp\tmp.CLDdcGf3g9\SillyTavern\public\scripts\extensions\third-party\story-orchestrator\src\runtime\boundaryWork.ts:115:20)
          at runBoundaryWork (C:\Users\RolaPorElNapo\AppData\Local\Temp\tmp.CLDdcGf3g9\SillyTavern\public\scripts\extensions\third-party\story-orchestrator\src\runtime\boundaryWork.ts:152:12)
          at Object.<anonymous> (C:\Users\RolaPorElNapo\AppData\Local\Temp\tmp.CLDdcGf3g9\SillyTavern\public\scripts\extensions\third-party\story-orchestrator\src\runtime\boundaryWork.test.ts:92:20)
          at Promise.finally.completed (C:\Users\RolaPorElNapo\AppData\Local\Temp\tmp.CLDdcGf3g9\SillyTavern\public\scripts\extensions\third-party\story-orchestrator\node_modules\jest-circus\build\jestAdapterInit.js:1557:28)
          at new Promise (<anonymous>)
          at callAsyncCircusFn (C:\Users\RolaPorElNapo\AppData\Local\Temp\tmp.CLDdcGf3g9\SillyTavern\public\scripts\extensions\third-party\story-orchestrator\node_modules\jest-circus\build\jestAdapterInit.js:1497:10)
          at _callCircusTest (C:\Users\RolaPorElNapo\AppData\Local\Temp\tmp.CLDdcGf3g9\SillyTavern\public\scripts\extensions\third-party\story-orchestrator\node_modules\jest-circus\build\jestAdapterInit.js:1007:40)
          at _runTest (C:\Users\RolaPorElNapo\AppData\Local\Temp\tmp.CLDdcGf3g9\SillyTavern\public\scripts\extensions\third-party\story-orchestrator\node_modules\jest-circus\build\jestAdapterInit.js:947:3)
          at C:\Users\RolaPorElNapo\AppData\Local\Temp\tmp.CLDdcGf3g9\SillyTavern\public\scripts\extensions\third-party\story-orchestrator\node_modules\jest-circus\build\jestAdapterInit.js:849:7
          at _runTestsForDescribeBlock (C:\Users\RolaPorElNapo\AppData\Local\Temp\tmp.CLDdcGf3g9\SillyTavern\public\scripts\extensions\third-party\story-orchestrator\node_modules\jest-circus\build\jestAdapterInit.js:862:11)
          at _runTestsForDescribeBlock (C:\Users\RolaPorElNapo\AppData\Local\Temp\tmp.CLDdcGf3g9\SillyTavern\public\scripts\extensions\third-party\story-orchestrator\node_modules\jest-circus\build\jestAdapterInit.js:857:11)
          at run (C:\Users\RolaPorElNapo\AppData\Local\Temp\tmp.CLDdcGf3g9\SillyTavern\public\scripts\extensions\third-party\story-orchestrator\node_modules\jest-circus\build\jestAdapterInit.js:761:3)
          at runAndTransformResultsToJestFormat (C:\Users\RolaPorElNapo\AppData\Local\Temp\tmp.CLDdcGf3g9\SillyTavern\public\scripts\extensions\third-party\story-orchestrator\node_modules\jest-circus\build\jestAdapterInit.js:1918:21)
          at jestAdapter (C:\Users\RolaPorElNapo\AppData\Local\Temp\tmp.CLDdcGf3g9\SillyTavern\public\scripts\extensions\third-party\story-orchestrator\node_modules\jest-circus\build\runner.js:101:19)
          at runTestInternal (C:\Users\RolaPorElNapo\AppData\Local\Temp\tmp.CLDdcGf3g9\SillyTavern\public\scripts\extensions\third-party\story-orchestrator\node_modules\jest-runner\build\index.js:275:16)
          at runTest (C:\Users\RolaPorElNapo\AppData\Local\Temp\tmp.CLDdcGf3g9\SillyTavern\public\scripts\extensions\third-party\story-orchestrator\node_modules\jest-runner\build\index.js:343:7)

    [0m [90m 152 |[39m       item[33m.[39mrun(context)[33m;[39m
     [90m 153 |[39m     } [36mcatch[39m (error) {
    [31m[1m>[22m[39m[90m 154 |[39m       console[33m.[39mwarn([32m`[Story Orchestrator] boundary work '${item.id}' failed`[39m[33m,[39m error)[33m;[39m
     [90m     |[39m               [31m[1m^[22m[39m
     [90m 155 |[39m     }
     [90m 156 |[39m   }
     [90m 157 |[39m }[0m

      at runBoundaryWork (src/runtime/boundaryWork.ts:154:15)
      at Object.<anonymous> (src/runtime/boundaryWork.test.ts:92:20)

    console.warn
      [Story Orchestrator] boundary work 'expansion-commit' failed TypeError: Cannot read properties of undefined (reading 'commitValidated')
          at Object.run (C:\Users\RolaPorElNapo\AppData\Local\Temp\tmp.CLDdcGf3g9\SillyTavern\public\scripts\extensions\third-party\story-orchestrator\src\runtime\boundaryWork.ts:80:31)
          at runBoundaryWork (C:\Users\RolaPorElNapo\AppData\Local\Temp\tmp.CLDdcGf3g9\SillyTavern\public\scripts\extensions\third-party\story-orchestrator\src\runtime\boundaryWork.ts:152:12)
          at Object.<anonymous> (C:\Users\RolaPorElNapo\AppData\Local\Temp\tmp.CLDdcGf3g9\SillyTavern\public\scripts\extensions\third-party\story-orchestrator\src\runtime\boundaryWork.test.ts:96:20)
          at Promise.finally.completed (C:\Users\RolaPorElNapo\AppData\Local\Temp\tmp.CLDdcGf3g9\SillyTavern\public\scripts\extensions\third-party\story-orchestrator\node_modules\jest-circus\build\jestAdapterInit.js:1557:28)
          at new Promise (<anonymous>)
          at callAsyncCircusFn (C:\Users\RolaPorElNapo\AppData\Local\Temp\tmp.CLDdcGf3g9\SillyTavern\public\scripts\extensions\third-party\story-orchestrator\node_modules\jest-circus\build\jestAdapterInit.js:1497:10)
          at _callCircusTest (C:\Users\RolaPorElNapo\AppData\Local\Temp\tmp.CLDdcGf3g9\SillyTavern\public\scripts\extensions\third-party\story-orchestrator\node_modules\jest-circus\build\jestAdapterInit.js:1007:40)
          at _runTest (C:\Users\RolaPorElNapo\AppData\Local\Temp\tmp.CLDdcGf3g9\SillyTavern\public\scripts\extensions\third-party\story-orchestrator\node_modules\jest-circus\build\jestAdapterInit.js:947:3)
          at C:\Users\RolaPorElNapo\AppData\Local\Temp\tmp.CLDdcGf3g9\SillyTavern\public\scripts\extensions\third-party\story-orchestrator\node_modules\jest-circus\build\jestAdapterInit.js:849:7
          at _runTestsForDescribeBlock (C:\Users\RolaPorElNapo\AppData\Local\Temp\tmp.CLDdcGf3g9\SillyTavern\public\scripts\extensions\third-party\story-orchestrator\node_modules\jest-circus\build\jestAdapterInit.js:862:11)
          at _runTestsForDescribeBlock (C:\Users\RolaPorElNapo\AppData\Local\Temp\tmp.CLDdcGf3g9\SillyTavern\public\scripts\extensions\third-party\story-orchestrator\node_modules\jest-circus\build\jestAdapterInit.js:857:11)
          at run (C:\Users\RolaPorElNapo\AppData\Local\Temp\tmp.CLDdcGf3g9\SillyTavern\public\scripts\extensions\third-party\story-orchestrator\node_modules\jest-circus\build\jestAdapterInit.js:761:3)
          at runAndTransformResultsToJestFormat (C:\Users\RolaPorElNapo\AppData\Local\Temp\tmp.CLDdcGf3g9\SillyTavern\public\scripts\extensions\third-party\story-orchestrator\node_modules\jest-circus\build\jestAdapterInit.js:1918:21)
          at jestAdapter (C:\Users\RolaPorElNapo\AppData\Local\Temp\tmp.CLDdcGf3g9\SillyTavern\public\scripts\extensions\third-party\story-orchestrator\node_modules\jest-circus\build\runner.js:101:19)
          at runTestInternal (C:\Users\RolaPorElNapo\AppData\Local\Temp\tmp.CLDdcGf3g9\SillyTavern\public\scripts\extensions\third-party\story-orchestrator\node_modules\jest-runner\build\index.js:275:16)
          at runTest (C:\Users\RolaPorElNapo\AppData\Local\Temp\tmp.CLDdcGf3g9\SillyTavern\public\scripts\extensions\third-party\story-orchestrator\node_modules\jest-runner\build\index.js:343:7)

    [0m [90m 152 |[39m       item[33m.[39mrun(context)[33m;[39m
     [90m 153 |[39m     } [36mcatch[39m (error) {
    [31m[1m>[22m[39m[90m 154 |[39m       console[33m.[39mwarn([32m`[Story Orchestrator] boundary work '${item.id}' failed`[39m[33m,[39m error)[33m;[39m
     [90m     |[39m               [31m[1m^[22m[39m
     [90m 155 |[39m     }
     [90m 156 |[39m   }
     [90m 157 |[39m }[0m

      at runBoundaryWork (src/runtime/boundaryWork.ts:154:15)
      at Object.<anonymous> (src/runtime/boundaryWork.test.ts:96:20)

    console.warn
      [Story Orchestrator] boundary work 'continuity-warden' failed TypeError: manager.runWardenPass is not a function
          at Object.run (C:\Users\RolaPorElNapo\AppData\Local\Temp\tmp.CLDdcGf3g9\SillyTavern\public\scripts\extensions\third-party\story-orchestrator\src\runtime\boundaryWork.ts:115:20)
          at runBoundaryWork (C:\Users\RolaPorElNapo\AppData\Local\Temp\tmp.CLDdcGf3g9\SillyTavern\public\scripts\extensions\third-party\story-orchestrator\src\runtime\boundaryWork.ts:152:12)
          at Object.<anonymous> (C:\Users\RolaPorElNapo\AppData\Local\Temp\tmp.CLDdcGf3g9\SillyTavern\public\scripts\extensions\third-party\story-orchestrator\src\runtime\boundaryWork.test.ts:96:20)
          at Promise.finally.completed (C:\Users\RolaPorElNapo\AppData\Local\Temp\tmp.CLDdcGf3g9\SillyTavern\public\scripts\extensions\third-party\story-orchestrator\node_modules\jest-circus\build\jestAdapterInit.js:1557:28)
          at new Promise (<anonymous>)
          at callAsyncCircusFn (C:\Users\RolaPorElNapo\AppData\Local\Temp\tmp.CLDdcGf3g9\SillyTavern\public\scripts\extensions\third-party\story-orchestrator\node_modules\jest-circus\build\jestAdapterInit.js:1497:10)
          at _callCircusTest (C:\Users\RolaPorElNapo\AppData\Local\Temp\tmp.CLDdcGf3g9\SillyTavern\public\scripts\extensions\third-party\story-orchestrator\node_modules\jest-circus\build\jestAdapterInit.js:1007:40)
          at _runTest (C:\Users\RolaPorElNapo\AppData\Local\Temp\tmp.CLDdcGf3g9\SillyTavern\public\scripts\extensions\third-party\story-orchestrator\node_modules\jest-circus\build\jestAdapterInit.js:947:3)
          at C:\Users\RolaPorElNapo\AppData\Local\Temp\tmp.CLDdcGf3g9\SillyTavern\public\scripts\extensions\third-party\story-orchestrator\node_modules\jest-circus\build\jestAdapterInit.js:849:7
          at _runTestsForDescribeBlock (C:\Users\RolaPorElNapo\AppData\Local\Temp\tmp.CLDdcGf3g9\SillyTavern\public\scripts\extensions\third-party\story-orchestrator\node_modules\jest-circus\build\jestAdapterInit.js:862:11)
          at _runTestsForDescribeBlock (C:\Users\RolaPorElNapo\AppData\Local\Temp\tmp.CLDdcGf3g9\SillyTavern\public\scripts\extensions\third-party\story-orchestrator\node_modules\jest-circus\build\jestAdapterInit.js:857:11)
          at run (C:\Users\RolaPorElNapo\AppData\Local\Temp\tmp.CLDdcGf3g9\SillyTavern\public\scripts\extensions\third-party\story-orchestrator\node_modules\jest-circus\build\jestAdapterInit.js:761:3)
          at runAndTransformResultsToJestFormat (C:\Users\RolaPorElNapo\AppData\Local\Temp\tmp.CLDdcGf3g9\SillyTavern\public\scripts\extensions\third-party\story-orchestrator\node_modules\jest-circus\build\jestAdapterInit.js:1918:21)
          at jestAdapter (C:\Users\RolaPorElNapo\AppData\Local\Temp\tmp.CLDdcGf3g9\SillyTavern\public\scripts\extensions\third-party\story-orchestrator\node_modules\jest-circus\build\runner.js:101:19)
          at runTestInternal (C:\Users\RolaPorElNapo\AppData\Local\Temp\tmp.CLDdcGf3g9\SillyTavern\public\scripts\extensions\third-party\story-orchestrator\node_modules\jest-runner\build\index.js:275:16)
          at runTest (C:\Users\RolaPorElNapo\AppData\Local\Temp\tmp.CLDdcGf3g9\SillyTavern\public\scripts\extensions\third-party\story-orchestrator\node_modules\jest-runner\build\index.js:343:7)

    [0m [90m 152 |[39m       item[33m.[39mrun(context)[33m;[39m
     [90m 153 |[39m     } [36mcatch[39m (error) {
    [31m[1m>[22m[39m[90m 154 |[39m       console[33m.[39mwarn([32m`[Story Orchestrator] boundary work '${item.id}' failed`[39m[33m,[39m error)[33m;[39m
     [90m     |[39m               [31m[1m^[22m[39m
     [90m 155 |[39m     }
     [90m 156 |[39m   }
     [90m 157 |[39m }[0m

      at runBoundaryWork (src/runtime/boundaryWork.ts:154:15)
      at Object.<anonymous> (src/runtime/boundaryWork.test.ts:96:20)

    console.warn
      [Story Orchestrator] boundary work 'expansion-commit' failed TypeError: Cannot read properties of undefined (reading 'commitValidated')
          at Object.run (C:\Users\RolaPorElNapo\AppData\Local\Temp\tmp.CLDdcGf3g9\SillyTavern\public\scripts\extensions\third-party\story-orchestrator\src\runtime\boundaryWork.ts:80:31)
          at runBoundaryWork (C:\Users\RolaPorElNapo\AppData\Local\Temp\tmp.CLDdcGf3g9\SillyTavern\public\scripts\extensions\third-party\story-orchestrator\src\runtime\boundaryWork.ts:152:12)
          at Object.<anonymous> (C:\Users\RolaPorElNapo\AppData\Local\Temp\tmp.CLDdcGf3g9\SillyTavern\public\scripts\extensions\third-party\story-orchestrator\src\runtime\boundaryWork.test.ts:103:20)
          at Promise.finally.completed (C:\Users\RolaPorElNapo\AppData\Local\Temp\tmp.CLDdcGf3g9\SillyTavern\public\scripts\extensions\third-party\story-orchestrator\node_modules\jest-circus\build\jestAdapterInit.js:1557:28)
          at new Promise (<anonymous>)
          at callAsyncCircusFn (C:\Users\RolaPorElNapo\AppData\Local\Temp\tmp.CLDdcGf3g9\SillyTavern\public\scripts\extensions\third-party\story-orchestrator\node_modules\jest-circus\build\jestAdapterInit.js:1497:10)
          at _callCircusTest (C:\Users\RolaPorElNapo\AppData\Local\Temp\tmp.CLDdcGf3g9\SillyTavern\public\scripts\extensions\third-party\story-orchestrator\node_modules\jest-circus\build\jestAdapterInit.js:1007:40)
          at _runTest (C:\Users\RolaPorElNapo\AppData\Local\Temp\tmp.CLDdcGf3g9\SillyTavern\public\scripts\extensions\third-party\story-orchestrator\node_modules\jest-circus\build\jestAdapterInit.js:947:3)
          at C:\Users\RolaPorElNapo\AppData\Local\Temp\tmp.CLDdcGf3g9\SillyTavern\public\scripts\extensions\third-party\story-orchestrator\node_modules\jest-circus\build\jestAdapterInit.js:849:7
          at _runTestsForDescribeBlock (C:\Users\RolaPorElNapo\AppData\Local\Temp\tmp.CLDdcGf3g9\SillyTavern\public\scripts\extensions\third-party\story-orchestrator\node_modules\jest-circus\build\jestAdapterInit.js:862:11)
          at _runTestsForDescribeBlock (C:\Users\RolaPorElNapo\AppData\Local\Temp\tmp.CLDdcGf3g9\SillyTavern\public\scripts\extensions\third-party\story-orchestrator\node_modules\jest-circus\build\jestAdapterInit.js:857:11)
          at run (C:\Users\RolaPorElNapo\AppData\Local\Temp\tmp.CLDdcGf3g9\SillyTavern\public\scripts\extensions\third-party\story-orchestrator\node_modules\jest-circus\build\jestAdapterInit.js:761:3)
          at runAndTransformResultsToJestFormat (C:\Users\RolaPorElNapo\AppData\Local\Temp\tmp.CLDdcGf3g9\SillyTavern\public\scripts\extensions\third-party\story-orchestrator\node_modules\jest-circus\build\jestAdapterInit.js:1918:21)
          at jestAdapter (C:\Users\RolaPorElNapo\AppData\Local\Temp\tmp.CLDdcGf3g9\SillyTavern\public\scripts\extensions\third-party\story-orchestrator\node_modules\jest-circus\build\runner.js:101:19)
          at runTestInternal (C:\Users\RolaPorElNapo\AppData\Local\Temp\tmp.CLDdcGf3g9\SillyTavern\public\scripts\extensions\third-party\story-orchestrator\node_modules\jest-runner\build\index.js:275:16)
          at runTest (C:\Users\RolaPorElNapo\AppData\Local\Temp\tmp.CLDdcGf3g9\SillyTavern\public\scripts\extensions\third-party\story-orchestrator\node_modules\jest-runner\build\index.js:343:7)

    [0m [90m 152 |[39m       item[33m.[39mrun(context)[33m;[39m
     [90m 153 |[39m     } [36mcatch[39m (error) {
    [31m[1m>[22m[39m[90m 154 |[39m       console[33m.[39mwarn([32m`[Story Orchestrator] boundary work '${item.id}' failed`[39m[33m,[39m error)[33m;[39m
     [90m     |[39m               [31m[1m^[22m[39m
     [90m 155 |[39m     }
     [90m 156 |[39m   }
     [90m 157 |[39m }[0m

      at runBoundaryWork (src/runtime/boundaryWork.ts:154:15)
      at Object.<anonymous> (src/runtime/boundaryWork.test.ts:103:20)

    console.warn
      [Story Orchestrator] boundary work 'continuity-warden' failed TypeError: manager.runWardenPass is not a function
          at Object.run (C:\Users\RolaPorElNapo\AppData\Local\Temp\tmp.CLDdcGf3g9\SillyTavern\public\scripts\extensions\third-party\story-orchestrator\src\runtime\boundaryWork.ts:115:20)
          at runBoundaryWork (C:\Users\RolaPorElNapo\AppData\Local\Temp\tmp.CLDdcGf3g9\SillyTavern\public\scripts\extensions\third-party\story-orchestrator\src\runtime\boundaryWork.ts:152:12)
          at Object.<anonymous> (C:\Users\RolaPorElNapo\AppData\Local\Temp\tmp.CLDdcGf3g9\SillyTavern\public\scripts\extensions\third-party\story-orchestrator\src\runtime\boundaryWork.test.ts:103:20)
          at Promise.finally.completed (C:\Users\RolaPorElNapo\AppData\Local\Temp\tmp.CLDdcGf3g9\SillyTavern\public\scripts\extensions\third-party\story-orchestrator\node_modules\jest-circus\build\jestAdapterInit.js:1557:28)
          at new Promise (<anonymous>)
          at callAsyncCircusFn (C:\Users\RolaPorElNapo\AppData\Local\Temp\tmp.CLDdcGf3g9\SillyTavern\public\scripts\extensions\third-party\story-orchestrator\node_modules\jest-circus\build\jestAdapterInit.js:1497:10)
          at _callCircusTest (C:\Users\RolaPorElNapo\AppData\Local\Temp\tmp.CLDdcGf3g9\SillyTavern\public\scripts\extensions\third-party\story-orchestrator\node_modules\jest-circus\build\jestAdapterInit.js:1007:40)
          at _runTest (C:\Users\RolaPorElNapo\AppData\Local\Temp\tmp.CLDdcGf3g9\SillyTavern\public\scripts\extensions\third-party\story-orchestrator\node_modules\jest-circus\build\jestAdapterInit.js:947:3)
          at C:\Users\RolaPorElNapo\AppData\Local\Temp\tmp.CLDdcGf3g9\SillyTavern\public\scripts\extensions\third-party\story-orchestrator\node_modules\jest-circus\build\jestAdapterInit.js:849:7
          at _runTestsForDescribeBlock (C:\Users\RolaPorElNapo\AppData\Local\Temp\tmp.CLDdcGf3g9\SillyTavern\public\scripts\extensions\third-party\story-orchestrator\node_modules\jest-circus\build\jestAdapterInit.js:862:11)
          at _runTestsForDescribeBlock (C:\Users\RolaPorElNapo\AppData\Local\Temp\tmp.CLDdcGf3g9\SillyTavern\public\scripts\extensions\third-party\story-orchestrator\node_modules\jest-circus\build\jestAdapterInit.js:857:11)
          at run (C:\Users\RolaPorElNapo\AppData\Local\Temp\tmp.CLDdcGf3g9\SillyTavern\public\scripts\extensions\third-party\story-orchestrator\node_modules\jest-circus\build\jestAdapterInit.js:761:3)
          at runAndTransformResultsToJestFormat (C:\Users\RolaPorElNapo\AppData\Local\Temp\tmp.CLDdcGf3g9\SillyTavern\public\scripts\extensions\third-party\story-orchestrator\node_modules\jest-circus\build\jestAdapterInit.js:1918:21)
          at jestAdapter (C:\Users\RolaPorElNapo\AppData\Local\Temp\tmp.CLDdcGf3g9\SillyTavern\public\scripts\extensions\third-party\story-orchestrator\node_modules\jest-circus\build\runner.js:101:19)
          at runTestInternal (C:\Users\RolaPorElNapo\AppData\Local\Temp\tmp.CLDdcGf3g9\SillyTavern\public\scripts\extensions\third-party\story-orchestrator\node_modules\jest-runner\build\index.js:275:16)
          at runTest (C:\Users\RolaPorElNapo\AppData\Local\Temp\tmp.CLDdcGf3g9\SillyTavern\public\scripts\extensions\third-party\story-orchestrator\node_modules\jest-runner\build\index.js:343:7)

    [0m [90m 152 |[39m       item[33m.[39mrun(context)[33m;[39m
     [90m 153 |[39m     } [36mcatch[39m (error) {
    [31m[1m>[22m[39m[90m 154 |[39m       console[33m.[39mwarn([32m`[Story Orchestrator] boundary work '${item.id}' failed`[39m[33m,[39m error)[33m;[39m
     [90m     |[39m               [31m[1m^[22m[39m
     [90m 155 |[39m     }
     [90m 156 |[39m   }
     [90m 157 |[39m }[0m

      at runBoundaryWork (src/runtime/boundaryWork.ts:154:15)
      at Object.<anonymous> (src/runtime/boundaryWork.test.ts:103:20)

    console.warn
      [Story Orchestrator] boundary work 'expansion-commit' failed TypeError: Cannot read properties of undefined (reading 'commitValidated')
          at Object.run (C:\Users\RolaPorElNapo\AppData\Local\Temp\tmp.CLDdcGf3g9\SillyTavern\public\scripts\extensions\third-party\story-orchestrator\src\runtime\boundaryWork.ts:80:31)
          at runBoundaryWork (C:\Users\RolaPorElNapo\AppData\Local\Temp\tmp.CLDdcGf3g9\SillyTavern\public\scripts\extensions\third-party\story-orchestrator\src\runtime\boundaryWork.ts:152:12)
          at Object.<anonymous> (C:\Users\RolaPorElNapo\AppData\Local\Temp\tmp.CLDdcGf3g9\SillyTavern\public\scripts\extensions\third-party\story-orchestrator\src\runtime\boundaryWork.test.ts:108:20)
          at Promise.finally.completed (C:\Users\RolaPorElNapo\AppData\Local\Temp\tmp.CLDdcGf3g9\SillyTavern\public\scripts\extensions\third-party\story-orchestrator\node_modules\jest-circus\build\jestAdapterInit.js:1557:28)
          at new Promise (<anonymous>)
          at callAsyncCircusFn (C:\Users\RolaPorElNapo\AppData\Local\Temp\tmp.CLDdcGf3g9\SillyTavern\public\scripts\extensions\third-party\story-orchestrator\node_modules\jest-circus\build\jestAdapterInit.js:1497:10)
          at _callCircusTest (C:\Users\RolaPorElNapo\AppData\Local\Temp\tmp.CLDdcGf3g9\SillyTavern\public\scripts\extensions\third-party\story-orchestrator\node_modules\jest-circus\build\jestAdapterInit.js:1007:40)
          at _runTest (C:\Users\RolaPorElNapo\AppData\Local\Temp\tmp.CLDdcGf3g9\SillyTavern\public\scripts\extensions\third-party\story-orchestrator\node_modules\jest-circus\build\jestAdapterInit.js:947:3)
          at C:\Users\RolaPorElNapo\AppData\Local\Temp\tmp.CLDdcGf3g9\SillyTavern\public\scripts\extensions\third-party\story-orchestrator\node_modules\jest-circus\build\jestAdapterInit.js:849:7
          at _runTestsForDescribeBlock (C:\Users\RolaPorElNapo\AppData\Local\Temp\tmp.CLDdcGf3g9\SillyTavern\public\scripts\extensions\third-party\story-orchestrator\node_modules\jest-circus\build\jestAdapterInit.js:862:11)
          at _runTestsForDescribeBlock (C:\Users\RolaPorElNapo\AppData\Local\Temp\tmp.CLDdcGf3g9\SillyTavern\public\scripts\extensions\third-party\story-orchestrator\node_modules\jest-circus\build\jestAdapterInit.js:857:11)
          at run (C:\Users\RolaPorElNapo\AppData\Local\Temp\tmp.CLDdcGf3g9\SillyTavern\public\scripts\extensions\third-party\story-orchestrator\node_modules\jest-circus\build\jestAdapterInit.js:761:3)
          at runAndTransformResultsToJestFormat (C:\Users\RolaPorElNapo\AppData\Local\Temp\tmp.CLDdcGf3g9\SillyTavern\public\scripts\extensions\third-party\story-orchestrator\node_modules\jest-circus\build\jestAdapterInit.js:1918:21)
          at jestAdapter (C:\Users\RolaPorElNapo\AppData\Local\Temp\tmp.CLDdcGf3g9\SillyTavern\public\scripts\extensions\third-party\story-orchestrator\node_modules\jest-circus\build\runner.js:101:19)
          at runTestInternal (C:\Users\RolaPorElNapo\AppData\Local\Temp\tmp.CLDdcGf3g9\SillyTavern\public\scripts\extensions\third-party\story-orchestrator\node_modules\jest-runner\build\index.js:275:16)
          at runTest (C:\Users\RolaPorElNapo\AppData\Local\Temp\tmp.CLDdcGf3g9\SillyTavern\public\scripts\extensions\third-party\story-orchestrator\node_modules\jest-runner\build\index.js:343:7)

    [0m [90m 152 |[39m       item[33m.[39mrun(context)[33m;[39m
     [90m 153 |[39m     } [36mcatch[39m (error) {
    [31m[1m>[22m[39m[90m 154 |[39m       console[33m.[39mwarn([32m`[Story Orchestrator] boundary work '${item.id}' failed`[39m[33m,[39m error)[33m;[39m
     [90m     |[39m               [31m[1m^[22m[39m
     [90m 155 |[39m     }
     [90m 156 |[39m   }
     [90m 157 |[39m }[0m

      at runBoundaryWork (src/runtime/boundaryWork.ts:154:15)
      at Object.<anonymous> (src/runtime/boundaryWork.test.ts:108:20)

    console.warn
      [Story Orchestrator] boundary work 'continuity-warden' failed TypeError: manager.runWardenPass is not a function
          at Object.run (C:\Users\RolaPorElNapo\AppData\Local\Temp\tmp.CLDdcGf3g9\SillyTavern\public\scripts\extensions\third-party\story-orchestrator\src\runtime\boundaryWork.ts:115:20)
          at runBoundaryWork (C:\Users\RolaPorElNapo\AppData\Local\Temp\tmp.CLDdcGf3g9\SillyTavern\public\scripts\extensions\third-party\story-orchestrator\src\runtime\boundaryWork.ts:152:12)
          at Object.<anonymous> (C:\Users\RolaPorElNapo\AppData\Local\Temp\tmp.CLDdcGf3g9\SillyTavern\public\scripts\extensions\third-party\story-orchestrator\src\runtime\boundaryWork.test.ts:108:20)
          at Promise.finally.completed (C:\Users\RolaPorElNapo\AppData\Local\Temp\tmp.CLDdcGf3g9\SillyTavern\public\scripts\extensions\third-party\story-orchestrator\node_modules\jest-circus\build\jestAdapterInit.js:1557:28)
          at new Promise (<anonymous>)
          at callAsyncCircusFn (C:\Users\RolaPorElNapo\AppData\Local\Temp\tmp.CLDdcGf3g9\SillyTavern\public\scripts\extensions\third-party\story-orchestrator\node_modules\jest-circus\build\jestAdapterInit.js:1497:10)
          at _callCircusTest (C:\Users\RolaPorElNapo\AppData\Local\Temp\tmp.CLDdcGf3g9\SillyTavern\public\scripts\extensions\third-party\story-orchestrator\node_modules\jest-circus\build\jestAdapterInit.js:1007:40)
          at _runTest (C:\Users\RolaPorElNapo\AppData\Local\Temp\tmp.CLDdcGf3g9\SillyTavern\public\scripts\extensions\third-party\story-orchestrator\node_modules\jest-circus\build\jestAdapterInit.js:947:3)
          at C:\Users\RolaPorElNapo\AppData\Local\Temp\tmp.CLDdcGf3g9\SillyTavern\public\scripts\extensions\third-party\story-orchestrator\node_modules\jest-circus\build\jestAdapterInit.js:849:7
          at _runTestsForDescribeBlock (C:\Users\RolaPorElNapo\AppData\Local\Temp\tmp.CLDdcGf3g9\SillyTavern\public\scripts\extensions\third-party\story-orchestrator\node_modules\jest-circus\build\jestAdapterInit.js:862:11)
          at _runTestsForDescribeBlock (C:\Users\RolaPorElNapo\AppData\Local\Temp\tmp.CLDdcGf3g9\SillyTavern\public\scripts\extensions\third-party\story-orchestrator\node_modules\jest-circus\build\jestAdapterInit.js:857:11)
          at run (C:\Users\RolaPorElNapo\AppData\Local\Temp\tmp.CLDdcGf3g9\SillyTavern\public\scripts\extensions\third-party\story-orchestrator\node_modules\jest-circus\build\jestAdapterInit.js:761:3)
          at runAndTransformResultsToJestFormat (C:\Users\RolaPorElNapo\AppData\Local\Temp\tmp.CLDdcGf3g9\SillyTavern\public\scripts\extensions\third-party\story-orchestrator\node_modules\jest-circus\build\jestAdapterInit.js:1918:21)
          at jestAdapter (C:\Users\RolaPorElNapo\AppData\Local\Temp\tmp.CLDdcGf3g9\SillyTavern\public\scripts\extensions\third-party\story-orchestrator\node_modules\jest-circus\build\runner.js:101:19)
          at runTestInternal (C:\Users\RolaPorElNapo\AppData\Local\Temp\tmp.CLDdcGf3g9\SillyTavern\public\scripts\extensions\third-party\story-orchestrator\node_modules\jest-runner\build\index.js:275:16)
          at runTest (C:\Users\RolaPorElNapo\AppData\Local\Temp\tmp.CLDdcGf3g9\SillyTavern\public\scripts\extensions\third-party\story-orchestrator\node_modules\jest-runner\build\index.js:343:7)

    [0m [90m 152 |[39m       item[33m.[39mrun(context)[33m;[39m
     [90m 153 |[39m     } [36mcatch[39m (error) {
    [31m[1m>[22m[39m[90m 154 |[39m       console[33m.[39mwarn([32m`[Story Orchestrator] boundary work '${item.id}' failed`[39m[33m,[39m error)[33m;[39m
     [90m     |[39m               [31m[1m^[22m[39m
     [90m 155 |[39m     }
     [90m 156 |[39m   }
     [90m 157 |[39m }[0m

      at runBoundaryWork (src/runtime/boundaryWork.ts:154:15)
      at Object.<anonymous> (src/runtime/boundaryWork.test.ts:108:20)

PASS src/memory/stores.test.ts
PASS src/judge/expansion.test.ts
PASS src/extraction/parse.test.ts
PASS src/copilot/authoring.test.ts
PASS src/memory/inject.test.ts
PASS src/runtime/blobChatStamp.review.test.ts
  ● Console

    console.warn
      [Story Orchestrator] blob-chat-mismatch: chat_metadata holds state stamped for chat chat-a while chat-b is open; left untouched, read as no story selected

    [0m [90m 66 |[39m   [36mif[39m (current) {
     [90m 67 |[39m     [36mconst[39m next [33m=[39m { stampedFor[33m:[39m [33mString[39m(current[33m.[39mchatId)[33m,[39m openChat[33m:[39m openChatId() }[33m;[39m
    [31m[1m>[22m[39m[90m 68 |[39m     [36mif[39m (mismatch[33m?[39m[33m.[39mstampedFor [33m!==[39m next[33m.[39mstampedFor [33m||[39m mismatch[33m.[39mopenChat [33m!==[39m next[33m.[39mopenChat) console[33m.[39mwarn([32m`[Story Orchestrator] blob-chat-mismatch: chat_metadata holds state stamped for chat ${next.stampedFor} while ${String(next.openChat)} is open; left untouched, read as no story selected`[39m)[33m;[39m
     [90m    |[39m                                                                                                  [31m[1m^[22m[39m
     [90m 69 |[39m     mismatch [33m=[39m next[33m;[39m
     [90m 70 |[39m     [36mreturn[39m createBlob()[33m;[39m
     [90m 71 |[39m   }[0m

      at getMetadataBlob (src/runtime/persistence.ts:68:98)
      at src/runtime/blobChatStamp.review.test.ts:48:31
      at Object.<anonymous> (test/findings/ledger.ts:102:49)

PASS src/extraction/judgedRead.test.ts
PASS src/runtime/turnBridgeOwnership.review.test.ts
PASS src/runtime/continuity.test.ts
PASS src/engine/exampleStory.test.ts
PASS src/runtime/slashCommands.test.ts
PASS src/engine/stagecraftFormat.test.ts
PASS src/memory/longFixture.test.ts
PASS src/runtime/worldInfoGates.test.ts
PASS src/runtime/quarantineExclusion.review.test.ts
PASS src/runtime/coordinators/memoryInjectionRefresh.review.test.ts
PASS src/runtime/blobForeign.review.test.ts
  ● Console

    console.warn
      [Story Orchestrator] blob-chat-mismatch: chat_metadata holds state stamped for chat chat-a while chat-b is open; left untouched, read as no story selected

    [0m [90m 66 |[39m   [36mif[39m (current) {
     [90m 67 |[39m     [36mconst[39m next [33m=[39m { stampedFor[33m:[39m [33mString[39m(current[33m.[39mchatId)[33m,[39m openChat[33m:[39m openChatId() }[33m;[39m
    [31m[1m>[22m[39m[90m 68 |[39m     [36mif[39m (mismatch[33m?[39m[33m.[39mstampedFor [33m!==[39m next[33m.[39mstampedFor [33m||[39m mismatch[33m.[39mopenChat [33m!==[39m next[33m.[39mopenChat) console[33m.[39mwarn([32m`[Story Orchestrator] blob-chat-mismatch: chat_metadata holds state stamped for chat ${next.stampedFor} while ${String(next.openChat)} is open; left untouched, read as no story selected`[39m)[33m;[39m
     [90m    |[39m                                                                                                  [31m[1m^[22m[39m
     [90m 69 |[39m     mismatch [33m=[39m next[33m;[39m
     [90m 70 |[39m     [36mreturn[39m createBlob()[33m;[39m
     [90m 71 |[39m   }[0m

      at getMetadataBlob (src/runtime/persistence.ts:68:98)
      at src/runtime/blobForeign.review.test.ts:32:27
      at settle (test/findings/ledger.ts:53:11)
      at Object.<anonymous> (test/findings/ledger.ts:76:25)

    console.warn
      [Story Orchestrator] saving story state refused: this chat's metadata holds state stamped for chat chat-a

    [0m [90m 79 |[39m   [36mconst[39m blob [33m=[39m getMetadataBlob()[33m;[39m
     [90m 80 |[39m   [36mif[39m ([33m![39mmismatch) [36mreturn[39m blob[33m;[39m
    [31m[1m>[22m[39m[90m 81 |[39m   console[33m.[39mwarn([32m`[Story Orchestrator] ${write} refused: this chat's metadata holds state stamped for chat ${mismatch.stampedFor}`[39m)[33m;[39m
     [90m    |[39m           [31m[1m^[22m[39m
     [90m 82 |[39m   [36mreturn[39m [36mnull[39m[33m;[39m
     [90m 83 |[39m }[33m;[39m
     [90m 84 |[39m[0m

      at ownBlob (src/runtime/persistence.ts:81:11)
      at savePersistedRuntime (src/runtime/persistence.ts:151:16)
      at Object.<anonymous> (src/runtime/blobForeign.review.test.ts:39:32)

    console.warn
      [Story Orchestrator] selecting a story refused: this chat's metadata holds state stamped for chat chat-a

    [0m [90m 79 |[39m   [36mconst[39m blob [33m=[39m getMetadataBlob()[33m;[39m
     [90m 80 |[39m   [36mif[39m ([33m![39mmismatch) [36mreturn[39m blob[33m;[39m
    [31m[1m>[22m[39m[90m 81 |[39m   console[33m.[39mwarn([32m`[Story Orchestrator] ${write} refused: this chat's metadata holds state stamped for chat ${mismatch.stampedFor}`[39m)[33m;[39m
     [90m    |[39m           [31m[1m^[22m[39m
     [90m 82 |[39m   [36mreturn[39m [36mnull[39m[33m;[39m
     [90m 83 |[39m }[33m;[39m
     [90m 84 |[39m[0m

      at ownBlob (src/runtime/persistence.ts:81:11)
      at setSelectedStoryId (src/runtime/persistence.ts:115:16)
      at Object.<anonymous> (src/runtime/blobForeign.review.test.ts:40:23)

    console.warn
      [Story Orchestrator] dropping story state refused: this chat's metadata holds state stamped for chat chat-a

    [0m [90m 79 |[39m   [36mconst[39m blob [33m=[39m getMetadataBlob()[33m;[39m
     [90m 80 |[39m   [36mif[39m ([33m![39mmismatch) [36mreturn[39m blob[33m;[39m
    [31m[1m>[22m[39m[90m 81 |[39m   console[33m.[39mwarn([32m`[Story Orchestrator] ${write} refused: this chat's metadata holds state stamped for chat ${mismatch.stampedFor}`[39m)[33m;[39m
     [90m    |[39m           [31m[1m^[22m[39m
     [90m 82 |[39m   [36mreturn[39m [36mnull[39m[33m;[39m
     [90m 83 |[39m }[33m;[39m
     [90m 84 |[39m[0m

      at ownBlob (src/runtime/persistence.ts:81:11)
      at dropPersistedRuntime (src/runtime/persistence.ts:164:16)
      at Object.<anonymous> (src/runtime/blobForeign.review.test.ts:41:25)

    console.warn
      [Story Orchestrator] blob-chat-mismatch: chat_metadata holds state stamped for chat chat-a while chat-b is open; left untouched, read as no story selected

    [0m [90m 66 |[39m   [36mif[39m (current) {
     [90m 67 |[39m     [36mconst[39m next [33m=[39m { stampedFor[33m:[39m [33mString[39m(current[33m.[39mchatId)[33m,[39m openChat[33m:[39m openChatId() }[33m;[39m
    [31m[1m>[22m[39m[90m 68 |[39m     [36mif[39m (mismatch[33m?[39m[33m.[39mstampedFor [33m!==[39m next[33m.[39mstampedFor [33m||[39m mismatch[33m.[39mopenChat [33m!==[39m next[33m.[39mopenChat) console[33m.[39mwarn([32m`[Story Orchestrator] blob-chat-mismatch: chat_metadata holds state stamped for chat ${next.stampedFor} while ${String(next.openChat)} is open; left untouched, read as no story selected`[39m)[33m;[39m
     [90m    |[39m                                                                                                  [31m[1m^[22m[39m
     [90m 69 |[39m     mismatch [33m=[39m next[33m;[39m
     [90m 70 |[39m     [36mreturn[39m createBlob()[33m;[39m
     [90m 71 |[39m   }[0m

      at getMetadataBlob (src/runtime/persistence.ts:68:98)
      at getSelectedStoryId (src/runtime/persistence.ts:111:10)
      at loadSelectedStory (src/runtime/storySelection.ts:40:32)
      at Object.<anonymous> (src/runtime/blobForeign.review.test.ts:88:20)

PASS src/runtime/npcRepliesOwnership.review.test.ts
PASS src/runtime/coordinators/copilotOwnedLorebooks.test.ts
PASS src/runtime/nextTurn.test.ts
PASS src/copilot/validate.test.ts
PASS src/services/stHost/authorNotes.test.ts
PASS src/judge/readiness.test.ts
PASS src/runtime/coordinators/copilotOwnership.review.test.ts
PASS src/runtime/saveHealth.test.ts
PASS src/judge/loreRelevance.test.ts
PASS src/runtime/narrative.test.ts
PASS src/runtime/persistenceRetention.test.ts
PASS src/runtime/persistenceMigration.test.ts
  ● Console

    console.warn
      [Story Orchestrator] chat state for unknown story hash v2-oldhash kept as 'legacy-v2-oldhash' (no library record to pin from)

    [0m [90m 44 |[39m       extras[33m:[39m entry[33m.[39mextras [36mas[39m [33mPersistedStoryRuntime[39m[[32m"extras"[39m][33m,[39m
     [90m 45 |[39m     }[33m;[39m
    [31m[1m>[22m[39m[90m 46 |[39m     [36mif[39m ([33m![39mrecord) console[33m.[39mwarn([32m`[Story Orchestrator] chat state for unknown story hash ${hash} kept as '${id}' (no library record to pin from)`[39m)[33m;[39m
     [90m    |[39m                          [31m[1m^[22m[39m
     [90m 47 |[39m   }
     [90m 48 |[39m
     [90m 49 |[39m   [36mconst[39m selectedHash [33m=[39m legacy[33m.[39mselectedStoryHash [33m?[39m[33m?[39m [36mnull[39m[33m;[39m[0m

      at migrateMetadataBlob (src/runtime/persistenceMigration.ts:46:26)
      at Object.<anonymous> (src/runtime/persistenceMigration.test.ts:59:37)

PASS src/runtime/sceneStale.review.test.ts
PASS src/runtime/chatSave.test.ts
PASS src/memory/parse.test.ts
PASS src/engine/agency.test.ts
PASS src/extraction/evidence.test.ts
PASS src/extraction/reconcile.test.ts
PASS src/runtime/macros.test.ts
PASS src/extraction/schedulerReadOwnership.review.test.ts
PASS src/runtime/faultMatrix.guard.test.ts
  ● Console

    console.log
      fault matrix: 55 covered, 10 partial, 16 not applicable, 0 todo (of 81)

      at Object.<anonymous> (src/runtime/faultMatrix.guard.test.ts:59:13)

PASS src/services/stHost/groups.test.ts
PASS src/runtime/runGuard.test.ts
PASS src/runtime/repair.test.ts
PASS src/judge/cancelled.review.test.ts
PASS src/runtime/selfTest.review.test.ts
PASS src/engine/convergence.property.test.ts
PASS src/studio/draft.test.ts
PASS src/runtime/wizardSessions.test.ts
PASS src/memory/budget.test.ts
PASS src/runtime/curatorFilter.test.ts
PASS src/wizard/ownership.review.test.ts
PASS src/runtime/coordinators/extractionReadOwnership.review.test.ts
PASS src/memory/canon.test.ts
PASS src/runtime/storyImportWarnings.review.test.ts
PASS src/runtime/settingsView.review.test.ts
PASS src/utils/string.test.ts
PASS src/engine/replaceGraph.test.ts
PASS src/services/stHost/popup.test.ts
PASS src/generation/merge.review.test.ts
PASS src/runtime/storySelectionOwnership.review.test.ts
PASS src/runtime/epochAbort.review.test.ts
PASS src/memory/score.test.ts
PASS src/services/stHost/extensionPrompts.test.ts
PASS src/runtime/stateExport.test.ts
PASS src/extraction/evidenceCorpus.test.ts
PASS src/generation/latchGuard.test.ts
PASS src/extraction/scopeExplain.test.ts
PASS src/services/stHost/persistence.test.ts
PASS src/engine/historySize.test.ts
[V11] engine history at 200 boundaries: 201165 bytes
PASS src/services/stHost/backgrounds.test.ts
PASS src/runtime/settingsLoad.test.ts
PASS src/services/stHost/slashCommands.test.ts
PASS src/judge/numbers.test.ts
PASS src/studio/gateOptions.test.ts
PASS src/memory/sceneDetect.test.ts
PASS src/studio/qualityUsage.test.ts
PASS src/extraction/cues.test.ts
PASS src/runtime/storyUpdate.review.test.ts
PASS src/extraction/client.test.ts
PASS src/memory/supersede.test.ts
PASS src/extraction/hintSidecars.test.ts
PASS src/engine/independentStory.test.ts
PASS src/engine/rosterRole.test.ts
PASS src/studio/io.test.ts
PASS src/studio/graphAdapter.test.ts
PASS src/services/stHost/judge.review.test.ts
PASS src/runtime/exampleStory.review.test.ts
PASS src/engine/journeyStories.test.ts
PASS src/constants/injectionRegistry.test.ts

findings ledger: 2 open, 48 settled

Test Suites: 170 passed, 170 total
Tests:       2678 passed, 2678 total
Snapshots:   0 total
Time:        82.362 s
Ran all test suites.
[clean-host] test OK
[clean-host] == build ==

> story-orchestrator@2.3.0 build
> webpack --mode production && node scripts/release/manifest.mjs

Browserslist: browsers data (caniuse-lite) is 12 months old. Please run:
  npx update-browserslist-db@latest
  Why you should do it regularly: https://github.com/browserslist/update-db#readme
asset [1m[33mindex.js[39m[22m [1m[33m1.51 MiB[39m[22m [1m[32m[emitted][39m[22m [1m[32m[minimized][39m[22m [1m[33m[big][39m[22m (name: main)
asset [1m[32m111.index.js[39m[22m 83.2 KiB [1m[32m[emitted][39m[22m [1m[32m[minimized][39m[22m (id hint: vendors)
orphan modules 1.45 MiB [1m[33m[orphan][39m[22m 70 modules
runtime modules 10.4 KiB 14 modules
modules by path [1m./node_modules/[39m[22m 853 KiB
  modules by path [1m./node_modules/lodash/*.js[39m[22m 187 KiB 240 modules
  modules by path [1m./node_modules/dagre/[39m[22m 77.1 KiB 30 modules
  modules by path [1m./node_modules/graphlib/[39m[22m 28 KiB 20 modules
  modules by path [1m./node_modules/style-loader/dist/runtime/*.js[39m[22m 5.84 KiB 6 modules
  modules by path [1m./node_modules/react/[39m[22m 18 KiB 4 modules
  modules by path [1m./node_modules/react-dom/[39m[22m 512 KiB 4 modules
  modules by path [1m./node_modules/scheduler/[39m[22m 10.1 KiB 2 modules
  modules by path [1m./node_modules/css-loader/dist/runtime/*.js[39m[22m 2.31 KiB 2 modules
  [1m./node_modules/cytoscape-dagre/cytoscape-dagre.js[39m[22m 12.4 KiB [1m[33m[built][39m[22m [1m[33m[code generated][39m[22m
modules by path [1m./src/[39m[22m 2.76 MiB 190 modules
[1m./package.json[39m[22m 3.57 KiB [1m[33m[built][39m[22m [1m[33m[code generated][39m[22m

[1m[33mWARNING[39m[22m in [1masset size limit: The following asset(s) exceed the recommended size limit (244 KiB).
This can impact web performance.
Assets: 
  index.js (1.51 MiB)[39m[22m

[1m[33mWARNING[39m[22m in [1mentrypoint size limit: The following entrypoint(s) combined asset size exceeds the recommended limit (244 KiB). This can impact web performance.
Entrypoints:
  main (1.51 MiB)
      index.js
[39m[22m

webpack 5.90.3 compiled with [1m[33m2 warnings[39m[22m in 32232 ms
build manifest → dist\manifest.json (bundle 8ea2c6605fdc, source d4b42c67fe23, ST 1.19.0)
[clean-host] build OK
[clean-host] == test:release ==

> story-orchestrator@2.3.0 test:release
> node --test "scripts/release/*.test.mjs"

TAP version 13
# \# current bundle 8ea2c6605fdc is not the attested 8640567721d3: the attestation's evidence does not describe it
# Subtest: the attestation records only the attested build; the current one is computed, never hand-kept
ok 1 - the attestation records only the attested build; the current one is computed, never hand-kept
  ---
  duration_ms: 12.6427
  type: 'test'
  ...
# Subtest: drift from the attested build is declared by policy, never silent
ok 2 - drift from the attested build is declared by policy, never silent
  ---
  duration_ms: 5.2155
  type: 'test'
  ...
# Subtest: the served hash is the attested hash, not a copy of it
ok 3 - the served hash is the attested hash, not a copy of it
  ---
  duration_ms: 1.5012
  type: 'test'
  ...
# Subtest: every journey J0 through J12 is accounted for, and one that never ran says so
ok 4 - every journey J0 through J12 is accounted for, and one that never ran says so
  ---
  duration_ms: 1.4959
  type: 'test'
  ...
# Subtest: every record it cites exists on disk
ok 5 - every record it cites exists on disk
  ---
  duration_ms: 8.1943
  type: 'test'
  ...
# Subtest: a PARTIAL attestation says what is not green, and a full one has nothing to say
ok 6 - a PARTIAL attestation says what is not green, and a full one has nothing to say
  ---
  duration_ms: 0.5218
  type: 'test'
  ...
# Subtest: a journey that never ran all-green is named in notGreen
ok 7 - a journey that never ran all-green is named in notGreen
  ---
  duration_ms: 0.6928
  type: 'test'
  ...
# Subtest: the status note claims 'twice' only when every journey has two recorded all-pass runs
ok 8 - the status note claims 'twice' only when every journey has two recorded all-pass runs
  ---
  duration_ms: 0.6271
  type: 'test'
  ...
# Subtest: no cited journey record is a partial (--only) run
ok 9 - no cited journey record is a partial (--only) run
  ---
  duration_ms: 99.0919
  type: 'test'
  ...
# Subtest: every cited repo path exists, or is a listed absence with a reason (rule 11)
ok 10 - every cited repo path exists, or is a listed absence with a reason (rule 11)
  ---
  duration_ms: 256.2887
  type: 'test'
  ...
# Subtest: a listed absence that now exists, or that no document cites, fails, so the list cannot rot
ok 11 - a listed absence that now exists, or that no document cites, fails, so the list cannot rot
  ---
  duration_ms: 14.0922
  type: 'test'
  ...
# Subtest: no gate record written since the replan cites .debug/, which rotates
ok 12 - no gate record written since the replan cites .debug/, which rotates
  ---
  duration_ms: 11.979
  type: 'test'
  ...
# Subtest: the citation reader: records/ shorthand, line suffixes, braces, anchors, and non-paths
ok 13 - the citation reader: records/ shorthand, line suffixes, braces, anchors, and non-paths
  ---
  duration_ms: 0.506
  type: 'test'
  ...
# Subtest: the build manifest describes the bytes actually built
ok 14 - the build manifest describes the bytes actually built
  ---
  duration_ms: 381.2512
  type: 'test'
  ...
# Subtest: the source hash is over the tree and is stable
ok 15 - the source hash is over the tree and is stable
  ---
  duration_ms: 746.5905
  type: 'test'
  ...
# Subtest: the capability list is the one the code declares
ok 16 - the capability list is the one the code declares
  ---
  duration_ms: 375.5184
  type: 'test'
  ...
# Subtest: the host section names the SillyTavern it was built against
ok 17 - the host section names the SillyTavern it was built against
  ---
  duration_ms: 382.7042
  type: 'test'
  ...
1..17
# tests 17
# suites 0
# pass 17
# fail 0
# cancelled 0
# skipped 0
# todo 0
# duration_ms 2012.5505
[clean-host] test:release OK
[clean-host] == test-storybook:ci ==

> story-orchestrator@2.3.0 test-storybook:ci
> npm run storybook:build && concurrently -k -s first -n SB,TEST "npm run serve-sb" "wait-on -t 60000 http://127.0.0.1:6006 && npm run test-storybook"


> story-orchestrator@2.3.0 storybook:build
> node node_modules/storybook/bin/index.cjs build --output-dir .sb-static --disable-telemetry

[1m@storybook/core v8.6.14
[22m
info => Cleaning outputDir: [36m.sb-static[39m
info => Loading presets
info => Building manager..
info => Manager built ([38;2;181;126;229m1.05 s[39m)
info => Building preview..
info Addon-docs: using MDX3
info => Using implicit CSS loaders
info => Using default Webpack5 setup
Browserslist: browsers data (caniuse-lite) is 12 months old. Please run:
  npx update-browserslist-db@latest
  Why you should do it regularly: https://github.com/browserslist/update-db#readme
<s> [webpack.Progress] 0% 

<s> [webpack.Progress] 1% setup before run
<s> [webpack.Progress] 1% setup before run NodeEnvironmentPlugin
<s> [webpack.Progress] 1% setup before run
<s> [webpack.Progress] 2% setup run
<s> [webpack.Progress] 2% setup run
<s> [webpack.Progress] 4% setup normal module factory
<s> [webpack.Progress] 4% setup normal module factory CaseSensitivePathsPlugin
<s> [webpack.Progress] 4% setup normal module factory
<s> [webpack.Progress] 5% setup context module factory
<s> [webpack.Progress] 5% setup context module factory
<s> [webpack.Progress] 6% setup before compile
<s> [webpack.Progress] 6% setup before compile ProgressPlugin
<s> [webpack.Progress] 6% setup before compile
<s> [webpack.Progress] 7% setup compile
<s> [webpack.Progress] 7% setup compile ExternalsPlugin
<s> [webpack.Progress] 7% setup compile ExternalsPlugin
<s> [webpack.Progress] 7% setup compile
<s> [webpack.Progress] 8% setup compilation
<s> [webpack.Progress] 8% setup compilation HtmlWebpackPlugin
<s> [webpack.Progress] 8% setup compilation unplugin-csf
<s> [webpack.Progress] 8% setup compilation ArrayPushCallbackChunkFormatPlugin
<s> [webpack.Progress] 8% setup compilation JsonpChunkLoadingPlugin
<s> [webpack.Progress] 8% setup compilation StartupChunkDependenciesPlugin
<s> [webpack.Progress] 8% setup compilation ImportScriptsChunkLoadingPlugin
<s> [webpack.Progress] 8% setup compilation FetchCompileWasmPlugin
<s> [webpack.Progress] 8% setup compilation FetchCompileAsyncWasmPlugin
<s> [webpack.Progress] 8% setup compilation WorkerPlugin
<s> [webpack.Progress] 8% setup compilation SplitChunksPlugin
<s> [webpack.Progress] 8% setup compilation RuntimeChunkPlugin
<s> [webpack.Progress] 8% setup compilation ResolverCachePlugin
<s> [webpack.Progress] 8% setup compilation
<s> [webpack.Progress] 9% setup compilation
<s> [webpack.Progress] 9% setup compilation DefinePlugin
<s> [webpack.Progress] 9% setup compilation ProvidePlugin
<s> [webpack.Progress] 9% setup compilation ProgressPlugin
<s> [webpack.Progress] 9% setup compilation ChunkPrefetchPreloadPlugin
<s> [webpack.Progress] 9% setup compilation SourceMapDevToolPlugin
<s> [webpack.Progress] 9% setup compilation JavascriptModulesPlugin
<s> [webpack.Progress] 9% setup compilation JsonModulesPlugin
<s> [webpack.Progress] 9% setup compilation AssetModulesPlugin
<s> [webpack.Progress] 9% setup compilation EntryPlugin
<s> [webpack.Progress] 9% setup compilation RuntimePlugin
<s> [webpack.Progress] 9% setup compilation InferAsyncModulesPlugin
<s> [webpack.Progress] 9% setup compilation DataUriPlugin
<s> [webpack.Progress] 9% setup compilation FileUriPlugin
<s> [webpack.Progress] 9% setup compilation CompatibilityPlugin
<s> [webpack.Progress] 9% setup compilation HarmonyModulesPlugin
<s> [webpack.Progress] 9% setup compilation AMDPlugin
<s> [webpack.Progress] 9% setup compilation RequireJsStuffPlugin
<s> [webpack.Progress] 9% setup compilation CommonJsPlugin
<s> [webpack.Progress] 9% setup compilation LoaderPlugin
<s> [webpack.Progress] 9% setup compilation LoaderPlugin
<s> [webpack.Progress] 9% setup compilation NodeStuffPlugin
<s> [webpack.Progress] 9% setup compilation APIPlugin
<s> [webpack.Progress] 9% setup compilation ExportsInfoApiPlugin
<s> [webpack.Progress] 9% setup compilation WebpackIsIncludedPlugin
<s> [webpack.Progress] 9% setup compilation ConstPlugin
<s> [webpack.Progress] 9% setup compilation UseStrictPlugin
<s> [webpack.Progress] 9% setup compilation RequireIncludePlugin
<s> [webpack.Progress] 9% setup compilation RequireEnsurePlugin
<s> [webpack.Progress] 9% setup compilation RequireContextPlugin
<s> [webpack.Progress] 9% setup compilation ImportPlugin
<s> [webpack.Progress] 9% setup compilation ImportMetaContextPlugin
<s> [webpack.Progress] 9% setup compilation SystemPlugin
<s> [webpack.Progress] 9% setup compilation ImportMetaPlugin
<s> [webpack.Progress] 9% setup compilation URLPlugin
<s> [webpack.Progress] 9% setup compilation DefaultStatsFactoryPlugin
<s> [webpack.Progress] 9% setup compilation DefaultStatsPresetPlugin
<s> [webpack.Progress] 9% setup compilation DefaultStatsPrinterPlugin
<s> [webpack.Progress] 9% setup compilation JavascriptMetaInfoPlugin
<s> [webpack.Progress] 9% setup compilation EnsureChunkConditionsPlugin
<s> [webpack.Progress] 9% setup compilation RemoveEmptyChunksPlugin
<s> [webpack.Progress] 9% setup compilation MergeDuplicateChunksPlugin
<s> [webpack.Progress] 9% setup compilation FlagIncludedChunksPlugin
<s> [webpack.Progress] 9% setup compilation SideEffectsFlagPlugin
<s> [webpack.Progress] 9% setup compilation FlagDependencyExportsPlugin
<s> [webpack.Progress] 9% setup compilation FlagDependencyUsagePlugin
<s> [webpack.Progress] 9% setup compilation InnerGraphPlugin
<s> [webpack.Progress] 9% setup compilation MangleExportsPlugin
<s> [webpack.Progress] 9% setup compilation ModuleConcatenationPlugin
<s> [webpack.Progress] 9% setup compilation NoEmitOnErrorsPlugin
<s> [webpack.Progress] 9% setup compilation RealContentHashPlugin
<s> [webpack.Progress] 9% setup compilation WasmFinalizeExportsPlugin
<s> [webpack.Progress] 9% setup compilation NamedModuleIdsPlugin
<s> [webpack.Progress] 9% setup compilation DeterministicChunkIdsPlugin
<s> [webpack.Progress] 9% setup compilation DefinePlugin
<s> [webpack.Progress] 9% setup compilation TerserPlugin
<s> [webpack.Progress] 9% setup compilation TemplatedPathPlugin
<s> [webpack.Progress] 9% setup compilation RecordIdsPlugin
<s> [webpack.Progress] 9% setup compilation WarnCaseSensitiveModulesPlugin
<s> [webpack.Progress] 9% setup compilation IgnoreWarningsPlugin
<s> [webpack.Progress] 9% setup compilation
<s> [webpack.Progress] 10% building
<s> [webpack.Progress] 10% building 0/1 entries 0/0 dependencies 0/0 modules
<s> [webpack.Progress] 10% building import loader ./node_modules/babel-loader/lib/index.js
<s> [webpack.Progress] 10% building import loader ./node_modules/@storybook/preset-react-webpack/dist/loaders/react-docgen-loader.js
<s> [webpack.Progress] 10% building 0/1 entries 1/1 dependencies 0/1 modules
info Using tsconfig paths for react-docgen
info => Copying static files: [36m..\..\..\..\webfonts[39m at [36m.sb-static\st-public\webfonts[39m
<s> [webpack.Progress] 10% building 0/1 entries 1/2 dependencies 0/1 modules
<s> [webpack.Progress] 10% building import loader ./node_modules/style-loader/dist/cjs.js
<s> [webpack.Progress] 10% building import loader ./node_modules/css-loader/dist/cjs.js
<s> [webpack.Progress] 10% building import loader ./node_modules/postcss-loader/dist/cjs.js
<s> [webpack.Progress] 10% building 0/1 entries 33/53 dependencies 6/26 modules
<s> [webpack.Progress] 10% building 0/1 entries 85/93 dependencies 15/53 modules
<s> [webpack.Progress] 12% building 0/1 entries 127/140 dependencies 39/67 modules
<s> [webpack.Progress] 12% building 0/1 entries 136/149 dependencies 42/76 modules
<s> [webpack.Progress] 14% building import loader ./node_modules/@storybook/csf-plugin/dist/webpack-loader.js
<s> [webpack.Progress] 14% building import loader ./node_modules/@storybook/builder-webpack5/dist/loaders/export-order-loader.js
<s> [webpack.Progress] 14% building 0/1 entries 249/249 dependencies 81/130 modules
<s> [webpack.Progress] 14% building 0/1 entries 266/300 dependencies 86/133 modules
<s> [webpack.Progress] 14% building 0/1 entries 300/307 dependencies 86/149 modules
<s> [webpack.Progress] 16% building 0/1 entries 396/400 dependencies 122/197 modules
<s> [webpack.Progress] 18% building 0/1 entries 496/500 dependencies 157/223 modules
<s> [webpack.Progress] 22% building 0/1 entries 887/900 dependencies 231/392 modules
<s> [webpack.Progress] 24% building 0/1 entries 1100/1167 dependencies 270/437 modules
<s> [webpack.Progress] 25% building 0/1 entries 1200/1204 dependencies 277/488 modules
<s> [webpack.Progress] 30% building 0/1 entries 1461/1500 dependencies 372/522 modules
<s> [webpack.Progress] 37% building 0/1 entries 1656/1665 dependencies 500/576 modules
<s> [webpack.Progress] 65% building 1/1 entries 1699/1699 dependencies 585/585 modules
<s> [webpack.Progress] 65% building
<s> [webpack.Progress] 69% building finish
<s> [webpack.Progress] 69% building finish
<s> [webpack.Progress] 70% sealing finish module graph
<s> [webpack.Progress] 70% sealing finish module graph ResolverCachePlugin
<s> [webpack.Progress] 70% sealing finish module graph InferAsyncModulesPlugin
<s> [webpack.Progress] 70% sealing finish module graph FlagDependencyExportsPlugin
<s> [webpack.Progress] 70% sealing finish module graph InnerGraphPlugin
<s> [webpack.Progress] 70% sealing finish module graph WasmFinalizeExportsPlugin
<s> [webpack.Progress] 70% sealing finish module graph
<s> [webpack.Progress] 70% sealing plugins
<s> [webpack.Progress] 70% sealing plugins WarnCaseSensitiveModulesPlugin
<s> [webpack.Progress] 70% sealing plugins
<s> [webpack.Progress] 71% sealing dependencies optimization
<s> [webpack.Progress] 71% sealing dependencies optimization SideEffectsFlagPlugin
<s> [webpack.Progress] 71% sealing dependencies optimization FlagDependencyUsagePlugin
<s> [webpack.Progress] 71% sealing dependencies optimization
<s> [webpack.Progress] 71% sealing after dependencies optimization
<s> [webpack.Progress] 71% sealing after dependencies optimization
<s> [webpack.Progress] 72% sealing chunk graph
<s> [webpack.Progress] 72% sealing chunk graph
<s> [webpack.Progress] 73% sealing after chunk graph
<s> [webpack.Progress] 73% sealing after chunk graph
<s> [webpack.Progress] 73% sealing optimizing
<s> [webpack.Progress] 73% sealing optimizing
<s> [webpack.Progress] 74% sealing module optimization
<s> [webpack.Progress] 74% sealing module optimization
<s> [webpack.Progress] 75% sealing after module optimization
<s> [webpack.Progress] 75% sealing after module optimization
<s> [webpack.Progress] 75% sealing chunk optimization
<s> [webpack.Progress] 75% sealing chunk optimization EnsureChunkConditionsPlugin
<s> [webpack.Progress] 75% sealing chunk optimization RemoveEmptyChunksPlugin
<s> [webpack.Progress] 75% sealing chunk optimization MergeDuplicateChunksPlugin
<s> [webpack.Progress] 75% sealing chunk optimization SplitChunksPlugin
<s> [webpack.Progress] 75% sealing chunk optimization RemoveEmptyChunksPlugin
<s> [webpack.Progress] 75% sealing chunk optimization
<s> [webpack.Progress] 76% sealing after chunk optimization
<s> [webpack.Progress] 76% sealing after chunk optimization
<s> [webpack.Progress] 77% sealing module and chunk tree optimization
<s> [webpack.Progress] 77% sealing module and chunk tree optimization PersistentChildCompilerSingletonPlugin
<s> [webpack.Progress] 77% sealing module and chunk tree optimization
<s> [webpack.Progress] 77% sealing after module and chunk tree optimization
<s> [webpack.Progress] 77% sealing after module and chunk tree optimization
<s> [webpack.Progress] 78% sealing chunk modules optimization
<s> [webpack.Progress] 78% sealing chunk modules optimization ModuleConcatenationPlugin
<s> [webpack.Progress] 78% sealing chunk modules optimization
<s> [webpack.Progress] 78% sealing after chunk modules optimization
<s> [webpack.Progress] 78% sealing after chunk modules optimization
<s> [webpack.Progress] 79% sealing module reviving
<s> [webpack.Progress] 79% sealing module reviving RecordIdsPlugin
<s> [webpack.Progress] 79% sealing module reviving
<s> [webpack.Progress] 80% sealing before module ids
<s> [webpack.Progress] 80% sealing before module ids
<s> [webpack.Progress] 80% sealing module ids
<s> [webpack.Progress] 80% sealing module ids NamedModuleIdsPlugin
<s> [webpack.Progress] 80% sealing module ids
<s> [webpack.Progress] 81% sealing module id optimization
<s> [webpack.Progress] 81% sealing module id optimization
<s> [webpack.Progress] 82% sealing module id optimization
<s> [webpack.Progress] 82% sealing module id optimization
<s> [webpack.Progress] 82% sealing chunk reviving
<s> [webpack.Progress] 82% sealing chunk reviving RecordIdsPlugin
<s> [webpack.Progress] 82% sealing chunk reviving
<s> [webpack.Progress] 83% sealing before chunk ids
<s> [webpack.Progress] 83% sealing before chunk ids
<s> [webpack.Progress] 84% sealing chunk ids
<s> [webpack.Progress] 84% sealing chunk ids DeterministicChunkIdsPlugin
<s> [webpack.Progress] 84% sealing chunk ids
<s> [webpack.Progress] 84% sealing chunk id optimization
<s> [webpack.Progress] 84% sealing chunk id optimization FlagIncludedChunksPlugin
<s> [webpack.Progress] 84% sealing chunk id optimization
<s> [webpack.Progress] 85% sealing after chunk id optimization
<s> [webpack.Progress] 85% sealing after chunk id optimization
<s> [webpack.Progress] 86% sealing record modules
<s> [webpack.Progress] 86% sealing record modules RecordIdsPlugin
<s> [webpack.Progress] 86% sealing record modules
<s> [webpack.Progress] 86% sealing record chunks
<s> [webpack.Progress] 86% sealing record chunks RecordIdsPlugin
<s> [webpack.Progress] 86% sealing record chunks
<s> [webpack.Progress] 87% sealing module hashing
<s> [webpack.Progress] 87% sealing module hashing
<s> [webpack.Progress] 87% sealing code generation
<s> [webpack.Progress] 87% sealing code generation
<s> [webpack.Progress] 88% sealing runtime requirements
<s> [webpack.Progress] 88% sealing runtime requirements
<s> [webpack.Progress] 89% sealing hashing
<s> [webpack.Progress] 89% sealing hashing
<s> [webpack.Progress] 89% sealing after hashing
<s> [webpack.Progress] 89% sealing after hashing
<s> [webpack.Progress] 90% sealing record hash
<s> [webpack.Progress] 90% sealing record hash
<s> [webpack.Progress] 91% sealing module assets processing
<s> [webpack.Progress] 91% sealing module assets processing
<s> [webpack.Progress] 91% sealing chunk assets processing
<s> [webpack.Progress] 91% sealing chunk assets processing
<s> [webpack.Progress] 92% sealing asset processing
<s> [webpack.Progress] 92% sealing asset processing PersistentChildCompilerSingletonPlugin
<s> [webpack.Progress] 92% sealing asset processing TerserPlugin
<s> [webpack.Progress] 92% sealing asset processing SourceMapDevToolPlugin
<s> [webpack.Progress] 92% sealing asset processing SourceMapDevToolPlugin
<s> [webpack.Progress] 92% sealing asset processing SourceMapDevToolPlugin main.d08dd759.iframe.bundle.js generate SourceMap
<s> [webpack.Progress] 92% sealing asset processing SourceMapDevToolPlugin main.d08dd759.iframe.bundle.js generated SourceMap
<s> [webpack.Progress] 92% sealing asset processing SourceMapDevToolPlugin runtime~main.acd8400f.iframe.bundle.js generate SourceMap
<s> [webpack.Progress] 92% sealing asset processing SourceMapDevToolPlugin runtime~main.acd8400f.iframe.bundle.js generated SourceMap
<s> [webpack.Progress] 92% sealing asset processing SourceMapDevToolPlugin components-drawer-ConflictQueue-stories.f9e5675d.iframe.bundle.js generate SourceMap
<s> [webpack.Progress] 92% sealing asset processing SourceMapDevToolPlugin components-drawer-ConflictQueue-stories.f9e5675d.iframe.bundle.js generated SourceMap
<s> [webpack.Progress] 92% sealing asset processing SourceMapDevToolPlugin components-drawer-DrawerTabs-stories.75d59876.iframe.bundle.js generate SourceMap
<s> [webpack.Progress] 92% sealing asset processing SourceMapDevToolPlugin components-drawer-DrawerTabs-stories.75d59876.iframe.bundle.js generated SourceMap
<s> [webpack.Progress] 92% sealing asset processing SourceMapDevToolPlugin components-drawer-DriverPanel-stories.1be909bb.iframe.bundle.js generate SourceMap
<s> [webpack.Progress] 92% sealing asset processing SourceMapDevToolPlugin components-drawer-DriverPanel-stories.1be909bb.iframe.bundle.js generated SourceMap
<s> [webpack.Progress] 92% sealing asset processing SourceMapDevToolPlugin components-drawer-HudStrip-stories.1ed8b6aa.iframe.bundle.js generate SourceMap
<s> [webpack.Progress] 92% sealing asset processing SourceMapDevToolPlugin components-drawer-HudStrip-stories.1ed8b6aa.iframe.bundle.js generated SourceMap
<s> [webpack.Progress] 92% sealing asset processing SourceMapDevToolPlugin components-drawer-PlayerOverview-stories.fe564e48.iframe.bundle.js generate SourceMap
<s> [webpack.Progress] 92% sealing asset processing SourceMapDevToolPlugin components-drawer-PlayerOverview-stories.fe564e48.iframe.bundle.js generated SourceMap
<s> [webpack.Progress] 92% sealing asset processing SourceMapDevToolPlugin components-drawer-StagecraftPanel-stories.9a8bc362.iframe.bundle.js generate SourceMap
<s> [webpack.Progress] 92% sealing asset processing SourceMapDevToolPlugin components-drawer-StagecraftPanel-stories.9a8bc362.iframe.bundle.js generated SourceMap
<s> [webpack.Progress] 92% sealing asset processing SourceMapDevToolPlugin components-settings-CapabilitiesGroup-stories.cb6288fd.iframe.bundle.js generate SourceMap
<s> [webpack.Progress] 92% sealing asset processing SourceMapDevToolPlugin components-settings-CapabilitiesGroup-stories.cb6288fd.iframe.bundle.js generated SourceMap
<s> [webpack.Progress] 92% sealing asset processing SourceMapDevToolPlugin components-settings-EntryPoints-stories.959f32ec.iframe.bundle.js generate SourceMap
<s> [webpack.Progress] 92% sealing asset processing SourceMapDevToolPlugin components-settings-EntryPoints-stories.959f32ec.iframe.bundle.js generated SourceMap
<s> [webpack.Progress] 92% sealing asset processing SourceMapDevToolPlugin components-settings-JudgeSettingsGroup-stories.e2251893.iframe.bundle.js generate SourceMap
<s> [webpack.Progress] 92% sealing asset processing SourceMapDevToolPlugin components-settings-JudgeSettingsGroup-stories.e2251893.iframe.bundle.js generated SourceMap
<s> [webpack.Progress] 92% sealing asset processing SourceMapDevToolPlugin components-studio-FeedbackAlert-stories.e8dae4c6.iframe.bundle.js generate SourceMap
<s> [webpack.Progress] 92% sealing asset processing SourceMapDevToolPlugin components-studio-FeedbackAlert-stories.e8dae4c6.iframe.bundle.js generated SourceMap
<s> [webpack.Progress] 92% sealing asset processing SourceMapDevToolPlugin components-studio-GraphPanel-stories.66815340.iframe.bundle.js generate SourceMap
<s> [webpack.Progress] 92% sealing asset processing SourceMapDevToolPlugin components-studio-GraphPanel-stories.66815340.iframe.bundle.js generated SourceMap
<s> [webpack.Progress] 92% sealing asset processing SourceMapDevToolPlugin components-studio-HelpTooltip-stories.ba0a7aa0.iframe.bundle.js generate SourceMap
<s> [webpack.Progress] 92% sealing asset processing SourceMapDevToolPlugin components-studio-HelpTooltip-stories.ba0a7aa0.iframe.bundle.js generated SourceMap
<s> [webpack.Progress] 92% sealing asset processing SourceMapDevToolPlugin components-studio-MultiSelect-stories.a65e46eb.iframe.bundle.js generate SourceMap
<s> [webpack.Progress] 92% sealing asset processing SourceMapDevToolPlugin components-studio-MultiSelect-stories.a65e46eb.iframe.bundle.js generated SourceMap
<s> [webpack.Progress] 92% sealing asset processing SourceMapDevToolPlugin components-studio-Toolbar-stories.685003b1.iframe.bundle.js generate SourceMap
<s> [webpack.Progress] 92% sealing asset processing SourceMapDevToolPlugin components-studio-Toolbar-stories.685003b1.iframe.bundle.js generated SourceMap
<s> [webpack.Progress] 92% sealing asset processing SourceMapDevToolPlugin studio-StudioModal-stories.79370ff5.iframe.bundle.js generate SourceMap
<s> [webpack.Progress] 92% sealing asset processing SourceMapDevToolPlugin studio-StudioModal-stories.79370ff5.iframe.bundle.js generated SourceMap
<s> [webpack.Progress] 92% sealing asset processing SourceMapDevToolPlugin studio-components-AgencyEditor-stories.1319955f.iframe.bundle.js generate SourceMap
<s> [webpack.Progress] 92% sealing asset processing SourceMapDevToolPlugin studio-components-AgencyEditor-stories.1319955f.iframe.bundle.js generated SourceMap
<s> [webpack.Progress] 92% sealing asset processing SourceMapDevToolPlugin studio-components-CheckpointEditor-stories.015c4b9f.iframe.bundle.js generate SourceMap
<s> [webpack.Progress] 92% sealing asset processing SourceMapDevToolPlugin studio-components-CheckpointEditor-stories.015c4b9f.iframe.bundle.js generated SourceMap
<s> [webpack.Progress] 92% sealing asset processing SourceMapDevToolPlugin studio-components-DiagnosticsPanel-stories.7f0d1e45.iframe.bundle.js generate SourceMap
<s> [webpack.Progress] 92% sealing asset processing SourceMapDevToolPlugin studio-components-DiagnosticsPanel-stories.7f0d1e45.iframe.bundle.js generated SourceMap
<s> [webpack.Progress] 92% sealing asset processing SourceMapDevToolPlugin studio-components-GateBuilder-stories.7e2cfd51.iframe.bundle.js generate SourceMap
<s> [webpack.Progress] 92% sealing asset processing SourceMapDevToolPlugin studio-components-GateBuilder-stories.7e2cfd51.iframe.bundle.js generated SourceMap
<s> [webpack.Progress] 92% sealing asset processing SourceMapDevToolPlugin studio-components-ProposalReview-stories.ee1b8043.iframe.bundle.js generate SourceMap
<s> [webpack.Progress] 92% sealing asset processing SourceMapDevToolPlugin studio-components-ProposalReview-stories.ee1b8043.iframe.bundle.js generated SourceMap
<s> [webpack.Progress] 92% sealing asset processing SourceMapDevToolPlugin studio-components-ProvisioningCard-stories.ae9d638b.iframe.bundle.js generate SourceMap
<s> [webpack.Progress] 92% sealing asset processing SourceMapDevToolPlugin studio-components-ProvisioningCard-stories.ae9d638b.iframe.bundle.js generated SourceMap
<s> [webpack.Progress] 92% sealing asset processing SourceMapDevToolPlugin studio-components-QualityEditor-stories.e02a30e4.iframe.bundle.js generate SourceMap
<s> [webpack.Progress] 92% sealing asset processing SourceMapDevToolPlugin studio-components-QualityEditor-stories.e02a30e4.iframe.bundle.js generated SourceMap
<s> [webpack.Progress] 92% sealing asset processing SourceMapDevToolPlugin studio-components-RosterEditor-stories.e4466aa9.iframe.bundle.js generate SourceMap
<s> [webpack.Progress] 92% sealing asset processing SourceMapDevToolPlugin studio-components-RosterEditor-stories.e4466aa9.iframe.bundle.js generated SourceMap
<s> [webpack.Progress] 92% sealing asset processing SourceMapDevToolPlugin studio-components-ScopePreview-stories.0b28a4ad.iframe.bundle.js generate SourceMap
<s> [webpack.Progress] 92% sealing asset processing SourceMapDevToolPlugin studio-components-ScopePreview-stories.0b28a4ad.iframe.bundle.js generated SourceMap
<s> [webpack.Progress] 92% sealing asset processing SourceMapDevToolPlugin studio-components-StoryEditor-stories.e507a33b.iframe.bundle.js generate SourceMap
<s> [webpack.Progress] 92% sealing asset processing SourceMapDevToolPlugin studio-components-StoryEditor-stories.e507a33b.iframe.bundle.js generated SourceMap
<s> [webpack.Progress] 92% sealing asset processing SourceMapDevToolPlugin studio-components-StudioCopilot-stories.071c6a8b.iframe.bundle.js generate SourceMap
<s> [webpack.Progress] 92% sealing asset processing SourceMapDevToolPlugin studio-components-StudioCopilot-stories.071c6a8b.iframe.bundle.js generated SourceMap
<s> [webpack.Progress] 92% sealing asset processing SourceMapDevToolPlugin studio-components-StudioGraph-stories.a2a9b60d.iframe.bundle.js generate SourceMap
<s> [webpack.Progress] 92% sealing asset processing SourceMapDevToolPlugin studio-components-StudioGraph-stories.a2a9b60d.iframe.bundle.js generated SourceMap
<s> [webpack.Progress] 92% sealing asset processing SourceMapDevToolPlugin studio-components-StudioToolbar-stories.6dfa8d96.iframe.bundle.js generate SourceMap
<s> [webpack.Progress] 92% sealing asset processing SourceMapDevToolPlugin studio-components-StudioToolbar-stories.6dfa8d96.iframe.bundle.js generated SourceMap
<s> [webpack.Progress] 92% sealing asset processing SourceMapDevToolPlugin studio-components-TalkControlEditor-stories.ea517448.iframe.bundle.js generate SourceMap
<s> [webpack.Progress] 92% sealing asset processing SourceMapDevToolPlugin studio-components-TalkControlEditor-stories.ea517448.iframe.bundle.js generated SourceMap
<s> [webpack.Progress] 92% sealing asset processing SourceMapDevToolPlugin studio-components-TransitionEditor-stories.6492ff1e.iframe.bundle.js generate SourceMap
<s> [webpack.Progress] 92% sealing asset processing SourceMapDevToolPlugin studio-components-TransitionEditor-stories.6492ff1e.iframe.bundle.js generated SourceMap
<s> [webpack.Progress] 92% sealing asset processing SourceMapDevToolPlugin studio-components-WizardQuestions-stories.dce8d344.iframe.bundle.js generate SourceMap
<s> [webpack.Progress] 92% sealing asset processing SourceMapDevToolPlugin studio-components-WizardQuestions-stories.dce8d344.iframe.bundle.js generated SourceMap
<s> [webpack.Progress] 92% sealing asset processing SourceMapDevToolPlugin 5161.310fa4f7.iframe.bundle.js generate SourceMap
<s> [webpack.Progress] 92% sealing asset processing SourceMapDevToolPlugin 5161.310fa4f7.iframe.bundle.js generated SourceMap
<s> [webpack.Progress] 92% sealing asset processing SourceMapDevToolPlugin 8735.4508f4c6.iframe.bundle.js generate SourceMap
<s> [webpack.Progress] 92% sealing asset processing SourceMapDevToolPlugin 8735.4508f4c6.iframe.bundle.js generated SourceMap
<s> [webpack.Progress] 92% sealing asset processing SourceMapDevToolPlugin 8980.2cbfb706.iframe.bundle.js generate SourceMap
<s> [webpack.Progress] 92% sealing asset processing SourceMapDevToolPlugin 8980.2cbfb706.iframe.bundle.js generated SourceMap
<s> [webpack.Progress] 92% sealing asset processing SourceMapDevToolPlugin 8609.cb3b8f2f.iframe.bundle.js generate SourceMap
<s> [webpack.Progress] 92% sealing asset processing SourceMapDevToolPlugin 8609.cb3b8f2f.iframe.bundle.js generated SourceMap
<s> [webpack.Progress] 92% sealing asset processing SourceMapDevToolPlugin 9646.f5339be5.iframe.bundle.js generate SourceMap
<s> [webpack.Progress] 92% sealing asset processing SourceMapDevToolPlugin 9646.f5339be5.iframe.bundle.js generated SourceMap
<s> [webpack.Progress] 92% sealing asset processing SourceMapDevToolPlugin 5111.eea4df1b.iframe.bundle.js generate SourceMap
<s> [webpack.Progress] 92% sealing asset processing SourceMapDevToolPlugin 5111.eea4df1b.iframe.bundle.js generated SourceMap
<s> [webpack.Progress] 92% sealing asset processing SourceMapDevToolPlugin 7648.c657ea18.iframe.bundle.js generate SourceMap
<s> [webpack.Progress] 92% sealing asset processing SourceMapDevToolPlugin 7648.c657ea18.iframe.bundle.js generated SourceMap
<s> [webpack.Progress] 92% sealing asset processing SourceMapDevToolPlugin 7364.7815d062.iframe.bundle.js generate SourceMap
<s> [webpack.Progress] 92% sealing asset processing SourceMapDevToolPlugin 7364.7815d062.iframe.bundle.js generated SourceMap
<s> [webpack.Progress] 92% sealing asset processing SourceMapDevToolPlugin 8936.0f7dee6b.iframe.bundle.js generate SourceMap
<s> [webpack.Progress] 92% sealing asset processing SourceMapDevToolPlugin 8936.0f7dee6b.iframe.bundle.js generated SourceMap
<s> [webpack.Progress] 92% sealing asset processing SourceMapDevToolPlugin 7995.b4c300fc.iframe.bundle.js generate SourceMap
<s> [webpack.Progress] 92% sealing asset processing SourceMapDevToolPlugin 7995.b4c300fc.iframe.bundle.js generated SourceMap
<s> [webpack.Progress] 92% sealing asset processing SourceMapDevToolPlugin 8355.d1f70cbc.iframe.bundle.js generate SourceMap
<s> [webpack.Progress] 92% sealing asset processing SourceMapDevToolPlugin 8355.d1f70cbc.iframe.bundle.js generated SourceMap
<s> [webpack.Progress] 92% sealing asset processing SourceMapDevToolPlugin 9878.c01dffbd.iframe.bundle.js generate SourceMap
<s> [webpack.Progress] 92% sealing asset processing SourceMapDevToolPlugin 9878.c01dffbd.iframe.bundle.js generated SourceMap
<s> [webpack.Progress] 92% sealing asset processing SourceMapDevToolPlugin 7011.7684d7cc.iframe.bundle.js generate SourceMap
<s> [webpack.Progress] 92% sealing asset processing SourceMapDevToolPlugin 7011.7684d7cc.iframe.bundle.js generated SourceMap
<s> [webpack.Progress] 92% sealing asset processing SourceMapDevToolPlugin 2031.d593d9f0.iframe.bundle.js generate SourceMap
<s> [webpack.Progress] 92% sealing asset processing SourceMapDevToolPlugin 2031.d593d9f0.iframe.bundle.js generated SourceMap
<s> [webpack.Progress] 92% sealing asset processing SourceMapDevToolPlugin 8879.e466bbc7.iframe.bundle.js generate SourceMap
<s> [webpack.Progress] 92% sealing asset processing SourceMapDevToolPlugin 8879.e466bbc7.iframe.bundle.js generated SourceMap
<s> [webpack.Progress] 92% sealing asset processing SourceMapDevToolPlugin 7059.0bd87db3.iframe.bundle.js generate SourceMap
<s> [webpack.Progress] 92% sealing asset processing SourceMapDevToolPlugin 7059.0bd87db3.iframe.bundle.js generated SourceMap
<s> [webpack.Progress] 92% sealing asset processing SourceMapDevToolPlugin 8439.4f09c9d1.iframe.bundle.js generate SourceMap
<s> [webpack.Progress] 92% sealing asset processing SourceMapDevToolPlugin 8439.4f09c9d1.iframe.bundle.js generated SourceMap
<s> [webpack.Progress] 92% sealing asset processing SourceMapDevToolPlugin 3615.6e350f62.iframe.bundle.js generate SourceMap
<s> [webpack.Progress] 92% sealing asset processing SourceMapDevToolPlugin 3615.6e350f62.iframe.bundle.js generated SourceMap
<s> [webpack.Progress] 92% sealing asset processing SourceMapDevToolPlugin 6788.8d8e4471.iframe.bundle.js generate SourceMap
<s> [webpack.Progress] 92% sealing asset processing SourceMapDevToolPlugin 6788.8d8e4471.iframe.bundle.js generated SourceMap
<s> [webpack.Progress] 92% sealing asset processing SourceMapDevToolPlugin 8778.862b6e88.iframe.bundle.js generate SourceMap
<s> [webpack.Progress] 92% sealing asset processing SourceMapDevToolPlugin 8778.862b6e88.iframe.bundle.js generated SourceMap
<s> [webpack.Progress] 92% sealing asset processing SourceMapDevToolPlugin 7487.c98a9e0e.iframe.bundle.js generate SourceMap
<s> [webpack.Progress] 92% sealing asset processing SourceMapDevToolPlugin 7487.c98a9e0e.iframe.bundle.js generated SourceMap
<s> [webpack.Progress] 92% sealing asset processing SourceMapDevToolPlugin 5131.e1386ea9.iframe.bundle.js generate SourceMap
<s> [webpack.Progress] 92% sealing asset processing SourceMapDevToolPlugin 5131.e1386ea9.iframe.bundle.js generated SourceMap
<s> [webpack.Progress] 92% sealing asset processing SourceMapDevToolPlugin 5605.73b2ff21.iframe.bundle.js generate SourceMap
<s> [webpack.Progress] 92% sealing asset processing SourceMapDevToolPlugin 5605.73b2ff21.iframe.bundle.js generated SourceMap
<s> [webpack.Progress] 92% sealing asset processing SourceMapDevToolPlugin 7078.71f6b33b.iframe.bundle.js generate SourceMap
<s> [webpack.Progress] 92% sealing asset processing SourceMapDevToolPlugin 7078.71f6b33b.iframe.bundle.js generated SourceMap
<s> [webpack.Progress] 92% sealing asset processing SourceMapDevToolPlugin 3256.f6228f1e.iframe.bundle.js generate SourceMap
<s> [webpack.Progress] 92% sealing asset processing SourceMapDevToolPlugin 3256.f6228f1e.iframe.bundle.js generated SourceMap
<s> [webpack.Progress] 92% sealing asset processing SourceMapDevToolPlugin 7656.9f6164ae.iframe.bundle.js generate SourceMap
<s> [webpack.Progress] 92% sealing asset processing SourceMapDevToolPlugin 7656.9f6164ae.iframe.bundle.js generated SourceMap
<s> [webpack.Progress] 92% sealing asset processing SourceMapDevToolPlugin 5804.11938e76.iframe.bundle.js generate SourceMap
<s> [webpack.Progress] 92% sealing asset processing SourceMapDevToolPlugin 5804.11938e76.iframe.bundle.js generated SourceMap
<s> [webpack.Progress] 92% sealing asset processing SourceMapDevToolPlugin 410.0d73dc15.iframe.bundle.js generate SourceMap
<s> [webpack.Progress] 92% sealing asset processing SourceMapDevToolPlugin 410.0d73dc15.iframe.bundle.js generated SourceMap
<s> [webpack.Progress] 92% sealing asset processing SourceMapDevToolPlugin resolve sources
<s> [webpack.Progress] 92% sealing asset processing SourceMapDevToolPlugin 8355.d1f70cbc.iframe.bundle.js attach SourceMap
<s> [webpack.Progress] 92% sealing asset processing SourceMapDevToolPlugin 8355.d1f70cbc.iframe.bundle.js attached SourceMap
<s> [webpack.Progress] 92% sealing asset processing SourceMapDevToolPlugin 9878.c01dffbd.iframe.bundle.js attach SourceMap
<s> [webpack.Progress] 92% sealing asset processing SourceMapDevToolPlugin 9878.c01dffbd.iframe.bundle.js attached SourceMap
<s> [webpack.Progress] 92% sealing asset processing SourceMapDevToolPlugin
<s> [webpack.Progress] 92% sealing asset processing SourceMapDevToolPlugin
<s> [webpack.Progress] 92% sealing asset processing SourceMapDevToolPlugin resolve sources
<s> [webpack.Progress] 92% sealing asset processing SourceMapDevToolPlugin
<s> [webpack.Progress] 92% sealing asset processing HtmlWebpackPlugin
<s> [webpack.Progress] 92% sealing asset processing HtmlWebpackPlugin
<s> [webpack.Progress] 92% sealing asset processing HtmlWebpackPlugin resolve sources
<s> [webpack.Progress] 92% sealing asset processing HtmlWebpackPlugin
<s> [webpack.Progress] 92% sealing asset processing RealContentHashPlugin
<s> [webpack.Progress] 92% sealing asset processing RealContentHashPlugin
<s> [webpack.Progress] 92% sealing asset processing RealContentHashPlugin main.23adfa9c.iframe.bundle.js generate SourceMap
<s> [webpack.Progress] 92% sealing asset processing RealContentHashPlugin main.23adfa9c.iframe.bundle.js generated SourceMap
<s> [webpack.Progress] 92% sealing asset processing RealContentHashPlugin runtime~main.e166d449.iframe.bundle.js generate SourceMap
<s> [webpack.Progress] 92% sealing asset processing RealContentHashPlugin runtime~main.e166d449.iframe.bundle.js generated SourceMap
<s> [webpack.Progress] 92% sealing asset processing RealContentHashPlugin components-drawer-ConflictQueue-stories.1f5473ad.iframe.bundle.js generate SourceMap
<s> [webpack.Progress] 92% sealing asset processing RealContentHashPlugin components-drawer-ConflictQueue-stories.1f5473ad.iframe.bundle.js generated SourceMap
<s> [webpack.Progress] 92% sealing asset processing RealContentHashPlugin components-drawer-DrawerTabs-stories.73acbfe1.iframe.bundle.js generate SourceMap
<s> [webpack.Progress] 92% sealing asset processing RealContentHashPlugin components-drawer-DrawerTabs-stories.73acbfe1.iframe.bundle.js generated SourceMap
<s> [webpack.Progress] 92% sealing asset processing RealContentHashPlugin components-studio-GraphPanel-stories.4e387675.iframe.bundle.js generate SourceMap
<s> [webpack.Progress] 92% sealing asset processing RealContentHashPlugin components-studio-GraphPanel-stories.4e387675.iframe.bundle.js generated SourceMap
<s> [webpack.Progress] 92% sealing asset processing RealContentHashPlugin studio-components-StudioGraph-stories.b651b5c2.iframe.bundle.js generate SourceMap
<s> [webpack.Progress] 92% sealing asset processing RealContentHashPlugin studio-components-StudioGraph-stories.b651b5c2.iframe.bundle.js generated SourceMap
<s> [webpack.Progress] 92% sealing asset processing RealContentHashPlugin 8980.a08a5579.iframe.bundle.js generate SourceMap
<s> [webpack.Progress] 92% sealing asset processing RealContentHashPlugin 8980.a08a5579.iframe.bundle.js generated SourceMap
<s> [webpack.Progress] 92% sealing asset processing RealContentHashPlugin 9646.6815da89.iframe.bundle.js generate SourceMap
<s> [webpack.Progress] 92% sealing asset processing RealContentHashPlugin 9646.6815da89.iframe.bundle.js generated SourceMap
<s> [webpack.Progress] 92% sealing asset processing RealContentHashPlugin 5111.22ca1a07.iframe.bundle.js generate SourceMap
<s> [webpack.Progress] 92% sealing asset processing RealContentHashPlugin 5111.22ca1a07.iframe.bundle.js generated SourceMap
<s> [webpack.Progress] 92% sealing asset processing RealContentHashPlugin 7648.70275dc2.iframe.bundle.js generate SourceMap
<s> [webpack.Progress] 92% sealing asset processing RealContentHashPlugin 7648.70275dc2.iframe.bundle.js generated SourceMap
<s> [webpack.Progress] 92% sealing asset processing RealContentHashPlugin 7364.f423c2b1.iframe.bundle.js generate SourceMap
<s> [webpack.Progress] 92% sealing asset processing RealContentHashPlugin 7364.f423c2b1.iframe.bundle.js generated SourceMap
<s> [webpack.Progress] 92% sealing asset processing RealContentHashPlugin 8936.c414bade.iframe.bundle.js generate SourceMap
<s> [webpack.Progress] 92% sealing asset processing RealContentHashPlugin 8936.c414bade.iframe.bundle.js generated SourceMap
<s> [webpack.Progress] 92% sealing asset processing RealContentHashPlugin 7011.0d18faf3.iframe.bundle.js generate SourceMap
<s> [webpack.Progress] 92% sealing asset processing RealContentHashPlugin 7011.0d18faf3.iframe.bundle.js generated SourceMap
<s> [webpack.Progress] 92% sealing asset processing RealContentHashPlugin 2031.51e43360.iframe.bundle.js generate SourceMap
<s> [webpack.Progress] 92% sealing asset processing RealContentHashPlugin 2031.51e43360.iframe.bundle.js generated SourceMap
<s> [webpack.Progress] 92% sealing asset processing RealContentHashPlugin 8879.7d04c55a.iframe.bundle.js generate SourceMap
<s> [webpack.Progress] 92% sealing asset processing RealContentHashPlugin 8879.7d04c55a.iframe.bundle.js generated SourceMap
<s> [webpack.Progress] 92% sealing asset processing RealContentHashPlugin 7059.f7a3eebc.iframe.bundle.js generate SourceMap
<s> [webpack.Progress] 92% sealing asset processing RealContentHashPlugin 7059.f7a3eebc.iframe.bundle.js generated SourceMap
<s> [webpack.Progress] 92% sealing asset processing RealContentHashPlugin 8439.325d64af.iframe.bundle.js generate SourceMap
<s> [webpack.Progress] 92% sealing asset processing RealContentHashPlugin 8439.325d64af.iframe.bundle.js generated SourceMap
<s> [webpack.Progress] 92% sealing asset processing RealContentHashPlugin 3615.6a0b5e27.iframe.bundle.js generate SourceMap
<s> [webpack.Progress] 92% sealing asset processing RealContentHashPlugin 3615.6a0b5e27.iframe.bundle.js generated SourceMap
<s> [webpack.Progress] 92% sealing asset processing RealContentHashPlugin 6788.0460a502.iframe.bundle.js generate SourceMap
<s> [webpack.Progress] 92% sealing asset processing RealContentHashPlugin 6788.0460a502.iframe.bundle.js generated SourceMap
<s> [webpack.Progress] 92% sealing asset processing RealContentHashPlugin 7487.74b45694.iframe.bundle.js generate SourceMap
<s> [webpack.Progress] 92% sealing asset processing RealContentHashPlugin 7487.74b45694.iframe.bundle.js generated SourceMap
<s> [webpack.Progress] 92% sealing asset processing RealContentHashPlugin 5131.34109e64.iframe.bundle.js generate SourceMap
<s> [webpack.Progress] 92% sealing asset processing RealContentHashPlugin 5131.34109e64.iframe.bundle.js generated SourceMap
<s> [webpack.Progress] 92% sealing asset processing RealContentHashPlugin 5605.5d702780.iframe.bundle.js generate SourceMap
<s> [webpack.Progress] 92% sealing asset processing RealContentHashPlugin 5605.5d702780.iframe.bundle.js generated SourceMap
<s> [webpack.Progress] 92% sealing asset processing RealContentHashPlugin 7078.4a40e514.iframe.bundle.js generate SourceMap
<s> [webpack.Progress] 92% sealing asset processing RealContentHashPlugin 7078.4a40e514.iframe.bundle.js generated SourceMap
<s> [webpack.Progress] 92% sealing asset processing RealContentHashPlugin 3256.62f23488.iframe.bundle.js generate SourceMap
<s> [webpack.Progress] 92% sealing asset processing RealContentHashPlugin 3256.62f23488.iframe.bundle.js generated SourceMap
<s> [webpack.Progress] 92% sealing asset processing RealContentHashPlugin 7656.21838414.iframe.bundle.js generate SourceMap
<s> [webpack.Progress] 92% sealing asset processing RealContentHashPlugin 7656.21838414.iframe.bundle.js generated SourceMap
<s> [webpack.Progress] 92% sealing asset processing RealContentHashPlugin 5804.96fabfe0.iframe.bundle.js generate SourceMap
<s> [webpack.Progress] 92% sealing asset processing RealContentHashPlugin 5804.96fabfe0.iframe.bundle.js generated SourceMap
<s> [webpack.Progress] 92% sealing asset processing RealContentHashPlugin 410.72d15f93.iframe.bundle.js generate SourceMap
<s> [webpack.Progress] 92% sealing asset processing RealContentHashPlugin 410.72d15f93.iframe.bundle.js generated SourceMap
<s> [webpack.Progress] 92% sealing asset processing RealContentHashPlugin components-drawer-DriverPanel-stories.131f6f0e.iframe.bundle.js generate SourceMap
<s> [webpack.Progress] 92% sealing asset processing RealContentHashPlugin components-drawer-DriverPanel-stories.131f6f0e.iframe.bundle.js generated SourceMap
<s> [webpack.Progress] 92% sealing asset processing RealContentHashPlugin components-drawer-HudStrip-stories.71d0a3f9.iframe.bundle.js generate SourceMap
<s> [webpack.Progress] 92% sealing asset processing RealContentHashPlugin components-drawer-HudStrip-stories.71d0a3f9.iframe.bundle.js generated SourceMap
<s> [webpack.Progress] 92% sealing asset processing RealContentHashPlugin components-drawer-PlayerOverview-stories.a3d7a437.iframe.bundle.js generate SourceMap
<s> [webpack.Progress] 92% sealing asset processing RealContentHashPlugin components-drawer-PlayerOverview-stories.a3d7a437.iframe.bundle.js generated SourceMap
<s> [webpack.Progress] 92% sealing asset processing RealContentHashPlugin components-drawer-StagecraftPanel-stories.7566f357.iframe.bundle.js generate SourceMap
<s> [webpack.Progress] 92% sealing asset processing RealContentHashPlugin components-drawer-StagecraftPanel-stories.7566f357.iframe.bundle.js generated SourceMap
<s> [webpack.Progress] 92% sealing asset processing RealContentHashPlugin components-settings-CapabilitiesGroup-stories.780bb9cd.iframe.bundle.js generate SourceMap
<s> [webpack.Progress] 92% sealing asset processing RealContentHashPlugin components-settings-CapabilitiesGroup-stories.780bb9cd.iframe.bundle.js generated SourceMap
<s> [webpack.Progress] 92% sealing asset processing RealContentHashPlugin components-settings-EntryPoints-stories.b0749803.iframe.bundle.js generate SourceMap
<s> [webpack.Progress] 92% sealing asset processing RealContentHashPlugin components-settings-EntryPoints-stories.b0749803.iframe.bundle.js generated SourceMap
<s> [webpack.Progress] 92% sealing asset processing RealContentHashPlugin components-settings-JudgeSettingsGroup-stories.749243da.iframe.bundle.js generate SourceMap
<s> [webpack.Progress] 92% sealing asset processing RealContentHashPlugin components-settings-JudgeSettingsGroup-stories.749243da.iframe.bundle.js generated SourceMap
<s> [webpack.Progress] 92% sealing asset processing RealContentHashPlugin components-studio-FeedbackAlert-stories.9377cc86.iframe.bundle.js generate SourceMap
<s> [webpack.Progress] 92% sealing asset processing RealContentHashPlugin components-studio-FeedbackAlert-stories.9377cc86.iframe.bundle.js generated SourceMap
<s> [webpack.Progress] 92% sealing asset processing RealContentHashPlugin components-studio-HelpTooltip-stories.bd1fac6b.iframe.bundle.js generate SourceMap
<s> [webpack.Progress] 92% sealing asset processing RealContentHashPlugin components-studio-HelpTooltip-stories.bd1fac6b.iframe.bundle.js generated SourceMap
<s> [webpack.Progress] 92% sealing asset processing RealContentHashPlugin components-studio-MultiSelect-stories.12f87ade.iframe.bundle.js generate SourceMap
<s> [webpack.Progress] 92% sealing asset processing RealContentHashPlugin components-studio-MultiSelect-stories.12f87ade.iframe.bundle.js generated SourceMap
<s> [webpack.Progress] 92% sealing asset processing RealContentHashPlugin components-studio-Toolbar-stories.103e4d71.iframe.bundle.js generate SourceMap
<s> [webpack.Progress] 92% sealing asset processing RealContentHashPlugin components-studio-Toolbar-stories.103e4d71.iframe.bundle.js generated SourceMap
<s> [webpack.Progress] 92% sealing asset processing RealContentHashPlugin studio-StudioModal-stories.c4e96977.iframe.bundle.js generate SourceMap
<s> [webpack.Progress] 92% sealing asset processing RealContentHashPlugin studio-StudioModal-stories.c4e96977.iframe.bundle.js generated SourceMap
<s> [webpack.Progress] 92% sealing asset processing RealContentHashPlugin studio-components-AgencyEditor-stories.cec5a549.iframe.bundle.js generate SourceMap
<s> [webpack.Progress] 92% sealing asset processing RealContentHashPlugin studio-components-AgencyEditor-stories.cec5a549.iframe.bundle.js generated SourceMap
<s> [webpack.Progress] 92% sealing asset processing RealContentHashPlugin studio-components-CheckpointEditor-stories.cf0ccf4b.iframe.bundle.js generate SourceMap
<s> [webpack.Progress] 92% sealing asset processing RealContentHashPlugin studio-components-CheckpointEditor-stories.cf0ccf4b.iframe.bundle.js generated SourceMap
<s> [webpack.Progress] 92% sealing asset processing RealContentHashPlugin studio-components-DiagnosticsPanel-stories.f63ab812.iframe.bundle.js generate SourceMap
<s> [webpack.Progress] 92% sealing asset processing RealContentHashPlugin studio-components-DiagnosticsPanel-stories.f63ab812.iframe.bundle.js generated SourceMap
<s> [webpack.Progress] 92% sealing asset processing RealContentHashPlugin studio-components-GateBuilder-stories.26f1e966.iframe.bundle.js generate SourceMap
<s> [webpack.Progress] 92% sealing asset processing RealContentHashPlugin studio-components-GateBuilder-stories.26f1e966.iframe.bundle.js generated SourceMap
<s> [webpack.Progress] 92% sealing asset processing RealContentHashPlugin studio-components-ProposalReview-stories.f63eb415.iframe.bundle.js generate SourceMap
<s> [webpack.Progress] 92% sealing asset processing RealContentHashPlugin studio-components-ProposalReview-stories.f63eb415.iframe.bundle.js generated SourceMap
<s> [webpack.Progress] 92% sealing asset processing RealContentHashPlugin studio-components-ProvisioningCard-stories.f9d455d5.iframe.bundle.js generate SourceMap
<s> [webpack.Progress] 92% sealing asset processing RealContentHashPlugin studio-components-ProvisioningCard-stories.f9d455d5.iframe.bundle.js generated SourceMap
<s> [webpack.Progress] 92% sealing asset processing RealContentHashPlugin studio-components-QualityEditor-stories.17dd6da4.iframe.bundle.js generate SourceMap
<s> [webpack.Progress] 92% sealing asset processing RealContentHashPlugin studio-components-QualityEditor-stories.17dd6da4.iframe.bundle.js generated SourceMap
<s> [webpack.Progress] 92% sealing asset processing RealContentHashPlugin studio-components-RosterEditor-stories.2d1197cf.iframe.bundle.js generate SourceMap
<s> [webpack.Progress] 92% sealing asset processing RealContentHashPlugin studio-components-RosterEditor-stories.2d1197cf.iframe.bundle.js generated SourceMap
<s> [webpack.Progress] 92% sealing asset processing RealContentHashPlugin studio-components-ScopePreview-stories.6bef2602.iframe.bundle.js generate SourceMap
<s> [webpack.Progress] 92% sealing asset processing RealContentHashPlugin studio-components-ScopePreview-stories.6bef2602.iframe.bundle.js generated SourceMap
<s> [webpack.Progress] 92% sealing asset processing RealContentHashPlugin studio-components-StoryEditor-stories.37a0e1df.iframe.bundle.js generate SourceMap
<s> [webpack.Progress] 92% sealing asset processing RealContentHashPlugin studio-components-StoryEditor-stories.37a0e1df.iframe.bundle.js generated SourceMap
<s> [webpack.Progress] 92% sealing asset processing RealContentHashPlugin studio-components-StudioCopilot-stories.e96eb398.iframe.bundle.js generate SourceMap
<s> [webpack.Progress] 92% sealing asset processing RealContentHashPlugin studio-components-StudioCopilot-stories.e96eb398.iframe.bundle.js generated SourceMap
<s> [webpack.Progress] 92% sealing asset processing RealContentHashPlugin studio-components-StudioToolbar-stories.0275c2cf.iframe.bundle.js generate SourceMap
<s> [webpack.Progress] 92% sealing asset processing RealContentHashPlugin studio-components-StudioToolbar-stories.0275c2cf.iframe.bundle.js generated SourceMap
<s> [webpack.Progress] 92% sealing asset processing RealContentHashPlugin studio-components-TalkControlEditor-stories.eca930de.iframe.bundle.js generate SourceMap
<s> [webpack.Progress] 92% sealing asset processing RealContentHashPlugin studio-components-TalkControlEditor-stories.eca930de.iframe.bundle.js generated SourceMap
<s> [webpack.Progress] 92% sealing asset processing RealContentHashPlugin studio-components-TransitionEditor-stories.017a3f4a.iframe.bundle.js generate SourceMap
<s> [webpack.Progress] 92% sealing asset processing RealContentHashPlugin studio-components-TransitionEditor-stories.017a3f4a.iframe.bundle.js generated SourceMap
<s> [webpack.Progress] 92% sealing asset processing RealContentHashPlugin studio-components-WizardQuestions-stories.3df829fd.iframe.bundle.js generate SourceMap
<s> [webpack.Progress] 92% sealing asset processing RealContentHashPlugin studio-components-WizardQuestions-stories.3df829fd.iframe.bundle.js generated SourceMap
<s> [webpack.Progress] 92% sealing asset processing RealContentHashPlugin 5161.833e09b8.iframe.bundle.js generate SourceMap
<s> [webpack.Progress] 92% sealing asset processing RealContentHashPlugin 5161.833e09b8.iframe.bundle.js generated SourceMap
<s> [webpack.Progress] 92% sealing asset processing RealContentHashPlugin 8735.41a6305e.iframe.bundle.js generate SourceMap
<s> [webpack.Progress] 92% sealing asset processing RealContentHashPlugin 8735.41a6305e.iframe.bundle.js generated SourceMap
<s> [webpack.Progress] 92% sealing asset processing RealContentHashPlugin 8609.def5dd92.iframe.bundle.js generate SourceMap
<s> [webpack.Progress] 92% sealing asset processing RealContentHashPlugin 8609.def5dd92.iframe.bundle.js generated SourceMap
<s> [webpack.Progress] 92% sealing asset processing RealContentHashPlugin 7995.62261660.iframe.bundle.js generate SourceMap
<s> [webpack.Progress] 92% sealing asset processing RealContentHashPlugin 7995.62261660.iframe.bundle.js generated SourceMap
<s> [webpack.Progress] 92% sealing asset processing RealContentHashPlugin 8778.7353da62.iframe.bundle.js generate SourceMap
<s> [webpack.Progress] 92% sealing asset processing RealContentHashPlugin 8778.7353da62.iframe.bundle.js generated SourceMap
<s> [webpack.Progress] 92% sealing asset processing RealContentHashPlugin resolve sources
<s> [webpack.Progress] 92% sealing asset processing RealContentHashPlugin
<s> [webpack.Progress] 92% sealing asset processing
<s> [webpack.Progress] 93% sealing after asset optimization
<s> [webpack.Progress] 93% sealing after asset optimization
<s> [webpack.Progress] 93% sealing recording
<s> [webpack.Progress] 93% sealing recording
<s> [webpack.Progress] 94% sealing after seal
<s> [webpack.Progress] 94% sealing after seal
<s> [webpack.Progress] 95% emitting emit
<s> [webpack.Progress] 95% emitting emit
<s> [webpack.Progress] 98% emitting after emit
<s> [webpack.Progress] 98% emitting after emit SizeLimitsPlugin
<s> [webpack.Progress] 98% emitting after emit
<s> [webpack.Progress] 99% done plugins
<s> [webpack.Progress] 99% done plugins CaseSensitivePathsPlugin
<s> [webpack.Progress] 99% done plugins
<s> [webpack.Progress] 99% 

<s> [webpack.Progress] 99% cache store build dependencies
<s> [webpack.Progress] 99% cache store build dependencies
<s> [webpack.Progress] 99% cache begin idle
<s> [webpack.Progress] 99% cache begin idle
<s> [webpack.Progress] 100% 

WARN asset size limit: The following asset(s) exceed the recommended size limit (244 KiB).
WARN This can impact web performance.
WARN Assets: 
WARN   8735.41a6305e.iframe.bundle.js (365 KiB)
WARN   8609.def5dd92.iframe.bundle.js (814 KiB)
WARN   7995.62261660.iframe.bundle.js (629 KiB)
WARN   8355.6149a656.iframe.bundle.js (1.42 MiB)
WARN   9878.d9bdd3a7.iframe.bundle.js (987 KiB)
WARN entrypoint size limit: The following entrypoint(s) combined asset size exceeds the recommended limit (244 KiB). This can impact web performance.
WARN Entrypoints:
WARN   main (1.57 MiB)
WARN       runtime~main.e166d449.iframe.bundle.js
WARN       8355.6149a656.iframe.bundle.js
WARN       main.23adfa9c.iframe.bundle.js
WARN 
<s> [webpack.Progress] 99% cache shutdown
<s> [webpack.Progress] 99% cache shutdown
<s> [webpack.Progress] 100% 

info => Preview built ([38;2;181;126;229m36 s[39m)
info => Output directory: C:\Users\RolaPorElNapo\AppData\Local\Temp\tmp.CLDdcGf3g9\SillyTavern\public\scripts\extensions\third-party\story-orchestrator\.sb-static
(node:31964) [DEP0060] DeprecationWarning: The `util._extend` API is deprecated. Please use Object.assign() instead.
(Use `node --trace-deprecation ...` to show where the warning was created)
[SB] 
[SB] > story-orchestrator@2.3.0 serve-sb
[SB] > http-server .sb-static -p 6006 -s -c-1
[SB] 
[SB] (node:23776) [DEP0066] DeprecationWarning: OutgoingMessage.prototype._headers is deprecated
[SB] (Use `node --trace-deprecation ...` to show where the warning was created)
[TEST] 
[TEST] > story-orchestrator@2.3.0 test-storybook
[TEST] > node node_modules/@storybook/test-runner/dist/test-storybook.js --url http://127.0.0.1:6006 --maxWorkers 1
[TEST] 
[TEST] 
[TEST] [35m[1mattention[22m[39m => Storybook now collects completely anonymous telemetry regarding usage.
[TEST] This information is used to shape Storybook's roadmap and prioritize features.
[TEST] You can learn more, including how to opt-out if you'd not like to participate in this anonymous program, by visiting the following URL:
[TEST] [36mhttps://storybook.js.org/telemetry[39m
[TEST] 
[TEST] jest-haste-map: Haste module naming collision: story-orchestrator
[TEST]   The following files share their name; please adjust your hasteImpl:
[TEST]     * <rootDir>\public\scripts\extensions\third-party\story-orchestrator\package.json
[TEST]     * <rootDir>\public\scripts\extensions\third-party\story-orchestrator\.claude\worktrees\agent-a174ca5ac7dc70210\package.json
[TEST] 
[TEST] jest-haste-map: Haste module naming collision: story-orchestrator-judge
[TEST]   The following files share their name; please adjust your hasteImpl:
[TEST]     * <rootDir>\public\scripts\extensions\third-party\story-orchestrator\server-plugin\story-orchestrator-judge\package.json
[TEST]     * <rootDir>\public\scripts\extensions\third-party\story-orchestrator\.claude\worktrees\agent-ac87c12aa78bf5b76\server-plugin\story-orchestrator-judge\package.json
[TEST] 
[TEST] PASS browser: chromium src/components/drawer/DrawerTabs.stories.tsx (10.447 s)
[TEST]   ● Console
[TEST] 
[TEST]     console.log
[TEST]       No accessibility violations detected!
[TEST] 
[TEST]       at DefaultTerminalReporter.<anonymous> (public/scripts/extensions/third-party/story-orchestrator/node_modules/axe-playwright/dist/reporter/defaultTerminalReporter.js:47:41)
[TEST] 
[TEST]     console.log
[TEST]       No accessibility violations detected!
[TEST] 
[TEST]       at DefaultTerminalReporter.<anonymous> (public/scripts/extensions/third-party/story-orchestrator/node_modules/axe-playwright/dist/reporter/defaultTerminalReporter.js:47:41)
[TEST] 
[TEST]     console.log
[TEST]       No accessibility violations detected!
[TEST] 
[TEST]       at DefaultTerminalReporter.<anonymous> (public/scripts/extensions/third-party/story-orchestrator/node_modules/axe-playwright/dist/reporter/defaultTerminalReporter.js:47:41)
[TEST] 
[TEST]     console.log
[TEST]       No accessibility violations detected!
[TEST] 
[TEST]       at DefaultTerminalReporter.<anonymous> (public/scripts/extensions/third-party/story-orchestrator/node_modules/axe-playwright/dist/reporter/defaultTerminalReporter.js:47:41)
[TEST] 
[TEST]     console.log
[TEST]       No accessibility violations detected!
[TEST] 
[TEST]       at DefaultTerminalReporter.<anonymous> (public/scripts/extensions/third-party/story-orchestrator/node_modules/axe-playwright/dist/reporter/defaultTerminalReporter.js:47:41)
[TEST] 
[TEST]     console.log
[TEST]       No accessibility violations detected!
[TEST] 
[TEST]       at DefaultTerminalReporter.<anonymous> (public/scripts/extensions/third-party/story-orchestrator/node_modules/axe-playwright/dist/reporter/defaultTerminalReporter.js:47:41)
[TEST] 
[TEST]     console.log
[TEST]       No accessibility violations detected!
[TEST] 
[TEST]       at DefaultTerminalReporter.<anonymous> (public/scripts/extensions/third-party/story-orchestrator/node_modules/axe-playwright/dist/reporter/defaultTerminalReporter.js:47:41)
[TEST] 
[TEST]     console.log
[TEST]       No accessibility violations detected!
[TEST] 
[TEST]       at DefaultTerminalReporter.<anonymous> (public/scripts/extensions/third-party/story-orchestrator/node_modules/axe-playwright/dist/reporter/defaultTerminalReporter.js:47:41)
[TEST] 
[TEST]     console.log
[TEST]       No accessibility violations detected!
[TEST] 
[TEST]       at DefaultTerminalReporter.<anonymous> (public/scripts/extensions/third-party/story-orchestrator/node_modules/axe-playwright/dist/reporter/defaultTerminalReporter.js:47:41)
[TEST] 
[TEST]     console.log
[TEST]       No accessibility violations detected!
[TEST] 
[TEST]       at DefaultTerminalReporter.<anonymous> (public/scripts/extensions/third-party/story-orchestrator/node_modules/axe-playwright/dist/reporter/defaultTerminalReporter.js:47:41)
[TEST] 
[TEST]     console.log
[TEST]       No accessibility violations detected!
[TEST] 
[TEST]       at DefaultTerminalReporter.<anonymous> (public/scripts/extensions/third-party/story-orchestrator/node_modules/axe-playwright/dist/reporter/defaultTerminalReporter.js:47:41)
[TEST] 
[TEST]     console.log
[TEST]       No accessibility violations detected!
[TEST] 
[TEST]       at DefaultTerminalReporter.<anonymous> (public/scripts/extensions/third-party/story-orchestrator/node_modules/axe-playwright/dist/reporter/defaultTerminalReporter.js:47:41)
[TEST] 
[TEST]     console.log
[TEST]       No accessibility violations detected!
[TEST] 
[TEST]       at DefaultTerminalReporter.<anonymous> (public/scripts/extensions/third-party/story-orchestrator/node_modules/axe-playwright/dist/reporter/defaultTerminalReporter.js:47:41)
[TEST] 
[TEST]     console.log
[TEST]       No accessibility violations detected!
[TEST] 
[TEST]       at DefaultTerminalReporter.<anonymous> (public/scripts/extensions/third-party/story-orchestrator/node_modules/axe-playwright/dist/reporter/defaultTerminalReporter.js:47:41)
[TEST] 
[TEST]     console.log
[TEST]       No accessibility violations detected!
[TEST] 
[TEST]       at DefaultTerminalReporter.<anonymous> (public/scripts/extensions/third-party/story-orchestrator/node_modules/axe-playwright/dist/reporter/defaultTerminalReporter.js:47:41)
[TEST] 
[TEST]     console.log
[TEST]       No accessibility violations detected!
[TEST] 
[TEST]       at DefaultTerminalReporter.<anonymous> (public/scripts/extensions/third-party/story-orchestrator/node_modules/axe-playwright/dist/reporter/defaultTerminalReporter.js:47:41)
[TEST] 
[TEST]     console.log
[TEST]       No accessibility violations detected!
[TEST] 
[TEST]       at DefaultTerminalReporter.<anonymous> (public/scripts/extensions/third-party/story-orchestrator/node_modules/axe-playwright/dist/reporter/defaultTerminalReporter.js:47:41)
[TEST] 
[TEST]     console.log
[TEST]       No accessibility violations detected!
[TEST] 
[TEST]       at DefaultTerminalReporter.<anonymous> (public/scripts/extensions/third-party/story-orchestrator/node_modules/axe-playwright/dist/reporter/defaultTerminalReporter.js:47:41)
[TEST] 
[TEST]     console.log
[TEST]       No accessibility violations detected!
[TEST] 
[TEST]       at DefaultTerminalReporter.<anonymous> (public/scripts/extensions/third-party/story-orchestrator/node_modules/axe-playwright/dist/reporter/defaultTerminalReporter.js:47:41)
[TEST] 
[TEST]     console.log
[TEST]       No accessibility violations detected!
[TEST] 
[TEST]       at DefaultTerminalReporter.<anonymous> (public/scripts/extensions/third-party/story-orchestrator/node_modules/axe-playwright/dist/reporter/defaultTerminalReporter.js:47:41)
[TEST] 
[TEST]     console.log
[TEST]       No accessibility violations detected!
[TEST] 
[TEST]       at DefaultTerminalReporter.<anonymous> (public/scripts/extensions/third-party/story-orchestrator/node_modules/axe-playwright/dist/reporter/defaultTerminalReporter.js:47:41)
[TEST] 
[TEST]     console.log
[TEST]       No accessibility violations detected!
[TEST] 
[TEST]       at DefaultTerminalReporter.<anonymous> (public/scripts/extensions/third-party/story-orchestrator/node_modules/axe-playwright/dist/reporter/defaultTerminalReporter.js:47:41)
[TEST] 
[TEST]     console.log
[TEST]       No accessibility violations detected!
[TEST] 
[TEST]       at DefaultTerminalReporter.<anonymous> (public/scripts/extensions/third-party/story-orchestrator/node_modules/axe-playwright/dist/reporter/defaultTerminalReporter.js:47:41)
[TEST] 
[TEST]     console.log
[TEST]       No accessibility violations detected!
[TEST] 
[TEST]       at DefaultTerminalReporter.<anonymous> (public/scripts/extensions/third-party/story-orchestrator/node_modules/axe-playwright/dist/reporter/defaultTerminalReporter.js:47:41)
[TEST] 
[TEST]     console.log
[TEST]       No accessibility violations detected!
[TEST] 
[TEST]       at DefaultTerminalReporter.<anonymous> (public/scripts/extensions/third-party/story-orchestrator/node_modules/axe-playwright/dist/reporter/defaultTerminalReporter.js:47:41)
[TEST] 
[TEST]     console.log
[TEST]       No accessibility violations detected!
[TEST] 
[TEST]       at DefaultTerminalReporter.<anonymous> (public/scripts/extensions/third-party/story-orchestrator/node_modules/axe-playwright/dist/reporter/defaultTerminalReporter.js:47:41)
[TEST] 
[TEST]     console.log
[TEST]       No accessibility violations detected!
[TEST] 
[TEST]       at DefaultTerminalReporter.<anonymous> (public/scripts/extensions/third-party/story-orchestrator/node_modules/axe-playwright/dist/reporter/defaultTerminalReporter.js:47:41)
[TEST] 
[TEST]     console.log
[TEST]       No accessibility violations detected!
[TEST] 
[TEST]       at DefaultTerminalReporter.<anonymous> (public/scripts/extensions/third-party/story-orchestrator/node_modules/axe-playwright/dist/reporter/defaultTerminalReporter.js:47:41)
[TEST] 
[TEST] PASS browser: chromium src/components/drawer/ConflictQueue.stories.tsx
[TEST]   ● Console
[TEST] 
[TEST]     console.log
[TEST]       No accessibility violations detected!
[TEST] 
[TEST]       at DefaultTerminalReporter.<anonymous> (public/scripts/extensions/third-party/story-orchestrator/node_modules/axe-playwright/dist/reporter/defaultTerminalReporter.js:47:41)
[TEST] 
[TEST]     console.log
[TEST]       No accessibility violations detected!
[TEST] 
[TEST]       at DefaultTerminalReporter.<anonymous> (public/scripts/extensions/third-party/story-orchestrator/node_modules/axe-playwright/dist/reporter/defaultTerminalReporter.js:47:41)
[TEST] 
[TEST]     console.log
[TEST]       No accessibility violations detected!
[TEST] 
[TEST]       at DefaultTerminalReporter.<anonymous> (public/scripts/extensions/third-party/story-orchestrator/node_modules/axe-playwright/dist/reporter/defaultTerminalReporter.js:47:41)
[TEST] 
[TEST]     console.log
[TEST]       No accessibility violations detected!
[TEST] 
[TEST]       at DefaultTerminalReporter.<anonymous> (public/scripts/extensions/third-party/story-orchestrator/node_modules/axe-playwright/dist/reporter/defaultTerminalReporter.js:47:41)
[TEST] 
[TEST]     console.log
[TEST]       No accessibility violations detected!
[TEST] 
[TEST]       at DefaultTerminalReporter.<anonymous> (public/scripts/extensions/third-party/story-orchestrator/node_modules/axe-playwright/dist/reporter/defaultTerminalReporter.js:47:41)
[TEST] 
[TEST]     console.log
[TEST]       No accessibility violations detected!
[TEST] 
[TEST]       at DefaultTerminalReporter.<anonymous> (public/scripts/extensions/third-party/story-orchestrator/node_modules/axe-playwright/dist/reporter/defaultTerminalReporter.js:47:41)
[TEST] 
[TEST]     console.log
[TEST]       No accessibility violations detected!
[TEST] 
[TEST]       at DefaultTerminalReporter.<anonymous> (public/scripts/extensions/third-party/story-orchestrator/node_modules/axe-playwright/dist/reporter/defaultTerminalReporter.js:47:41)
[TEST] 
[TEST]     console.log
[TEST]       No accessibility violations detected!
[TEST] 
[TEST]       at DefaultTerminalReporter.<anonymous> (public/scripts/extensions/third-party/story-orchestrator/node_modules/axe-playwright/dist/reporter/defaultTerminalReporter.js:47:41)
[TEST] 
[TEST]     console.log
[TEST]       No accessibility violations detected!
[TEST] 
[TEST]       at DefaultTerminalReporter.<anonymous> (public/scripts/extensions/third-party/story-orchestrator/node_modules/axe-playwright/dist/reporter/defaultTerminalReporter.js:47:41)
[TEST] 
[TEST]     console.log
[TEST]       No accessibility violations detected!
[TEST] 
[TEST]       at DefaultTerminalReporter.<anonymous> (public/scripts/extensions/third-party/story-orchestrator/node_modules/axe-playwright/dist/reporter/defaultTerminalReporter.js:47:41)
[TEST] 
[TEST]     console.log
[TEST]       No accessibility violations detected!
[TEST] 
[TEST]       at DefaultTerminalReporter.<anonymous> (public/scripts/extensions/third-party/story-orchestrator/node_modules/axe-playwright/dist/reporter/defaultTerminalReporter.js:47:41)
[TEST] 
[TEST]     console.log
[TEST]       No accessibility violations detected!
[TEST] 
[TEST]       at DefaultTerminalReporter.<anonymous> (public/scripts/extensions/third-party/story-orchestrator/node_modules/axe-playwright/dist/reporter/defaultTerminalReporter.js:47:41)
[TEST] 
[TEST]     console.log
[TEST]       No accessibility violations detected!
[TEST] 
[TEST]       at DefaultTerminalReporter.<anonymous> (public/scripts/extensions/third-party/story-orchestrator/node_modules/axe-playwright/dist/reporter/defaultTerminalReporter.js:47:41)
[TEST] 
[TEST]     console.log
[TEST]       No accessibility violations detected!
[TEST] 
[TEST]       at DefaultTerminalReporter.<anonymous> (public/scripts/extensions/third-party/story-orchestrator/node_modules/axe-playwright/dist/reporter/defaultTerminalReporter.js:47:41)
[TEST] 
[TEST]     console.log
[TEST]       No accessibility violations detected!
[TEST] 
[TEST]       at DefaultTerminalReporter.<anonymous> (public/scripts/extensions/third-party/story-orchestrator/node_modules/axe-playwright/dist/reporter/defaultTerminalReporter.js:47:41)
[TEST] 
[TEST] PASS browser: chromium src/components/drawer/PlayerOverview.stories.tsx
[TEST]   ● Console
[TEST] 
[TEST]     console.log
[TEST]       No accessibility violations detected!
[TEST] 
[TEST]       at DefaultTerminalReporter.<anonymous> (public/scripts/extensions/third-party/story-orchestrator/node_modules/axe-playwright/dist/reporter/defaultTerminalReporter.js:47:41)
[TEST] 
[TEST]     console.log
[TEST]       No accessibility violations detected!
[TEST] 
[TEST]       at DefaultTerminalReporter.<anonymous> (public/scripts/extensions/third-party/story-orchestrator/node_modules/axe-playwright/dist/reporter/defaultTerminalReporter.js:47:41)
[TEST] 
[TEST]     console.log
[TEST]       No accessibility violations detected!
[TEST] 
[TEST]       at DefaultTerminalReporter.<anonymous> (public/scripts/extensions/third-party/story-orchestrator/node_modules/axe-playwright/dist/reporter/defaultTerminalReporter.js:47:41)
[TEST] 
[TEST]     console.log
[TEST]       No accessibility violations detected!
[TEST] 
[TEST]       at DefaultTerminalReporter.<anonymous> (public/scripts/extensions/third-party/story-orchestrator/node_modules/axe-playwright/dist/reporter/defaultTerminalReporter.js:47:41)
[TEST] 
[TEST]     console.log
[TEST]       No accessibility violations detected!
[TEST] 
[TEST]       at DefaultTerminalReporter.<anonymous> (public/scripts/extensions/third-party/story-orchestrator/node_modules/axe-playwright/dist/reporter/defaultTerminalReporter.js:47:41)
[TEST] 
[TEST]     console.log
[TEST]       No accessibility violations detected!
[TEST] 
[TEST]       at DefaultTerminalReporter.<anonymous> (public/scripts/extensions/third-party/story-orchestrator/node_modules/axe-playwright/dist/reporter/defaultTerminalReporter.js:47:41)
[TEST] 
[TEST]     console.log
[TEST]       No accessibility violations detected!
[TEST] 
[TEST]       at DefaultTerminalReporter.<anonymous> (public/scripts/extensions/third-party/story-orchestrator/node_modules/axe-playwright/dist/reporter/defaultTerminalReporter.js:47:41)
[TEST] 
[TEST]     console.log
[TEST]       No accessibility violations detected!
[TEST] 
[TEST]       at DefaultTerminalReporter.<anonymous> (public/scripts/extensions/third-party/story-orchestrator/node_modules/axe-playwright/dist/reporter/defaultTerminalReporter.js:47:41)
[TEST] 
[TEST]     console.log
[TEST]       No accessibility violations detected!
[TEST] 
[TEST]       at DefaultTerminalReporter.<anonymous> (public/scripts/extensions/third-party/story-orchestrator/node_modules/axe-playwright/dist/reporter/defaultTerminalReporter.js:47:41)
[TEST] 
[TEST]     console.log
[TEST]       No accessibility violations detected!
[TEST] 
[TEST]       at DefaultTerminalReporter.<anonymous> (public/scripts/extensions/third-party/story-orchestrator/node_modules/axe-playwright/dist/reporter/defaultTerminalReporter.js:47:41)
[TEST] 
[TEST] PASS browser: chromium src/studio/StudioModal.stories.tsx
[TEST]   ● Console
[TEST] 
[TEST]     console.log
[TEST]       No accessibility violations detected!
[TEST] 
[TEST]       at DefaultTerminalReporter.<anonymous> (public/scripts/extensions/third-party/story-orchestrator/node_modules/axe-playwright/dist/reporter/defaultTerminalReporter.js:47:41)
[TEST] 
[TEST]     console.log
[TEST]       No accessibility violations detected!
[TEST] 
[TEST]       at DefaultTerminalReporter.<anonymous> (public/scripts/extensions/third-party/story-orchestrator/node_modules/axe-playwright/dist/reporter/defaultTerminalReporter.js:47:41)
[TEST] 
[TEST]     console.log
[TEST]       No accessibility violations detected!
[TEST] 
[TEST]       at DefaultTerminalReporter.<anonymous> (public/scripts/extensions/third-party/story-orchestrator/node_modules/axe-playwright/dist/reporter/defaultTerminalReporter.js:47:41)
[TEST] 
[TEST]     console.log
[TEST]       No accessibility violations detected!
[TEST] 
[TEST]       at DefaultTerminalReporter.<anonymous> (public/scripts/extensions/third-party/story-orchestrator/node_modules/axe-playwright/dist/reporter/defaultTerminalReporter.js:47:41)
[TEST] 
[TEST]     console.log
[TEST]       No accessibility violations detected!
[TEST] 
[TEST]       at DefaultTerminalReporter.<anonymous> (public/scripts/extensions/third-party/story-orchestrator/node_modules/axe-playwright/dist/reporter/defaultTerminalReporter.js:47:41)
[TEST] 
[TEST]     console.log
[TEST]       No accessibility violations detected!
[TEST] 
[TEST]       at DefaultTerminalReporter.<anonymous> (public/scripts/extensions/third-party/story-orchestrator/node_modules/axe-playwright/dist/reporter/defaultTerminalReporter.js:47:41)
[TEST] 
[TEST]     console.log
[TEST]       No accessibility violations detected!
[TEST] 
[TEST]       at DefaultTerminalReporter.<anonymous> (public/scripts/extensions/third-party/story-orchestrator/node_modules/axe-playwright/dist/reporter/defaultTerminalReporter.js:47:41)
[TEST] 
[TEST]     console.log
[TEST]       No accessibility violations detected!
[TEST] 
[TEST]       at DefaultTerminalReporter.<anonymous> (public/scripts/extensions/third-party/story-orchestrator/node_modules/axe-playwright/dist/reporter/defaultTerminalReporter.js:47:41)
[TEST] 
[TEST]     console.log
[TEST]       No accessibility violations detected!
[TEST] 
[TEST]       at DefaultTerminalReporter.<anonymous> (public/scripts/extensions/third-party/story-orchestrator/node_modules/axe-playwright/dist/reporter/defaultTerminalReporter.js:47:41)
[TEST] 
[TEST] PASS browser: chromium src/components/drawer/StagecraftPanel.stories.tsx
[TEST]   ● Console
[TEST] 
[TEST]     console.log
[TEST]       No accessibility violations detected!
[TEST] 
[TEST]       at DefaultTerminalReporter.<anonymous> (public/scripts/extensions/third-party/story-orchestrator/node_modules/axe-playwright/dist/reporter/defaultTerminalReporter.js:47:41)
[TEST] 
[TEST]     console.log
[TEST]       No accessibility violations detected!
[TEST] 
[TEST]       at DefaultTerminalReporter.<anonymous> (public/scripts/extensions/third-party/story-orchestrator/node_modules/axe-playwright/dist/reporter/defaultTerminalReporter.js:47:41)
[TEST] 
[TEST]     console.log
[TEST]       No accessibility violations detected!
[TEST] 
[TEST]       at DefaultTerminalReporter.<anonymous> (public/scripts/extensions/third-party/story-orchestrator/node_modules/axe-playwright/dist/reporter/defaultTerminalReporter.js:47:41)
[TEST] 
[TEST]     console.log
[TEST]       No accessibility violations detected!
[TEST] 
[TEST]       at DefaultTerminalReporter.<anonymous> (public/scripts/extensions/third-party/story-orchestrator/node_modules/axe-playwright/dist/reporter/defaultTerminalReporter.js:47:41)
[TEST] 
[TEST]     console.log
[TEST]       No accessibility violations detected!
[TEST] 
[TEST]       at DefaultTerminalReporter.<anonymous> (public/scripts/extensions/third-party/story-orchestrator/node_modules/axe-playwright/dist/reporter/defaultTerminalReporter.js:47:41)
[TEST] 
[TEST]     console.log
[TEST]       No accessibility violations detected!
[TEST] 
[TEST]       at DefaultTerminalReporter.<anonymous> (public/scripts/extensions/third-party/story-orchestrator/node_modules/axe-playwright/dist/reporter/defaultTerminalReporter.js:47:41)
[TEST] 
[TEST]     console.log
[TEST]       No accessibility violations detected!
[TEST] 
[TEST]       at DefaultTerminalReporter.<anonymous> (public/scripts/extensions/third-party/story-orchestrator/node_modules/axe-playwright/dist/reporter/defaultTerminalReporter.js:47:41)
[TEST] 
[TEST]     console.log
[TEST]       No accessibility violations detected!
[TEST] 
[TEST]       at DefaultTerminalReporter.<anonymous> (public/scripts/extensions/third-party/story-orchestrator/node_modules/axe-playwright/dist/reporter/defaultTerminalReporter.js:47:41)
[TEST] 
[TEST]     console.log
[TEST]       No accessibility violations detected!
[TEST] 
[TEST]       at DefaultTerminalReporter.<anonymous> (public/scripts/extensions/third-party/story-orchestrator/node_modules/axe-playwright/dist/reporter/defaultTerminalReporter.js:47:41)
[TEST] 
[TEST]     console.log
[TEST]       No accessibility violations detected!
[TEST] 
[TEST]       at DefaultTerminalReporter.<anonymous> (public/scripts/extensions/third-party/story-orchestrator/node_modules/axe-playwright/dist/reporter/defaultTerminalReporter.js:47:41)
[TEST] 
[TEST] PASS browser: chromium src/studio/components/StudioCopilot.stories.tsx
[TEST]   ● Console
[TEST] 
[TEST]     console.log
[TEST]       No accessibility violations detected!
[TEST] 
[TEST]       at DefaultTerminalReporter.<anonymous> (public/scripts/extensions/third-party/story-orchestrator/node_modules/axe-playwright/dist/reporter/defaultTerminalReporter.js:47:41)
[TEST] 
[TEST]     console.log
[TEST]       No accessibility violations detected!
[TEST] 
[TEST]       at DefaultTerminalReporter.<anonymous> (public/scripts/extensions/third-party/story-orchestrator/node_modules/axe-playwright/dist/reporter/defaultTerminalReporter.js:47:41)
[TEST] 
[TEST]     console.log
[TEST]       No accessibility violations detected!
[TEST] 
[TEST]       at DefaultTerminalReporter.<anonymous> (public/scripts/extensions/third-party/story-orchestrator/node_modules/axe-playwright/dist/reporter/defaultTerminalReporter.js:47:41)
[TEST] 
[TEST]     console.log
[TEST]       No accessibility violations detected!
[TEST] 
[TEST]       at DefaultTerminalReporter.<anonymous> (public/scripts/extensions/third-party/story-orchestrator/node_modules/axe-playwright/dist/reporter/defaultTerminalReporter.js:47:41)
[TEST] 
[TEST]     console.log
[TEST]       No accessibility violations detected!
[TEST] 
[TEST]       at DefaultTerminalReporter.<anonymous> (public/scripts/extensions/third-party/story-orchestrator/node_modules/axe-playwright/dist/reporter/defaultTerminalReporter.js:47:41)
[TEST] 
[TEST]     console.log
[TEST]       No accessibility violations detected!
[TEST] 
[TEST]       at DefaultTerminalReporter.<anonymous> (public/scripts/extensions/third-party/story-orchestrator/node_modules/axe-playwright/dist/reporter/defaultTerminalReporter.js:47:41)
[TEST] 
[TEST]     console.log
[TEST]       No accessibility violations detected!
[TEST] 
[TEST]       at DefaultTerminalReporter.<anonymous> (public/scripts/extensions/third-party/story-orchestrator/node_modules/axe-playwright/dist/reporter/defaultTerminalReporter.js:47:41)
[TEST] 
[TEST]     console.log
[TEST]       No accessibility violations detected!
[TEST] 
[TEST]       at DefaultTerminalReporter.<anonymous> (public/scripts/extensions/third-party/story-orchestrator/node_modules/axe-playwright/dist/reporter/defaultTerminalReporter.js:47:41)
[TEST] 
[TEST] PASS browser: chromium src/components/settings/JudgeSettingsGroup.stories.tsx
[TEST]   ● Console
[TEST] 
[TEST]     console.log
[TEST]       No accessibility violations detected!
[TEST] 
[TEST]       at DefaultTerminalReporter.<anonymous> (public/scripts/extensions/third-party/story-orchestrator/node_modules/axe-playwright/dist/reporter/defaultTerminalReporter.js:47:41)
[TEST] 
[TEST]     console.log
[TEST]       No accessibility violations detected!
[TEST] 
[TEST]       at DefaultTerminalReporter.<anonymous> (public/scripts/extensions/third-party/story-orchestrator/node_modules/axe-playwright/dist/reporter/defaultTerminalReporter.js:47:41)
[TEST] 
[TEST]     console.log
[TEST]       No accessibility violations detected!
[TEST] 
[TEST]       at DefaultTerminalReporter.<anonymous> (public/scripts/extensions/third-party/story-orchestrator/node_modules/axe-playwright/dist/reporter/defaultTerminalReporter.js:47:41)
[TEST] 
[TEST]     console.log
[TEST]       No accessibility violations detected!
[TEST] 
[TEST]       at DefaultTerminalReporter.<anonymous> (public/scripts/extensions/third-party/story-orchestrator/node_modules/axe-playwright/dist/reporter/defaultTerminalReporter.js:47:41)
[TEST] 
[TEST]     console.log
[TEST]       No accessibility violations detected!
[TEST] 
[TEST]       at DefaultTerminalReporter.<anonymous> (public/scripts/extensions/third-party/story-orchestrator/node_modules/axe-playwright/dist/reporter/defaultTerminalReporter.js:47:41)
[TEST] 
[TEST]     console.log
[TEST]       No accessibility violations detected!
[TEST] 
[TEST]       at DefaultTerminalReporter.<anonymous> (public/scripts/extensions/third-party/story-orchestrator/node_modules/axe-playwright/dist/reporter/defaultTerminalReporter.js:47:41)
[TEST] 
[TEST]     console.log
[TEST]       No accessibility violations detected!
[TEST] 
[TEST]       at DefaultTerminalReporter.<anonymous> (public/scripts/extensions/third-party/story-orchestrator/node_modules/axe-playwright/dist/reporter/defaultTerminalReporter.js:47:41)
[TEST] 
[TEST]     console.log
[TEST]       No accessibility violations detected!
[TEST] 
[TEST]       at DefaultTerminalReporter.<anonymous> (public/scripts/extensions/third-party/story-orchestrator/node_modules/axe-playwright/dist/reporter/defaultTerminalReporter.js:47:41)
[TEST] 
[TEST]     console.log
[TEST]       No accessibility violations detected!
[TEST] 
[TEST]       at DefaultTerminalReporter.<anonymous> (public/scripts/extensions/third-party/story-orchestrator/node_modules/axe-playwright/dist/reporter/defaultTerminalReporter.js:47:41)
[TEST] 
[TEST]     console.log
[TEST]       No accessibility violations detected!
[TEST] 
[TEST]       at DefaultTerminalReporter.<anonymous> (public/scripts/extensions/third-party/story-orchestrator/node_modules/axe-playwright/dist/reporter/defaultTerminalReporter.js:47:41)
[TEST] 
[TEST] PASS browser: chromium src/studio/components/StoryEditor.stories.tsx
[TEST]   ● Console
[TEST] 
[TEST]     console.log
[TEST]       No accessibility violations detected!
[TEST] 
[TEST]       at DefaultTerminalReporter.<anonymous> (public/scripts/extensions/third-party/story-orchestrator/node_modules/axe-playwright/dist/reporter/defaultTerminalReporter.js:47:41)
[TEST] 
[TEST]     console.log
[TEST]       No accessibility violations detected!
[TEST] 
[TEST]       at DefaultTerminalReporter.<anonymous> (public/scripts/extensions/third-party/story-orchestrator/node_modules/axe-playwright/dist/reporter/defaultTerminalReporter.js:47:41)
[TEST] 
[TEST]     console.log
[TEST]       No accessibility violations detected!
[TEST] 
[TEST]       at DefaultTerminalReporter.<anonymous> (public/scripts/extensions/third-party/story-orchestrator/node_modules/axe-playwright/dist/reporter/defaultTerminalReporter.js:47:41)
[TEST] 
[TEST]     console.log
[TEST]       No accessibility violations detected!
[TEST] 
[TEST]       at DefaultTerminalReporter.<anonymous> (public/scripts/extensions/third-party/story-orchestrator/node_modules/axe-playwright/dist/reporter/defaultTerminalReporter.js:47:41)
[TEST] 
[TEST]     console.log
[TEST]       No accessibility violations detected!
[TEST] 
[TEST]       at DefaultTerminalReporter.<anonymous> (public/scripts/extensions/third-party/story-orchestrator/node_modules/axe-playwright/dist/reporter/defaultTerminalReporter.js:47:41)
[TEST] 
[TEST]     console.log
[TEST]       No accessibility violations detected!
[TEST] 
[TEST]       at DefaultTerminalReporter.<anonymous> (public/scripts/extensions/third-party/story-orchestrator/node_modules/axe-playwright/dist/reporter/defaultTerminalReporter.js:47:41)
[TEST] 
[TEST]     console.log
[TEST]       No accessibility violations detected!
[TEST] 
[TEST]       at DefaultTerminalReporter.<anonymous> (public/scripts/extensions/third-party/story-orchestrator/node_modules/axe-playwright/dist/reporter/defaultTerminalReporter.js:47:41)
[TEST] 
[TEST]     console.log
[TEST]       No accessibility violations detected!
[TEST] 
[TEST]       at DefaultTerminalReporter.<anonymous> (public/scripts/extensions/third-party/story-orchestrator/node_modules/axe-playwright/dist/reporter/defaultTerminalReporter.js:47:41)
[TEST] 
[TEST] PASS browser: chromium src/studio/components/ProposalReview.stories.tsx
[TEST]   ● Console
[TEST] 
[TEST]     console.log
[TEST]       No accessibility violations detected!
[TEST] 
[TEST]       at DefaultTerminalReporter.<anonymous> (public/scripts/extensions/third-party/story-orchestrator/node_modules/axe-playwright/dist/reporter/defaultTerminalReporter.js:47:41)
[TEST] 
[TEST]     console.log
[TEST]       No accessibility violations detected!
[TEST] 
[TEST]       at DefaultTerminalReporter.<anonymous> (public/scripts/extensions/third-party/story-orchestrator/node_modules/axe-playwright/dist/reporter/defaultTerminalReporter.js:47:41)
[TEST] 
[TEST]     console.log
[TEST]       No accessibility violations detected!
[TEST] 
[TEST]       at DefaultTerminalReporter.<anonymous> (public/scripts/extensions/third-party/story-orchestrator/node_modules/axe-playwright/dist/reporter/defaultTerminalReporter.js:47:41)
[TEST] 
[TEST]     console.log
[TEST]       No accessibility violations detected!
[TEST] 
[TEST]       at DefaultTerminalReporter.<anonymous> (public/scripts/extensions/third-party/story-orchestrator/node_modules/axe-playwright/dist/reporter/defaultTerminalReporter.js:47:41)
[TEST] 
[TEST]     console.log
[TEST]       No accessibility violations detected!
[TEST] 
[TEST]       at DefaultTerminalReporter.<anonymous> (public/scripts/extensions/third-party/story-orchestrator/node_modules/axe-playwright/dist/reporter/defaultTerminalReporter.js:47:41)
[TEST] 
[TEST]     console.log
[TEST]       No accessibility violations detected!
[TEST] 
[TEST]       at DefaultTerminalReporter.<anonymous> (public/scripts/extensions/third-party/story-orchestrator/node_modules/axe-playwright/dist/reporter/defaultTerminalReporter.js:47:41)
[TEST] 
[TEST] PASS browser: chromium src/components/drawer/DriverPanel.stories.tsx
[TEST]   ● Console
[TEST] 
[TEST]     console.log
[TEST]       No accessibility violations detected!
[TEST] 
[TEST]       at DefaultTerminalReporter.<anonymous> (public/scripts/extensions/third-party/story-orchestrator/node_modules/axe-playwright/dist/reporter/defaultTerminalReporter.js:47:41)
[TEST] 
[TEST]     console.log
[TEST]       No accessibility violations detected!
[TEST] 
[TEST]       at DefaultTerminalReporter.<anonymous> (public/scripts/extensions/third-party/story-orchestrator/node_modules/axe-playwright/dist/reporter/defaultTerminalReporter.js:47:41)
[TEST] 
[TEST]     console.log
[TEST]       No accessibility violations detected!
[TEST] 
[TEST]       at DefaultTerminalReporter.<anonymous> (public/scripts/extensions/third-party/story-orchestrator/node_modules/axe-playwright/dist/reporter/defaultTerminalReporter.js:47:41)
[TEST] 
[TEST]     console.log
[TEST]       No accessibility violations detected!
[TEST] 
[TEST]       at DefaultTerminalReporter.<anonymous> (public/scripts/extensions/third-party/story-orchestrator/node_modules/axe-playwright/dist/reporter/defaultTerminalReporter.js:47:41)
[TEST] 
[TEST]     console.log
[TEST]       No accessibility violations detected!
[TEST] 
[TEST]       at DefaultTerminalReporter.<anonymous> (public/scripts/extensions/third-party/story-orchestrator/node_modules/axe-playwright/dist/reporter/defaultTerminalReporter.js:47:41)
[TEST] 
[TEST]     console.log
[TEST]       No accessibility violations detected!
[TEST] 
[TEST]       at DefaultTerminalReporter.<anonymous> (public/scripts/extensions/third-party/story-orchestrator/node_modules/axe-playwright/dist/reporter/defaultTerminalReporter.js:47:41)
[TEST] 
[TEST] PASS browser: chromium src/studio/components/ProvisioningCard.stories.tsx
[TEST]   ● Console
[TEST] 
[TEST]     console.log
[TEST]       No accessibility violations detected!
[TEST] 
[TEST]       at DefaultTerminalReporter.<anonymous> (public/scripts/extensions/third-party/story-orchestrator/node_modules/axe-playwright/dist/reporter/defaultTerminalReporter.js:47:41)
[TEST] 
[TEST]     console.log
[TEST]       No accessibility violations detected!
[TEST] 
[TEST]       at DefaultTerminalReporter.<anonymous> (public/scripts/extensions/third-party/story-orchestrator/node_modules/axe-playwright/dist/reporter/defaultTerminalReporter.js:47:41)
[TEST] 
[TEST]     console.log
[TEST]       No accessibility violations detected!
[TEST] 
[TEST]       at DefaultTerminalReporter.<anonymous> (public/scripts/extensions/third-party/story-orchestrator/node_modules/axe-playwright/dist/reporter/defaultTerminalReporter.js:47:41)
[TEST] 
[TEST]     console.log
[TEST]       No accessibility violations detected!
[TEST] 
[TEST]       at DefaultTerminalReporter.<anonymous> (public/scripts/extensions/third-party/story-orchestrator/node_modules/axe-playwright/dist/reporter/defaultTerminalReporter.js:47:41)
[TEST] 
[TEST]     console.log
[TEST]       No accessibility violations detected!
[TEST] 
[TEST]       at DefaultTerminalReporter.<anonymous> (public/scripts/extensions/third-party/story-orchestrator/node_modules/axe-playwright/dist/reporter/defaultTerminalReporter.js:47:41)
[TEST] 
[TEST]     console.log
[TEST]       No accessibility violations detected!
[TEST] 
[TEST]       at DefaultTerminalReporter.<anonymous> (public/scripts/extensions/third-party/story-orchestrator/node_modules/axe-playwright/dist/reporter/defaultTerminalReporter.js:47:41)
[TEST] 
[TEST] PASS browser: chromium src/studio/components/CheckpointEditor.stories.tsx
[TEST]   ● Console
[TEST] 
[TEST]     console.log
[TEST]       No accessibility violations detected!
[TEST] 
[TEST]       at DefaultTerminalReporter.<anonymous> (public/scripts/extensions/third-party/story-orchestrator/node_modules/axe-playwright/dist/reporter/defaultTerminalReporter.js:47:41)
[TEST] 
[TEST]     console.log
[TEST]       No accessibility violations detected!
[TEST] 
[TEST]       at DefaultTerminalReporter.<anonymous> (public/scripts/extensions/third-party/story-orchestrator/node_modules/axe-playwright/dist/reporter/defaultTerminalReporter.js:47:41)
[TEST] 
[TEST]     console.log
[TEST]       No accessibility violations detected!
[TEST] 
[TEST]       at DefaultTerminalReporter.<anonymous> (public/scripts/extensions/third-party/story-orchestrator/node_modules/axe-playwright/dist/reporter/defaultTerminalReporter.js:47:41)
[TEST] 
[TEST]     console.log
[TEST]       No accessibility violations detected!
[TEST] 
[TEST]       at DefaultTerminalReporter.<anonymous> (public/scripts/extensions/third-party/story-orchestrator/node_modules/axe-playwright/dist/reporter/defaultTerminalReporter.js:47:41)
[TEST] 
[TEST]     console.log
[TEST]       No accessibility violations detected!
[TEST] 
[TEST]       at DefaultTerminalReporter.<anonymous> (public/scripts/extensions/third-party/story-orchestrator/node_modules/axe-playwright/dist/reporter/defaultTerminalReporter.js:47:41)
[TEST] 
[TEST]     console.log
[TEST]       No accessibility violations detected!
[TEST] 
[TEST]       at DefaultTerminalReporter.<anonymous> (public/scripts/extensions/third-party/story-orchestrator/node_modules/axe-playwright/dist/reporter/defaultTerminalReporter.js:47:41)
[TEST] 
[TEST]     console.log
[TEST]       No accessibility violations detected!
[TEST] 
[TEST]       at DefaultTerminalReporter.<anonymous> (public/scripts/extensions/third-party/story-orchestrator/node_modules/axe-playwright/dist/reporter/defaultTerminalReporter.js:47:41)
[TEST] 
[TEST] PASS browser: chromium src/studio/components/QualityEditor.stories.tsx
[TEST]   ● Console
[TEST] 
[TEST]     console.log
[TEST]       No accessibility violations detected!
[TEST] 
[TEST]       at DefaultTerminalReporter.<anonymous> (public/scripts/extensions/third-party/story-orchestrator/node_modules/axe-playwright/dist/reporter/defaultTerminalReporter.js:47:41)
[TEST] 
[TEST]     console.log
[TEST]       No accessibility violations detected!
[TEST] 
[TEST]       at DefaultTerminalReporter.<anonymous> (public/scripts/extensions/third-party/story-orchestrator/node_modules/axe-playwright/dist/reporter/defaultTerminalReporter.js:47:41)
[TEST] 
[TEST]     console.log
[TEST]       No accessibility violations detected!
[TEST] 
[TEST]       at DefaultTerminalReporter.<anonymous> (public/scripts/extensions/third-party/story-orchestrator/node_modules/axe-playwright/dist/reporter/defaultTerminalReporter.js:47:41)
[TEST] 
[TEST]     console.log
[TEST]       No accessibility violations detected!
[TEST] 
[TEST]       at DefaultTerminalReporter.<anonymous> (public/scripts/extensions/third-party/story-orchestrator/node_modules/axe-playwright/dist/reporter/defaultTerminalReporter.js:47:41)
[TEST] 
[TEST]     console.log
[TEST]       No accessibility violations detected!
[TEST] 
[TEST]       at DefaultTerminalReporter.<anonymous> (public/scripts/extensions/third-party/story-orchestrator/node_modules/axe-playwright/dist/reporter/defaultTerminalReporter.js:47:41)
[TEST] 
[TEST] PASS browser: chromium src/components/settings/EntryPoints.stories.tsx
[TEST]   ● Console
[TEST] 
[TEST]     console.log
[TEST]       No accessibility violations detected!
[TEST] 
[TEST]       at DefaultTerminalReporter.<anonymous> (public/scripts/extensions/third-party/story-orchestrator/node_modules/axe-playwright/dist/reporter/defaultTerminalReporter.js:47:41)
[TEST] 
[TEST]     console.log
[TEST]       No accessibility violations detected!
[TEST] 
[TEST]       at DefaultTerminalReporter.<anonymous> (public/scripts/extensions/third-party/story-orchestrator/node_modules/axe-playwright/dist/reporter/defaultTerminalReporter.js:47:41)
[TEST] 
[TEST]     console.log
[TEST]       No accessibility violations detected!
[TEST] 
[TEST]       at DefaultTerminalReporter.<anonymous> (public/scripts/extensions/third-party/story-orchestrator/node_modules/axe-playwright/dist/reporter/defaultTerminalReporter.js:47:41)
[TEST] 
[TEST]     console.log
[TEST]       No accessibility violations detected!
[TEST] 
[TEST]       at DefaultTerminalReporter.<anonymous> (public/scripts/extensions/third-party/story-orchestrator/node_modules/axe-playwright/dist/reporter/defaultTerminalReporter.js:47:41)
[TEST] 
[TEST]     console.log
[TEST]       No accessibility violations detected!
[TEST] 
[TEST]       at DefaultTerminalReporter.<anonymous> (public/scripts/extensions/third-party/story-orchestrator/node_modules/axe-playwright/dist/reporter/defaultTerminalReporter.js:47:41)
[TEST] 
[TEST] PASS browser: chromium src/components/settings/CapabilitiesGroup.stories.tsx
[TEST]   ● Console
[TEST] 
[TEST]     console.log
[TEST]       No accessibility violations detected!
[TEST] 
[TEST]       at DefaultTerminalReporter.<anonymous> (public/scripts/extensions/third-party/story-orchestrator/node_modules/axe-playwright/dist/reporter/defaultTerminalReporter.js:47:41)
[TEST] 
[TEST]     console.log
[TEST]       No accessibility violations detected!
[TEST] 
[TEST]       at DefaultTerminalReporter.<anonymous> (public/scripts/extensions/third-party/story-orchestrator/node_modules/axe-playwright/dist/reporter/defaultTerminalReporter.js:47:41)
[TEST] 
[TEST]     console.log
[TEST]       No accessibility violations detected!
[TEST] 
[TEST]       at DefaultTerminalReporter.<anonymous> (public/scripts/extensions/third-party/story-orchestrator/node_modules/axe-playwright/dist/reporter/defaultTerminalReporter.js:47:41)
[TEST] 
[TEST]     console.log
[TEST]       No accessibility violations detected!
[TEST] 
[TEST]       at DefaultTerminalReporter.<anonymous> (public/scripts/extensions/third-party/story-orchestrator/node_modules/axe-playwright/dist/reporter/defaultTerminalReporter.js:47:41)
[TEST] 
[TEST]     console.log
[TEST]       No accessibility violations detected!
[TEST] 
[TEST]       at DefaultTerminalReporter.<anonymous> (public/scripts/extensions/third-party/story-orchestrator/node_modules/axe-playwright/dist/reporter/defaultTerminalReporter.js:47:41)
[TEST] 
[TEST] PASS browser: chromium src/studio/components/AgencyEditor.stories.tsx
[TEST]   ● Console
[TEST] 
[TEST]     console.log
[TEST]       No accessibility violations detected!
[TEST] 
[TEST]       at DefaultTerminalReporter.<anonymous> (public/scripts/extensions/third-party/story-orchestrator/node_modules/axe-playwright/dist/reporter/defaultTerminalReporter.js:47:41)
[TEST] 
[TEST]     console.log
[TEST]       No accessibility violations detected!
[TEST] 
[TEST]       at DefaultTerminalReporter.<anonymous> (public/scripts/extensions/third-party/story-orchestrator/node_modules/axe-playwright/dist/reporter/defaultTerminalReporter.js:47:41)
[TEST] 
[TEST]     console.log
[TEST]       No accessibility violations detected!
[TEST] 
[TEST]       at DefaultTerminalReporter.<anonymous> (public/scripts/extensions/third-party/story-orchestrator/node_modules/axe-playwright/dist/reporter/defaultTerminalReporter.js:47:41)
[TEST] 
[TEST]     console.log
[TEST]       No accessibility violations detected!
[TEST] 
[TEST]       at DefaultTerminalReporter.<anonymous> (public/scripts/extensions/third-party/story-orchestrator/node_modules/axe-playwright/dist/reporter/defaultTerminalReporter.js:47:41)
[TEST] 
[TEST] PASS browser: chromium src/components/drawer/HudStrip.stories.tsx
[TEST]   ● Console
[TEST] 
[TEST]     console.log
[TEST]       No accessibility violations detected!
[TEST] 
[TEST]       at DefaultTerminalReporter.<anonymous> (public/scripts/extensions/third-party/story-orchestrator/node_modules/axe-playwright/dist/reporter/defaultTerminalReporter.js:47:41)
[TEST] 
[TEST]     console.log
[TEST]       No accessibility violations detected!
[TEST] 
[TEST]       at DefaultTerminalReporter.<anonymous> (public/scripts/extensions/third-party/story-orchestrator/node_modules/axe-playwright/dist/reporter/defaultTerminalReporter.js:47:41)
[TEST] 
[TEST]     console.log
[TEST]       No accessibility violations detected!
[TEST] 
[TEST]       at DefaultTerminalReporter.<anonymous> (public/scripts/extensions/third-party/story-orchestrator/node_modules/axe-playwright/dist/reporter/defaultTerminalReporter.js:47:41)
[TEST] 
[TEST]     console.log
[TEST]       No accessibility violations detected!
[TEST] 
[TEST]       at DefaultTerminalReporter.<anonymous> (public/scripts/extensions/third-party/story-orchestrator/node_modules/axe-playwright/dist/reporter/defaultTerminalReporter.js:47:41)
[TEST] 
[TEST]     console.log
[TEST]       No accessibility violations detected!
[TEST] 
[TEST]       at DefaultTerminalReporter.<anonymous> (public/scripts/extensions/third-party/story-orchestrator/node_modules/axe-playwright/dist/reporter/defaultTerminalReporter.js:47:41)
[TEST] 
[TEST]     console.log
[TEST]       No accessibility violations detected!
[TEST] 
[TEST]       at DefaultTerminalReporter.<anonymous> (public/scripts/extensions/third-party/story-orchestrator/node_modules/axe-playwright/dist/reporter/defaultTerminalReporter.js:47:41)
[TEST] 
[TEST] PASS browser: chromium src/studio/components/TalkControlEditor.stories.tsx
[TEST]   ● Console
[TEST] 
[TEST]     console.log
[TEST]       No accessibility violations detected!
[TEST] 
[TEST]       at DefaultTerminalReporter.<anonymous> (public/scripts/extensions/third-party/story-orchestrator/node_modules/axe-playwright/dist/reporter/defaultTerminalReporter.js:47:41)
[TEST] 
[TEST]     console.log
[TEST]       No accessibility violations detected!
[TEST] 
[TEST]       at DefaultTerminalReporter.<anonymous> (public/scripts/extensions/third-party/story-orchestrator/node_modules/axe-playwright/dist/reporter/defaultTerminalReporter.js:47:41)
[TEST] 
[TEST]     console.log
[TEST]       No accessibility violations detected!
[TEST] 
[TEST]       at DefaultTerminalReporter.<anonymous> (public/scripts/extensions/third-party/story-orchestrator/node_modules/axe-playwright/dist/reporter/defaultTerminalReporter.js:47:41)
[TEST] 
[TEST]     console.log
[TEST]       No accessibility violations detected!
[TEST] 
[TEST]       at DefaultTerminalReporter.<anonymous> (public/scripts/extensions/third-party/story-orchestrator/node_modules/axe-playwright/dist/reporter/defaultTerminalReporter.js:47:41)
[TEST] 
[TEST] PASS browser: chromium src/studio/components/RosterEditor.stories.tsx
[TEST]   ● Console
[TEST] 
[TEST]     console.log
[TEST]       No accessibility violations detected!
[TEST] 
[TEST]       at DefaultTerminalReporter.<anonymous> (public/scripts/extensions/third-party/story-orchestrator/node_modules/axe-playwright/dist/reporter/defaultTerminalReporter.js:47:41)
[TEST] 
[TEST]     console.log
[TEST]       No accessibility violations detected!
[TEST] 
[TEST]       at DefaultTerminalReporter.<anonymous> (public/scripts/extensions/third-party/story-orchestrator/node_modules/axe-playwright/dist/reporter/defaultTerminalReporter.js:47:41)
[TEST] 
[TEST]     console.log
[TEST]       No accessibility violations detected!
[TEST] 
[TEST]       at DefaultTerminalReporter.<anonymous> (public/scripts/extensions/third-party/story-orchestrator/node_modules/axe-playwright/dist/reporter/defaultTerminalReporter.js:47:41)
[TEST] 
[TEST]     console.log
[TEST]       No accessibility violations detected!
[TEST] 
[TEST]       at DefaultTerminalReporter.<anonymous> (public/scripts/extensions/third-party/story-orchestrator/node_modules/axe-playwright/dist/reporter/defaultTerminalReporter.js:47:41)
[TEST] 
[TEST]     console.log
[TEST]       No accessibility violations detected!
[TEST] 
[TEST]       at DefaultTerminalReporter.<anonymous> (public/scripts/extensions/third-party/story-orchestrator/node_modules/axe-playwright/dist/reporter/defaultTerminalReporter.js:47:41)
[TEST] 
[TEST] PASS browser: chromium src/studio/components/StudioToolbar.stories.tsx
[TEST]   ● Console
[TEST] 
[TEST]     console.log
[TEST]       No accessibility violations detected!
[TEST] 
[TEST]       at DefaultTerminalReporter.<anonymous> (public/scripts/extensions/third-party/story-orchestrator/node_modules/axe-playwright/dist/reporter/defaultTerminalReporter.js:47:41)
[TEST] 
[TEST]     console.log
[TEST]       No accessibility violations detected!
[TEST] 
[TEST]       at DefaultTerminalReporter.<anonymous> (public/scripts/extensions/third-party/story-orchestrator/node_modules/axe-playwright/dist/reporter/defaultTerminalReporter.js:47:41)
[TEST] 
[TEST]     console.log
[TEST]       No accessibility violations detected!
[TEST] 
[TEST]       at DefaultTerminalReporter.<anonymous> (public/scripts/extensions/third-party/story-orchestrator/node_modules/axe-playwright/dist/reporter/defaultTerminalReporter.js:47:41)
[TEST] 
[TEST] PASS browser: chromium src/studio/components/TransitionEditor.stories.tsx
[TEST]   ● Console
[TEST] 
[TEST]     console.log
[TEST]       No accessibility violations detected!
[TEST] 
[TEST]       at DefaultTerminalReporter.<anonymous> (public/scripts/extensions/third-party/story-orchestrator/node_modules/axe-playwright/dist/reporter/defaultTerminalReporter.js:47:41)
[TEST] 
[TEST]     console.log
[TEST]       No accessibility violations detected!
[TEST] 
[TEST]       at DefaultTerminalReporter.<anonymous> (public/scripts/extensions/third-party/story-orchestrator/node_modules/axe-playwright/dist/reporter/defaultTerminalReporter.js:47:41)
[TEST] 
[TEST]     console.log
[TEST]       No accessibility violations detected!
[TEST] 
[TEST]       at DefaultTerminalReporter.<anonymous> (public/scripts/extensions/third-party/story-orchestrator/node_modules/axe-playwright/dist/reporter/defaultTerminalReporter.js:47:41)
[TEST] 
[TEST]     console.log
[TEST]       No accessibility violations detected!
[TEST] 
[TEST]       at DefaultTerminalReporter.<anonymous> (public/scripts/extensions/third-party/story-orchestrator/node_modules/axe-playwright/dist/reporter/defaultTerminalReporter.js:47:41)
[TEST] 
[TEST] PASS browser: chromium src/studio/components/GateBuilder.stories.tsx
[TEST]   ● Console
[TEST] 
[TEST]     console.log
[TEST]       No accessibility violations detected!
[TEST] 
[TEST]       at DefaultTerminalReporter.<anonymous> (public/scripts/extensions/third-party/story-orchestrator/node_modules/axe-playwright/dist/reporter/defaultTerminalReporter.js:47:41)
[TEST] 
[TEST]     console.log
[TEST]       No accessibility violations detected!
[TEST] 
[TEST]       at DefaultTerminalReporter.<anonymous> (public/scripts/extensions/third-party/story-orchestrator/node_modules/axe-playwright/dist/reporter/defaultTerminalReporter.js:47:41)
[TEST] 
[TEST]     console.log
[TEST]       No accessibility violations detected!
[TEST] 
[TEST]       at DefaultTerminalReporter.<anonymous> (public/scripts/extensions/third-party/story-orchestrator/node_modules/axe-playwright/dist/reporter/defaultTerminalReporter.js:47:41)
[TEST] 
[TEST]     console.log
[TEST]       No accessibility violations detected!
[TEST] 
[TEST]       at DefaultTerminalReporter.<anonymous> (public/scripts/extensions/third-party/story-orchestrator/node_modules/axe-playwright/dist/reporter/defaultTerminalReporter.js:47:41)
[TEST] 
[TEST] PASS browser: chromium src/components/studio/Toolbar.stories.tsx
[TEST]   ● Console
[TEST] 
[TEST]     console.log
[TEST]       No accessibility violations detected!
[TEST] 
[TEST]       at DefaultTerminalReporter.<anonymous> (public/scripts/extensions/third-party/story-orchestrator/node_modules/axe-playwright/dist/reporter/defaultTerminalReporter.js:47:41)
[TEST] 
[TEST]     console.log
[TEST]       No accessibility violations detected!
[TEST] 
[TEST]       at DefaultTerminalReporter.<anonymous> (public/scripts/extensions/third-party/story-orchestrator/node_modules/axe-playwright/dist/reporter/defaultTerminalReporter.js:47:41)
[TEST] 
[TEST]     console.log
[TEST]       No accessibility violations detected!
[TEST] 
[TEST]       at DefaultTerminalReporter.<anonymous> (public/scripts/extensions/third-party/story-orchestrator/node_modules/axe-playwright/dist/reporter/defaultTerminalReporter.js:47:41)
[TEST] 
[TEST] PASS browser: chromium src/studio/components/WizardQuestions.stories.tsx
[TEST]   ● Console
[TEST] 
[TEST]     console.log
[TEST]       No accessibility violations detected!
[TEST] 
[TEST]       at DefaultTerminalReporter.<anonymous> (public/scripts/extensions/third-party/story-orchestrator/node_modules/axe-playwright/dist/reporter/defaultTerminalReporter.js:47:41)
[TEST] 
[TEST]     console.log
[TEST]       No accessibility violations detected!
[TEST] 
[TEST]       at DefaultTerminalReporter.<anonymous> (public/scripts/extensions/third-party/story-orchestrator/node_modules/axe-playwright/dist/reporter/defaultTerminalReporter.js:47:41)
[TEST] 
[TEST] PASS browser: chromium src/components/studio/GraphPanel.stories.tsx
[TEST]   ● Console
[TEST] 
[TEST]     console.log
[TEST]       No accessibility violations detected!
[TEST] 
[TEST]       at DefaultTerminalReporter.<anonymous> (public/scripts/extensions/third-party/story-orchestrator/node_modules/axe-playwright/dist/reporter/defaultTerminalReporter.js:47:41)
[TEST] 
[TEST]     console.log
[TEST]       No accessibility violations detected!
[TEST] 
[TEST]       at DefaultTerminalReporter.<anonymous> (public/scripts/extensions/third-party/story-orchestrator/node_modules/axe-playwright/dist/reporter/defaultTerminalReporter.js:47:41)
[TEST] 
[TEST] PASS browser: chromium src/components/studio/MultiSelect.stories.tsx
[TEST]   ● Console
[TEST] 
[TEST]     console.log
[TEST]       No accessibility violations detected!
[TEST] 
[TEST]       at DefaultTerminalReporter.<anonymous> (public/scripts/extensions/third-party/story-orchestrator/node_modules/axe-playwright/dist/reporter/defaultTerminalReporter.js:47:41)
[TEST] 
[TEST]     console.log
[TEST]       No accessibility violations detected!
[TEST] 
[TEST]       at DefaultTerminalReporter.<anonymous> (public/scripts/extensions/third-party/story-orchestrator/node_modules/axe-playwright/dist/reporter/defaultTerminalReporter.js:47:41)
[TEST] 
[TEST]     console.log
[TEST]       No accessibility violations detected!
[TEST] 
[TEST]       at DefaultTerminalReporter.<anonymous> (public/scripts/extensions/third-party/story-orchestrator/node_modules/axe-playwright/dist/reporter/defaultTerminalReporter.js:47:41)
[TEST] 
[TEST] PASS browser: chromium src/studio/components/ScopePreview.stories.tsx
[TEST]   ● Console
[TEST] 
[TEST]     console.log
[TEST]       No accessibility violations detected!
[TEST] 
[TEST]       at DefaultTerminalReporter.<anonymous> (public/scripts/extensions/third-party/story-orchestrator/node_modules/axe-playwright/dist/reporter/defaultTerminalReporter.js:47:41)
[TEST] 
[TEST]     console.log
[TEST]       No accessibility violations detected!
[TEST] 
[TEST]       at DefaultTerminalReporter.<anonymous> (public/scripts/extensions/third-party/story-orchestrator/node_modules/axe-playwright/dist/reporter/defaultTerminalReporter.js:47:41)
[TEST] 
[TEST] PASS browser: chromium src/studio/components/DiagnosticsPanel.stories.tsx
[TEST]   ● Console
[TEST] 
[TEST]     console.log
[TEST]       No accessibility violations detected!
[TEST] 
[TEST]       at DefaultTerminalReporter.<anonymous> (public/scripts/extensions/third-party/story-orchestrator/node_modules/axe-playwright/dist/reporter/defaultTerminalReporter.js:47:41)
[TEST] 
[TEST]     console.log
[TEST]       No accessibility violations detected!
[TEST] 
[TEST]       at DefaultTerminalReporter.<anonymous> (public/scripts/extensions/third-party/story-orchestrator/node_modules/axe-playwright/dist/reporter/defaultTerminalReporter.js:47:41)
[TEST] 
[TEST] PASS browser: chromium src/components/studio/FeedbackAlert.stories.tsx
[TEST]   ● Console
[TEST] 
[TEST]     console.log
[TEST]       No accessibility violations detected!
[TEST] 
[TEST]       at DefaultTerminalReporter.<anonymous> (public/scripts/extensions/third-party/story-orchestrator/node_modules/axe-playwright/dist/reporter/defaultTerminalReporter.js:47:41)
[TEST] 
[TEST]     console.log
[TEST]       No accessibility violations detected!
[TEST] 
[TEST]       at DefaultTerminalReporter.<anonymous> (public/scripts/extensions/third-party/story-orchestrator/node_modules/axe-playwright/dist/reporter/defaultTerminalReporter.js:47:41)
[TEST] 
[TEST]     console.log
[TEST]       No accessibility violations detected!
[TEST] 
[TEST]       at DefaultTerminalReporter.<anonymous> (public/scripts/extensions/third-party/story-orchestrator/node_modules/axe-playwright/dist/reporter/defaultTerminalReporter.js:47:41)
[TEST] 
[TEST] PASS browser: chromium src/studio/components/StudioGraph.stories.tsx
[TEST]   ● Console
[TEST] 
[TEST]     console.log
[TEST]       No accessibility violations detected!
[TEST] 
[TEST]       at DefaultTerminalReporter.<anonymous> (public/scripts/extensions/third-party/story-orchestrator/node_modules/axe-playwright/dist/reporter/defaultTerminalReporter.js:47:41)
[TEST] 
[TEST] PASS browser: chromium src/components/studio/HelpTooltip.stories.tsx
[TEST]   ● Console
[TEST] 
[TEST]     console.log
[TEST]       No accessibility violations detected!
[TEST] 
[TEST]       at DefaultTerminalReporter.<anonymous> (public/scripts/extensions/third-party/story-orchestrator/node_modules/axe-playwright/dist/reporter/defaultTerminalReporter.js:47:41)
[TEST] 
[TEST]     console.log
[TEST]       No accessibility violations detected!
[TEST] 
[TEST]       at DefaultTerminalReporter.<anonymous> (public/scripts/extensions/third-party/story-orchestrator/node_modules/axe-playwright/dist/reporter/defaultTerminalReporter.js:47:41)
[TEST] 
[TEST] 
[TEST] Test Suites: 31 passed, 31 total
[TEST] Tests:       188 passed, 188 total
[TEST] Snapshots:   0 total
[TEST] Time:        83.58 s
[TEST] Ran all test suites.
[TEST] wait-on -t 60000 http://127.0.0.1:6006 && npm run test-storybook exited with code 0
--> Sending SIGTERM to other processes..
[SB] npm run serve-sb exited with code 1
[clean-host] test-storybook:ci OK
[clean-host] == host record ==
[clean-host] host record: /c/dev/SillyTavern-MainBranch/public/scripts/extensions/third-party/story-orchestrator/docs/release/2.3.0/clean-host/20260923T234904Z.host.json
[clean-host] result: green
